snapshot_date,gender,collection,rank,title,category,season_tag,product_type,price,compare_at_price,on_sale,color_count,image,handle,tags
2026-07-09,W,bestsellers,1,Splendor Bra - Black,BRA/TANK,SS,Women:Bras,68.0,,False,1,,w9351rg-splendor-bra-black,b:1:Best Seller;BISCollection;BuilderDropzoneStyle:AIRBRUSH;BVCategory:Women;ChinaCatalog;Color:Black:Color;ColorGroup:Black;Content:Builder;Fabric:Airbrush;Filter:DisplaySize:1:XXS - XS;Filter:Displa
2026-07-09,W,bestsellers,2,Airbrush High-Waist Heart Throb Legging - Black/White,LEGGING,SEASONLESS,Women:Bottoms:Leggings,134.0,,False,1,,w51298r-airbrush-high-waist-heart-throb-legging-black-white,b:1:Best Seller;BIScollection;BuilderDropzoneStyle:ABRSHRISE;BVCategory:Women;ChinaCatalog;Color:Black:Color;ColorGroup:Black;Content:Builder;FA23;FA23D3-family;Filter:DisplaySize:1:XXS - XS;Filter:Di
2026-07-09,W,bestsellers,3,Accolade Straight Leg Sweatpant - Navy,BOTTOM-WARM,FW,Women:Bottoms:Sweatpants,138.0,,False,1,,u5012rg-accolade-straight-leg-sweatpant-navy,AccoladeBoostBury;b:1:Best Seller;builderdropzonestyle:FYFASL;BVCategory:Women;Color:Navy:Color;ColorGroup:Blue;Content:Builder;Filter:DisplaySize:1:XXS - XS;Filter:DisplaySize:3:Small;Filter:DisplayS
2026-07-09,W,bestsellers,4,Accolade Crew Neck Pullover - Navy,FLEECE/KNIT,FW,Women:Outerwear:Coverups:Pullovers,138.0,,False,1,,u3031rg-accolade-crew-neck-pullover-navy,AA25-PDPselects;AccoladeBoostBury;b:1:Best Seller;BVCategory:Women;Color:Navy:Color;ColorGroup:Blue;FA25-Campaign;FA25D4-family;FA25Drops-family;Filter:DisplaySize:1:XXS - XS;Filter:DisplaySize:3:Smal
2026-07-09,W,bestsellers,5,Accolade 1/4 Zip Pullover - Athletic Heather Grey,FLEECE/KNIT,FW,Women:Outerwear:Coverups:Pullovers,148.0,,False,1,,u3040rg-accolade-1-4-zip-pullover-athletic-heather-grey,AccoladeBoostBury;b:1:Best Seller;BR:unisex;BVCategory:Women;Color:Athletic Grey:Color;ColorGroup:Grey;Filter:DisplaySize:1:XXS - XS;Filter:DisplaySize:3:Small;Filter:DisplaySize:4:Medium;Filter:Displ
2026-07-09,W,bestsellers,6,Accolade Crew Neck Pullover - Summer Romance Red,FLEECE/KNIT,FW,Women:Outerwear:Coverups:Pullovers,138.0,,False,1,,u3031rg-accolade-crew-neck-pullover-summer-romance-red,AccoladeBoostBury;b:1:Best Seller;BR:unisex;builderdropzonestyle:FYFACREW;BVCategory:Women;Color:Summer Romance Red:Color;ColorGroup:Red;ColorwayType:Limited;Content:Builder;Filter:DisplaySize:1:XXS -
2026-07-09,W,bestsellers,7,Match Point Short - Black,SHORTS/SKIRT,SS,Women:Bottoms:Shorts,78.0,,False,1,,w6334r-match-point-short-black,b:1:Best Seller;BIScollection;BVCategory:Women;ChinaCatalog;Color:Black:Color;ColorGroup:Black;FA23;FA23D1-family;Filter:DisplaySize:1:XXS - XS;Filter:DisplaySize:3:Small;Filter:DisplaySize:4:Medium;F
2026-07-09,W,bestsellers,8,Performance Off-Duty Cap - Black/Black,ACC,SEASONLESS,Accessories:Hats:Caps,68.0,,False,1,,a0543u-performance-off-duty-cap-black-black,b:1:Best Seller;BIScollection;BVCategory:Accessories;ChinaCatalog;Color:Black:Color;ColorGroup:Black;Maintenance:ColorwayProduct;master-accessories-all;master-man-all;master-woman-all;not_clearance;pr
2026-07-09,W,bestsellers,9,Goddess Ribbed First Pick Bra Tank - Black/White,BRA/TANK,SS,Women:Tops:Tanks,88.0,,False,1,,w9960r-goddess-ribbed-first-pick-bra-tank-black-white,b:1:Best Seller;BVCategory:Women;Color:Black:Color;ColorGroup:Black;Fabric:Ribbed;Filter:DisplaySize:1:XXS - XS;Filter:DisplaySize:3:Small;Filter:DisplaySize:4:Medium;Filter:DisplaySize:5:L - XL;Filte
2026-07-09,W,bestsellers,10,Unisex Half-Crew Throwback Sock - White/Black,ACC,SEASONLESS,Accessories:Socks,34.0,,False,1,,a0480u-unisex-half-crew-throwback-sock-white-black,b:1:Best Seller;BVCategory:Socks;Color:White:Color;ColorGroup:White;Filter:Size:L;Filter:Size:M;Filter:Size:S;Maintenance:ColorwayProduct;master-accessories-all;master-accessories-men;master-man-all;m
2026-07-09,W,bestsellers,11,Seamless Ribbed Favorite Full Length Bra Tank - Black,BRA/TANK,SS,Women:Tops:Tanks,88.0,,False,1,,w9698r-seamless-ribbed-favorite-full-length-bra-tank-black,b:1:Best Seller;BIScollection;BVCategory:Women;ChinaCatalog;Color:Black:Color;ColorGroup:Black;FA25D1-family;FA25Drops-family;Fabric:Seamless;Filter:DisplaySize:1:XXS - XS;Filter:DisplaySize:3:Small;F
2026-07-09,W,bestsellers,12,Goddess Ribbed High-Waist First Pick Short - Azure Blue/White,SHORTS/SKIRT,SS,Women:Bottoms:Shorts,74.0,,False,1,,w6597r-goddess-ribbed-high-waist-first-pick-short-azure-blue-white,b:1:Best Seller;BVCategory:Women;Color:Azure Blue:Color;ColorGroup:Blue;ColorwayType:Limited;Fabric:Ribbed;Filter:DisplaySize:1:XXS - XS;Filter:DisplaySize:3:Small;Filter:DisplaySize:4:Medium;Filter:D
2026-07-09,W,bestsellers,13,Suit Up Trouser (Regular) - Black,ETC,UNTAGGED,Women:Bottoms:Pants,148.0,,False,1,,w51432r-suit-up-trouser-black,AA25-PDPselects;b:1:Best Seller;BuilderDropzoneStyle:SUTRSER;BVCategory:Women;ChinaCatalog;Color:Black:Color;ColorGroup:Black;Content:Builder;Filter:DisplaySize:1:XXS - XS;Filter:DisplaySize:3:Small;F
2026-07-09,W,bestsellers,14,Match Point Short - Emerald Isle,SHORTS/SKIRT,SS,Women:Bottoms:Shorts,78.0,,False,1,,w6334r-match-point-short-emerald-isle,b:1:Best Seller;b:3:New;BVCategory:Women;Color:Emerald Isle:Color;ColorGroup:Green;ColorwayType:Limited;Filter:DisplaySize:1:XXS - XS;Filter:DisplaySize:3:Small;Filter:DisplaySize:4:Medium;Filter:Disp
2026-07-09,W,bestsellers,15,Airbrush Splendor Dress - Black,LEGGING,SS,Women:One Piece:Dresses,138.0,,False,1,,w8346r-airbrush-splendor-dress-black,b:1:Best Seller;BISCollection;BuilderDropzoneStyle:AIRBRUSH;BVCategory:Women;ChinaCatalog;Color:Black:Color;ColorGroup:Black;Content:Builder;FA25D1-1-family;FA25Drops-family;Fabric:Airbrush;Filter:Dis
2026-07-09,W,bestsellers,16,Match Point Tennis Skirt - Black,SHORTS/SKIRT,SS,Women:Bottoms:Skirts,78.0,,False,1,,w6240r-match-point-tennis-skirt-black,aloversary20off;b:1:Best Seller;BIScollection;blackskirt;BVCategory:Women;ChinaCatalog;Color:Black:Color;ColorGroup:Black;Filter:DisplaySize:1:XXS - XS;Filter:DisplaySize:3:Small;Filter:DisplaySize:4:
2026-07-09,W,bestsellers,17,Goddess Ribbed First Pick Bra Tank - Azure Blue/White,BRA/TANK,SS,Women:Tops:Tanks,88.0,,False,1,,w9960r-goddess-ribbed-first-pick-bra-tank-azure-blue-white,b:1:Best Seller;BVCategory:Women;Color:Azure Blue:Color;ColorGroup:Blue;ColorwayType:Limited;Fabric:Ribbed;Filter:DisplaySize:1:XXS - XS;Filter:DisplaySize:3:Small;Filter:DisplaySize:4:Medium;Filter:D
2026-07-09,W,bestsellers,18,ALO Softsculpt Amp It Up Tennis Skirt - Emerald Isle,SHORTS/SKIRT,SS,Women:Bottoms:Skirts,98.0,,False,1,,w6604r-alo-softsculpt-amp-it-up-tennis-skirt-emerald-isle,b:1:Best Seller;b:3:New;BuilderDropzoneStyle:SOFTSCULPT;BVCategory:Women;Color:Emerald Isle:Color;ColorGroup:Green;ColorwayType:Limited;Content:Builder;Fabric:ALO Softsculpt;Filter:DisplaySize:1:XXS -
2026-07-09,W,bestsellers,19,Accolade Short - Athletic Heather Grey,SHORTS/SKIRT,SS,Women:Bottoms:Shorts,78.0,,False,1,,w6472rg-accolade-short-athletic-heather-grey,AccoladeBoostBury;b:1:Best Seller;BVCategory:Women;Color:Athletic Grey:Color;ColorGroup:Grey;Filter:DisplaySize:1:XXS - XS;Filter:DisplaySize:3:Small;Filter:DisplaySize:4:Medium;Filter:DisplaySize:5:L
2026-07-09,W,bestsellers,20,Timeless Tee - Black,SHORTS/SKIRT,SS,Women:Tops:Short Sleeves,68.0,,False,1,,w1509r-timeless-tee-black,b:1:Best Seller;BVCategory:Women;ChinaCatalog;Color:Black:Color;ColorGroup:Black;Filter:DisplaySize:1:XXS - XS;Filter:DisplaySize:3:Small;Filter:DisplaySize:4:Medium;Filter:DisplaySize:5:L - XL;Filter
2026-07-09,W,bestsellers,21,Seamless Modal Ribbed High Neck Delight Bra - Emerald Isle,BRA/TANK,SS,Women:Tops:Tanks,74.0,,False,1,,w9818r-seamless-modal-ribbed-high-neck-delight-bra-emerald-isle,b:1:Best Seller;b:3:New;BVCategory:Women;Color:Emerald Isle:Color;ColorGroup:Green;ColorwayType:Limited;Fabric:Ribbed;Filter:DisplaySize:1:XXS - XS;Filter:DisplaySize:3:Small;Filter:DisplaySize:4:Medi
2026-07-09,W,bestsellers,22,Airbrush High-Waist Heart Throb Legging - Azure Blue/White,LEGGING,SEASONLESS,Women:Bottoms:Leggings,134.0,,False,1,,w51298r-airbrush-high-waist-heart-throb-legging-azure-blue-white,b:1:Best Seller;BuilderDropzoneStyle:ABRSHRISE;BVCategory:Women;Color:Azure Blue:Color;ColorGroup:Blue;ColorwayType:Limited;Content:Builder;Fabric:Airbrush;Filter:DisplaySize:1:XXS - XS;Filter:Display
2026-07-09,W,bestsellers,23,Accolade Crew Neck Pullover - Black,FLEECE/KNIT,FW,Women:Outerwear:Coverups:Pullovers,138.0,,False,1,,u3031rg-accolade-crew-neck-pullover-black,AccoladeBoostBury;b:1:Best Seller;BR:unisex;builderdropzonestyle:FYFACREW;BVCategory:Women;Color:Black:Color;ColorGroup:Black;Content:Builder;Filter:DisplaySize:1:XXS - XS;Filter:DisplaySize:3:Small;F
2026-07-09,W,bestsellers,24,Match Point Tennis Skirt - Azure Blue,SHORTS/SKIRT,SS,Women:Bottoms:Skirts,78.0,,False,1,,w6240r-match-point-tennis-skirt-azure-blue,b:1:Best Seller;BVCategory:Women;Color:Azure Blue:Color;ColorGroup:Blue;ColorwayType:Limited;Filter:DisplaySize:1:XXS - XS;Filter:DisplaySize:3:Small;Filter:DisplaySize:4:Medium;Filter:DisplaySize:5:L
2026-07-09,W,bestsellers,25,ALO Softsculpt Feel The Heat Halter Bra - Summer Romance Red,BRA/TANK,SS,Women:Bras,78.0,,False,1,,w9950r-alo-softsculpt-feel-the-heat-halter-bra-summer-romance-red,b:1:Best Seller;BuilderDropzoneStyle:SOFTSCULPT;BVCategory:Women;Color:Summer Romance Red:Color;ColorGroup:Red;ColorwayType:Limited;Content:Builder;Fabric:ALO Softsculpt;Filter:DisplaySize:1:XXS - XS;
2026-07-09,W,bestsellers,26,Alumni Short - Black,SHORTS/SKIRT,SS,Women:Bottoms:Shorts,78.0,,False,1,,w6273r-alumni-short-black,b:1:Best Seller;BVCategory:Women;ChinaCatalog;Color:Black:Color;ColorGroup:Black;FA22D2Ultramint-family;Filter:DisplaySize:1:XXS - XS;Filter:DisplaySize:3:Small;Filter:DisplaySize:4:Medium;Filter:Disp
2026-07-09,W,bestsellers,27,Seamless Ribbed Favorite Full Length Bra Tank - White,BRA/TANK,SS,Women:Tops:Tanks,88.0,,False,1,,w9698r-seamless-ribbed-favorite-full-length-bra-tank-white,b:1:Best Seller;BVCategory:Women;Color:White:Color;ColorGroup:White;Fabric:Ribbed;Filter:DisplaySize:1:XXS - XS;Filter:DisplaySize:3:Small;Filter:DisplaySize:4:Medium;Filter:DisplaySize:5:L - XL;Filte
2026-07-09,W,bestsellers,28,Aspire Tank - Navy/White,BRA/TANK,SS,Women:Tops:Tanks,68.0,,False,1,,w2675rg-aspire-tank-navy-white,b:1:Best Seller;BVCategory:Women;ChinaCatalog;Color:Navy:Color;ColorGroup:Blue;Filter:DisplaySize:1:XXS - XS;Filter:DisplaySize:3:Small;Filter:DisplaySize:4:Medium;Filter:DisplaySize:5:L - XL;Filter:S
2026-07-09,W,bestsellers,29,Match Point Tennis Skirt - White,SHORTS/SKIRT,SS,Women:Bottoms:Skirts,78.0,,False,1,,w6240r-match-point-tennis-skirt-white,aloversary20off;b:1:Best Seller;BVCategory:Women;ChinaCatalog;Color:White:Color;ColorGroup:White;Filter:DisplaySize:1:XXS - XS;Filter:DisplaySize:3:Small;Filter:DisplaySize:4:Medium;Filter:DisplaySize
2026-07-09,W,bestsellers,30,Accolade Straight Leg Sweatpant - Black,BOTTOM-WARM,FW,Women:Bottoms:Sweatpants,138.0,,False,1,,u5012rg-accolade-straight-leg-sweatpant-black,AA25-PDPselects;AccoladeBoostBury;b:1:Best Seller;BR:unisex;builderdropzonestyle:FYFASL;builderdropzonestyle:FYFASWPT;BVCategory:Women;Color:Black:Color;ColorGroup:Black;Content:Builder;Filter:Display
2026-07-09,W,bestsellers,31,Alosoft Crop Finesse Short Sleeve - White,SHORTS/SKIRT,SS,Women:Tops:Short Sleeves,68.0,,False,1,,w1406r-alosoft-crop-finesse-short-sleeve-white,aloversary20off;b:1:Best Seller;BuilderDropzoneStyle:ALOSOFT;BVCategory:Women;ChinaCatalog;Color:White:Color;ColorGroup:White;Content:Builder;FA21D2-family;Fabric:Alosoft;Filter:DisplaySize:1:XXS - XS
2026-07-09,W,bestsellers,32,7/8 High-Waist Airlift Legging - Emerald Isle,LEGGING,SEASONLESS,Women:Bottoms:Leggings,134.0,,False,1,,w5766r-7-8-high-waist-airlift-legging-emerald-isle,b:1:Best Seller;b:3:New;BuilderDropzoneStyle:ARLTRISE;BVCategory:Women;Color:Emerald Isle:Color;ColorGroup:Green;ColorwayType:Limited;Content:Builder;Fabric:Airlift;Filter:DisplaySize:1:XXS - XS;Filte
2026-07-09,W,bestsellers,33,Airbrush Splendor Dress - Azure Blue,LEGGING,SS,Women:One Piece:Dresses,138.0,,False,1,,w8346r-airbrush-splendor-dress-azure-blue,b:1:Best Seller;BuilderDropzoneStyle:AIRBRUSH;BVCategory:Women;Color:Azure Blue:Color;ColorGroup:Blue;ColorwayType:Limited;Content:Builder;Fabric:Airbrush;Filter:DisplaySize:1:XXS - XS;Filter:DisplayS
2026-07-09,W,bestsellers,34,Accolade Short - Summer Romance Red,SHORTS/SKIRT,SS,Women:Bottoms:Shorts,78.0,,False,1,,w6472rg-accolade-short-summer-romance-red,AccoladeBoostBury;b:1:Best Seller;BVCategory:Women;Color:Summer Romance Red:Color;ColorGroup:Red;ColorwayType:Limited;Filter:DisplaySize:1:XXS - XS;Filter:DisplaySize:3:Small;Filter:DisplaySize:4:Medi
2026-07-09,W,bestsellers,35,Airbrush Heart Throb Bra - White/Black,LEGGING,SS,Women:Bras,88.0,,False,1,,w9680r-airbrush-heart-throb-bra-white-black,b:1:Best Seller;BIScollection;BuilderDropzoneStyle:AIRBRUSH;BVCategory:Women;ChinaCatalog;Color:White:Color;ColorGroup:White;Content:Builder;Fabric:Airbrush;Filter:DisplaySize:1:XXS - XS;Filter:Displa
2026-07-09,W,bestsellers,36,Cotton Real Deal Button Up Long Sleeve - White,TOP,SEASONLESS,Women:Tops:Long Sleeves,118.0,,False,1,,w3970r-cotton-real-deal-button-up-long-sleeve-white,b:1:Back in Stock;b:1:Best Seller;BIScollection;BVCategory:Women;Color:White:Color;ColorGroup:White;FA25-Campaign;FA25D1-family;FA25Drops-family;Filter:DisplaySize:1:XXS - XS;Filter:DisplaySize:3:Smal
2026-07-09,W,bestsellers,37,Match Point Short - Navy,SHORTS/SKIRT,SS,Women:Bottoms:Shorts,78.0,,False,1,,w6334r-match-point-short-navy,b:1:Best Seller;BIScollection;BVCategory:Women;ChinaCatalog;Color:Navy:Color;ColorGroup:Blue;ColorwayType:Limited;Filter:DisplaySize:1:XXS - XS;Filter:DisplaySize:3:Small;Filter:DisplaySize:4:Medium;F
2026-07-09,W,bestsellers,38,Accolade Crew Neck Pullover - Espresso,FLEECE/KNIT,FW,Women:Outerwear:Coverups:Pullovers,138.0,,False,1,,u3031rg-accolade-crew-neck-pullover-espresso,AA25-PDPselects;AccoladeBoostBury;b:1:Best Seller;BR:unisex;builderdropzonestyle:FYFACREW;BVCategory:Women;Color:Espresso:Color;ColorGroup:Brown;content:builder;FA24D7-family;Filter:DisplaySize:1:XXS 
2026-07-09,W,bestsellers,39,Accolade Short - Black,SHORTS/SKIRT,SS,Women:Bottoms:Shorts,78.0,,False,1,,w6472rg-accolade-short-black,AccoladeBoostBury;b:1:Best Seller;BVCategory:Women;Color:Black:Color;ColorGroup:Black;Filter:DisplaySize:1:XXS - XS;Filter:DisplaySize:3:Small;Filter:DisplaySize:4:Medium;Filter:DisplaySize:5:L - XL;F
2026-07-09,W,bestsellers,40,Aspire Tank - Azure Blue/White,BRA/TANK,SS,Women:Tops:Tanks,68.0,,False,1,,w2675rg-aspire-tank-azure-blue-white,b:1:Best Seller;BVCategory:Women;Color:Azure Blue:Color;ColorGroup:Blue;ColorwayType:Limited;Filter:DisplaySize:1:XXS - XS;Filter:DisplaySize:3:Small;Filter:DisplaySize:4:Medium;Filter:DisplaySize:5:L
2026-07-09,W,bestsellers,41,Match Point Short - Gravel,SHORTS/SKIRT,SS,Women:Bottoms:Shorts,78.0,,False,1,,w6334r-match-point-short-gravel,b:1:Best Seller;BVCategory:Women;ChinaCatalog;Color:Gravel:Color;ColorGroup:Beige;Filter:DisplaySize:1:XXS - XS;Filter:DisplaySize:3:Small;Filter:DisplaySize:4:Medium;Filter:DisplaySize:5:L - XL;Filte
2026-07-09,W,bestsellers,42,Double Or Nothing Tennis Skirt - Black,SHORTS/SKIRT,SS,Women:Bottoms:Skirts,88.0,,False,1,,w6574r-double-or-nothing-tennis-skirt-black,b:1:Back in Stock;b:1:Best Seller;BISCollection;BVCategory:Women;ChinaCatalog;Color:Black:Color;ColorGroup:Black;Filter:DisplaySize:1:XXS - XS;Filter:DisplaySize:3:Small;Filter:DisplaySize:4:Medium;Fi
2026-07-09,W,bestsellers,43,Suit Up Trouser (Long) - Black,ETC,UNTAGGED,Women:Bottoms:Pants,148.0,,False,1,,w54187r-suit-up-trouser-long-black,b:1:Best Seller;BuilderDropzoneStyle:SUTRSER;BVCategory:Women;ChinaCatalog;Color:Black:Color;ColorGroup:Black;Content:Builder;Filter:DisplaySize:1:XXS - XS;Filter:DisplaySize:3:Small;Filter:DisplaySiz
2026-07-09,W,bestsellers,44,Slit Bra - Azure Blue,BRA/TANK,SS,Women:Bras,78.0,,False,1,,w9218r-slit-bra-azure-blue,b:1:Best Seller;BVCategory:Women;Color:Azure Blue:Color;ColorGroup:Blue;ColorwayType:Limited;Filter:DisplaySize:1:XXS - XS;Filter:DisplaySize:3:Small;Filter:DisplaySize:4:Medium;Filter:DisplaySize:5:L
2026-07-09,W,bestsellers,45,Airlift Gingham Sleek Bra Tank - Navy Gingham,LEGGING,SS,Women:Bras,88.0,,False,1,,w9984r-airlift-gingham-sleek-bra-tank-navy-gingham,b:1:Best Seller;BuilderDropzoneStyle:AIRLIFT;BVCategory:Women;ChinaCatalog;Color:Navy Gingham:Color;ColorGroup:Blue;ColorwayType:Limited;Content:Builder;Fabric:Airlift;Filter:DisplaySize:1:XXS - XS;Fi
2026-07-09,W,bestsellers,46,Seamless Ribbed Favorite Bra Tank - Azure Blue,BRA/TANK,SS,Women:Tops:Tanks,84.0,,False,1,,w9730r-seamless-ribbed-favorite-bra-tank-azure-blue,b:1:Best Seller;BVCategory:Women;Color:Azure Blue:Color;ColorGroup:Blue;ColorwayType:Limited;Fabric:Ribbed;Filter:DisplaySize:1:XXS - XS;Filter:DisplaySize:3:Small;Filter:DisplaySize:4:Medium;Filter:D
2026-07-09,W,bestsellers,47,Airbrush Better Together Bra - Azure Blue/White,LEGGING,SS,Women:Bras,88.0,,False,1,,w9918r-airbrush-better-together-bra-azure-blue-white,b:1:Best Seller;BuilderDropzoneStyle:AIRBRUSH;BVCategory:Women;Color:Azure Blue:Color;ColorGroup:Blue;ColorwayType:Limited;Content:Builder;Fabric:Airbrush;Filter:DisplaySize:1:XXS - XS;Filter:DisplayS
2026-07-09,W,bestsellers,48,Accolade Straight Leg Sweatpant - Summer Romance Red,BOTTOM-WARM,FW,Women:Bottoms:Sweatpants,138.0,,False,1,,u5012rg-accolade-straight-leg-sweatpant-summer-romance-red,AccoladeBoostBury;b:1:Best Seller;BR:unisex;builderdropzonestyle:FYFASL;BVCategory:Women;Color:Summer Romance Red:Color;ColorGroup:Red;ColorwayType:Limited;Content:Builder;Filter:DisplaySize:1:XXS - X
2026-07-09,W,bestsellers,49,Accolade Short - Navy,SHORTS/SKIRT,SS,Women:Bottoms:Shorts,78.0,,False,1,,w6472rg-accolade-short-navy,AccoladeBoostBury;b:1:Best Seller;BVCategory:Women;Color:Navy:Color;ColorGroup:Blue;ColorwayType:Limited;Filter:DisplaySize:1:XXS - XS;Filter:DisplaySize:3:Small;Filter:DisplaySize:4:Medium;Filter:Dis
2026-07-09,W,bestsellers,50,Seamless Ribbed Favorite Bra Tank - Black,BRA/TANK,SS,Women:Tops:Tanks,84.0,,False,1,,w9616r-seamless-ribbed-favorite-bra-tank-black,b:1:Best Seller;BVCategory:Women;ChinaCatalog;Color:Black:Color;ColorGroup:Black;Content:Builder;Fabric:Seamless;Filter:DisplaySize:1:XXS - XS;Filter:DisplaySize:3:Small;Filter:DisplaySize:4:Medium;Fi
2026-07-09,M,mens-bestsellers,1,Conquer Reform Crewneck Short Sleeve - Black,SHORTS/SKIRT,SS,Men:Tops:Short Sleeves,78.0,,False,1,,m1205r-conquer-reform-crewneck-short-sleeve-black,b:1:Best Seller;BuilderDropzoneStyle:CNQR;BVCategory:Men;ChinaCatalog;Color:Black:Color;ColorGroup:Black;Content:Builder;FA24MD3-FAMILY;Fabric:Conquer;Filter:DisplaySize:3:Small;Filter:DisplaySize:4:M
2026-07-09,M,mens-bestsellers,2,"7"" Repetition Short - Black",SHORTS/SKIRT,SS,Men:Bottoms:Shorts,78.0,,False,1,,m6154r-7-repetition-short-black,b:1:Best Seller;BVCategory:Men;ChinaCatalog;Color:Black:Color;ColorGroup:Black;FA24;FA24Drops-family;Filter:DisplaySize:3:Small;Filter:DisplaySize:4:Medium;Filter:DisplaySize:5:Large;Filter:DisplaySiz
2026-07-09,M,mens-bestsellers,3,Coastline Knit Short Sleeve Polo - Ivory,SHORTS/SKIRT,SS,Men:Tops:Short Sleeves,128.0,,False,1,,m1275r-coastline-knit-short-sleeve-polo-ivory,b:1:Best Seller;BVCategory:Men;ChinaCatalog;Color:Ivory:Color;ColorGroup:White;Filter:DisplaySize:3:Small;Filter:DisplaySize:4:Medium;Filter:DisplaySize:5:Large;Filter:DisplaySize:6:XL - 2XL;Filter:Si
2026-07-09,M,mens-bestsellers,4,"7"" Coastline Knit Short - Ivory",SHORTS/SKIRT,SS,Men:Bottoms:Shorts,138.0,,False,1,,m6196r-7-coastline-knit-short-ivory,b:1:Best Seller;BVCategory:Men;ChinaCatalog;Color:Ivory:Color;ColorGroup:White;Filter:DisplaySize:3:Small;Filter:DisplaySize:4:Medium;Filter:DisplaySize:5:Large;Filter:DisplaySize:6:XL - 2XL;Filter:Si
2026-07-09,M,mens-bestsellers,5,Linen Days Short Sleeve Button Up - Bone,SHORTS/SKIRT,SS,Men:Tops:Short Sleeves,198.0,,False,1,,m1270r-linen-days-short-sleeve-button-up-bone,b:1:Best Seller;BVCategory:Men;ChinaCatalog;Color:Bone:Color;ColorGroup:Beige;Filter:DisplaySize:3:Small;Filter:DisplaySize:4:Medium;Filter:DisplaySize:5:Large;Filter:DisplaySize:6:XL - 2XL;Filter:Siz
2026-07-09,M,mens-bestsellers,6,"7"" Linen Days Short - Bone",SHORTS/SKIRT,SS,Men:Bottoms:Shorts,168.0,,False,1,,m6194r-7-linen-days-short-bone,b:1:Best Seller;BVCategory:Men;ChinaCatalog;Color:Bone:Color;ColorGroup:Beige;Filter:DisplaySize:3:Small;Filter:DisplaySize:4:Medium;Filter:DisplaySize:5:Large;Filter:DisplaySize:6:XL - 2XL;Filter:Siz
2026-07-09,M,mens-bestsellers,7,ALO Vapor Crewneck Short Sleeve - White,SHORTS/SKIRT,SS,Men:Tops:Short Sleeves,68.0,,False,1,,m1228r-alo-vapor-crewneck-short-sleeve-white,b:1:Best Seller;BuilderDropzoneStyle:VAPR;BVCategory:Men;ChinaCatalog;Color:White:Color;ColorGroup:White;Content:Builder;FA25MBridge-family;Fabric:ALO Vapor;Filter:DisplaySize:3:Small;Filter:DisplaySi
2026-07-09,M,mens-bestsellers,8,"7"" Repetition Short - Navy",SHORTS/SKIRT,SS,Men:Bottoms:Shorts,78.0,,False,1,,m6154r-7-repetition-short-navy,b:1:Best Seller;BVCategory:Men;ChinaCatalog;Color:Navy:Color;ColorGroup:Blue;FA24;FA24Drops-family;Filter:DisplaySize:3:Small;Filter:DisplaySize:4:Medium;Filter:DisplaySize:5:Large;Filter:DisplaySize:
2026-07-09,M,mens-bestsellers,9,Conquer Muscle Tank - Black,BRA/TANK,SS,Men:Tops:Tanks,68.0,,False,1,,m2066r-conquer-muscle-tank-black,b:1:Best Seller;BuilderDropzoneStyle:CNQR;BVCategory:Men;ChinaCatalog;Color:Black:Color;ColorGroup:Black;Content:Builder;FA23;FA23-ConquerTank;Fabric:Conquer;Filter:DisplaySize:3:Small;Filter:DisplayS
2026-07-09,M,mens-bestsellers,10,"5"" Adapt Running Short - Black",SHORTS/SKIRT,SS,Men:Bottoms:Shorts,78.0,,False,1,,m6097r-5-adapt-running-short-black,alobluemen-family;aloversary20off;b:1:Best Seller;BVCategory:Men;ChinaCatalog;Color:Black:Color;ColorGroup:Black;EcomVideo-Shomari;Filter:DisplaySize:3:Small;Filter:DisplaySize:4:Medium;Filter:Display
2026-07-09,M,mens-bestsellers,11,Double Take Short Sleeve - Bone,SHORTS/SKIRT,SS,Men:Tops:Short Sleeves,88.0,,False,1,,m1224r-double-take-short-sleeve-bone,b:1:Best Seller;BuilderDropzoneStyle:DBLTK;BVCategory:Men;ChinaCatalog;Color:Bone:Color;ColorGroup:Beige;Content:Builder;Fabric:Double Take;Filter:DisplaySize:3:Small;Filter:DisplaySize:4:Medium;Filte
2026-07-09,M,mens-bestsellers,12,"7"" Double Take Short - Bone",SHORTS/SKIRT,SS,Men:Bottoms:Shorts,88.0,,False,1,,m6143r-7-double-take-short-bone,b:1:Best Seller;BVCategory:Men;ChinaCatalog;Color:Bone:Color;ColorGroup:Beige;Fabric:Double Take;Filter:DisplaySize:3:Small;Filter:DisplaySize:4:Medium;Filter:DisplaySize:5:Large;Filter:DisplaySize:6:
2026-07-09,M,mens-bestsellers,13,Light Weight Takeaway Track Pullover - Navy,FLEECE/KNIT,FW,Men:Outerwear:Coverups:Pullovers,148.0,,False,1,,m3259r-light-weight-takeaway-track-pullover-navy,b:1:Best Seller;BVCategory:Men;Color:Navy:Color;ColorGroup:Blue;ColorwayType:Limited;EcomVideo-Dale;Filter:DisplaySize:3:Small;Filter:DisplaySize:4:Medium;Filter:DisplaySize:5:Large;Filter:DisplaySize
2026-07-09,M,mens-bestsellers,14,Co-Op Pant (Regular) - Navy,ETC,UNTAGGED,Men:Bottoms:Pants,138.0,,False,1,,m5144r-co-op-pant-regular-navy,b:1:Best Seller;BVCategory:Men;ChinaCatalog;Color:Navy:Color;ColorGroup:Blue;FA25Drops-family;FA25MBridge-family;Filter:DisplaySize:3:Small;Filter:DisplaySize:4:Medium;Filter:DisplaySize:5:Large;Filte
2026-07-09,M,mens-bestsellers,15,Conquer Reform Crewneck Short Sleeve - Espresso,SHORTS/SKIRT,SS,Men:Tops:Short Sleeves,78.0,,False,1,,m1205r-conquer-reform-crewneck-short-sleeve-espresso,b:1:Best Seller;BuilderDropzoneStyle:CNQR;BVCategory:Men;ChinaCatalog;Color:Espresso:Color;ColorGroup:Brown;Content:Builder;FA24MD5-family;Fabric:Conquer;Filter:DisplaySize:3:Small;Filter:DisplaySize:
2026-07-09,M,mens-bestsellers,16,"7"" Circuit Short - Espresso",SHORTS/SKIRT,SS,Men:Bottoms:Shorts,68.0,,False,1,,m6123r-7-circuit-short-espresso,b:1:Best Seller;BVCategory:Men;Color:Espresso:Color;ColorGroup:Brown;EcomVideo-Shomari;Filter:DisplaySize:3:Small;Filter:DisplaySize:4:Medium;Filter:DisplaySize:5:Large;Filter:DisplaySize:6:XL - 2XL;F
2026-07-09,M,mens-bestsellers,17,Accolade 1/4 Zip Pullover - Athletic Heather Grey,FLEECE/KNIT,FW,Men:Outerwear:Coverups:Pullovers,148.0,,False,1,,u3040rg-accolade-1-4-zip-pullover-athletic-heather-grey-mens,AccoladeBoostBury;b:1:Best Seller;BIScollection;BR:unisex;BVCategory:Men;Color:Athletic Grey:Color;ColorGroup:Grey;Filter:DisplaySize:1:XXS - XS;Filter:DisplaySize:3:Small;Filter:DisplaySize:4:Medium;
2026-07-09,M,mens-bestsellers,18,Accolade Sweatpant - Athletic Heather Grey,BOTTOM-WARM,FW,Men:Bottoms:Sweatpants,138.0,,False,1,,u5013rg-accolade-sweatpant-athletic-heather-grey-mens,AccoladeBoostBury;b:1:Best Seller;BR:unisex;BVCategory:Men;Color:Athletic Grey:Color;ColorGroup:Grey;Filter:DisplaySize:1:XXS - XS;Filter:DisplaySize:3:Small;Filter:DisplaySize:4:Medium;Filter:Display
2026-07-09,M,mens-bestsellers,19,Conquer 1/4 Zip Reform Long Sleeve - Navy,TOP,SEASONLESS,Men:Tops:Long Sleeves,108.0,,False,1,,m3193r-conquer-1-4-zip-reform-long-sleeve-navy,b:1:Best Seller;BuilderDropzoneStyle:CNQR;BVCategory:Men;ChinaCatalog;Color:Navy:Color;ColorGroup:Blue;Content:Builder;FA24MD1-family;Fabric:Conquer;Filter:DisplaySize:3:Small;Filter:DisplaySize:4:Med
2026-07-09,M,mens-bestsellers,20,"7"" Conquer React Performance Short - Navy",SHORTS/SKIRT,SS,Men:Bottoms:Shorts,68.0,,False,1,,m6131r-conquer-react-performance-short-navy,b:1:Best Seller;BIScollection;BVCategory:Men;ChinaCatalog;Color:Navy:Color;ColorGroup:Blue;ColorwayType:Limited;EcomVideo-Shomari;Fabric:Conquer;Filter:DisplaySize:3:Small;Filter:DisplaySize:4:Medium;
2026-07-09,M,mens-bestsellers,21,Double Take Short Sleeve - Black,SHORTS/SKIRT,SS,Men:Tops:Short Sleeves,88.0,,False,1,,m1224r-double-take-short-sleeve-black,b:1:Best Seller;BuilderDropzoneStyle:DBLTK;BVCategory:Men;ChinaCatalog;Color:Black:Color;ColorGroup:Black;Content:Builder;Fabric:Double Take;Filter:DisplaySize:3:Small;Filter:DisplaySize:4:Medium;Filt
2026-07-09,M,mens-bestsellers,22,Double Take Straight Leg Pant - Black,ETC,UNTAGGED,Men:Bottoms:Pants,128.0,,False,1,,m5259r-double-take-straight-leg-pant-black,b:1:Best Seller;BVCategory:Men;ChinaCatalog;Color:Black:Color;ColorGroup:Black;Fabric:Double Take;Filter:DisplaySize:3:Small;Filter:DisplaySize:4:Medium;Filter:DisplaySize:5:Large;Filter:DisplaySize:6
2026-07-09,M,mens-bestsellers,23,Triumph Tee - White,SHORTS/SKIRT,SS,Men:Tops:Short Sleeves,58.0,,False,1,,m1257r-triumph-tee-white,b:1:Best Seller;BuilderDropzoneStyle:TRMPH;BVCategory:Men;Color:White:Color;ColorGroup:White;Content:Builder;FA24;FA24Drops-family;FA24MD6-family;Fabric:Triumph;Filter:DisplaySize:3:Small;Filter:Displ
2026-07-09,M,mens-bestsellers,24,Chill Short - White Heather,SHORTS/SKIRT,SS,Men:Bottoms:Shorts,78.0,,False,1,,m6122r-chill-short-white-heather,b:1:Best Seller;BVCategory:Men;Color:White Heather:Color;ColorGroup:White;ColorwayType:Limited;Filter:DisplaySize:3:Small;Filter:DisplaySize:4:Medium;Filter:DisplaySize:5:Large;Filter:DisplaySize:6:XL
2026-07-09,M,mens-bestsellers,25,Accolade 1/4 Zip Pullover - White Heather,FLEECE/KNIT,FW,Men:Outerwear:Coverups:Pullovers,148.0,,False,1,,u3040rg-accolade-1-4-zip-pullover-white-heather-mens,AccoladeBoostBury;b:1:Best Seller;b:3:New;BR:unisex;BVCategory:Men;Color:White Heather:Color;ColorGroup:White;ColorwayType:Limited;Filter:DisplaySize:1:XXS - XS;Filter:DisplaySize:3:Small;Filter:Displ
2026-07-09,M,mens-bestsellers,26,Double Take Short Sleeve - White Heather,SHORTS/SKIRT,SS,Men:Tops:Short Sleeves,88.0,,False,1,,m1224r-double-take-short-sleeve-white-heather,b:1:Best Seller;BR:unisex;BuilderDropzoneStyle:DBLTK;BVCategory:Men;Color:White Heather:Color;ColorGroup:White;ColorwayType:Limited;Content:Builder;Fabric:Double Take;Filter:DisplaySize:3:Small;Filter
2026-07-09,M,mens-bestsellers,27,Takeaway Track Full Zip Jacket - Titanium,OUTERWEAR,FW,Men:Outerwear:Jackets,188.0,,False,1,,m3334r-takeaway-track-full-zip-jacket-titanium,b:1:Best Seller;BR:unisex;BVCategory:Men;Color:Titanium:Color;ColorGroup:Grey;ColorwayType:Limited;Filter:DisplaySize:3:Small;Filter:DisplaySize:4:Medium;Filter:DisplaySize:5:Large;Filter:DisplaySize:
2026-07-09,M,mens-bestsellers,28,Linen Days Short Sleeve Button Up - White,SHORTS/SKIRT,SS,Men:Tops:Short Sleeves,198.0,,False,1,,m1270r-linen-days-short-sleeve-button-up-white,b:1:Best Seller;BVCategory:Men;ChinaCatalog;Color:White:Color;ColorGroup:White;Filter:DisplaySize:3:Small;Filter:DisplaySize:4:Medium;Filter:DisplaySize:5:Large;Filter:DisplaySize:6:XL - 2XL;Filter:Si
2026-07-09,M,mens-bestsellers,29,Conquer Reform Crewneck Short Sleeve - Garnet,SHORTS/SKIRT,SS,Men:Tops:Short Sleeves,78.0,,False,1,,m1205r-conquer-reform-crewneck-short-sleeve-garnet,b:1:Best Seller;BuilderDropzoneStyle:CNQR;BVCategory:Men;Color:Garnet:Color;ColorGroup:Red;ColorwayType:Limited;Content:Builder;Fabric:Conquer;Filter:DisplaySize:3:Small;Filter:DisplaySize:4:Medium;Fi
2026-07-09,M,mens-bestsellers,30,"7"" Linen Days Short - White",SHORTS/SKIRT,SS,Men:Bottoms:Shorts,168.0,,False,1,,m6194r-7-linen-days-short-white,b:1:Best Seller;BVCategory:Men;ChinaCatalog;Color:White:Color;ColorGroup:White;Filter:DisplaySize:3:Small;Filter:DisplaySize:4:Medium;Filter:DisplaySize:5:Large;Filter:DisplaySize:6:XL - 2XL;Filter:Si
2026-07-09,M,mens-bestsellers,31,"7"" Linen Days Short - Black",SHORTS/SKIRT,SS,Men:Bottoms:Shorts,168.0,,False,1,,m6194r-7-linen-days-short-black,b:1:Best Seller;BVCategory:Men;ChinaCatalog;Color:Black:Color;ColorGroup:Black;Filter:DisplaySize:3:Small;Filter:DisplaySize:4:Medium;Filter:DisplaySize:5:Large;Filter:DisplaySize:6:XL - 2XL;Filter:Si
2026-07-09,M,mens-bestsellers,32,"5"" Repetition Short - Titanium",SHORTS/SKIRT,SS,Men:Bottoms:Shorts,78.0,,False,1,,m6155r-5-repetition-short-titanium,b:1:Best Seller;BVCategory:Men;ChinaCatalog;Color:Titanium:Color;ColorGroup:Grey;ColorwayType:Limited;Filter:DisplaySize:3:Small;Filter:DisplaySize:4:Medium;Filter:DisplaySize:5:Large;Filter:DisplaySi
2026-07-09,M,mens-bestsellers,33,"7"" Coastline Knit Short - Black",SHORTS/SKIRT,SS,Men:Bottoms:Shorts,138.0,,False,1,,m6196r-7-coastline-knit-short-black,b:1:Best Seller;BVCategory:Men;ChinaCatalog;Color:Black:Color;ColorGroup:Black;Filter:DisplaySize:3:Small;Filter:DisplaySize:4:Medium;Filter:DisplaySize:5:Large;Filter:DisplaySize:6:XL - 2XL;Filter:Si
2026-07-09,M,mens-bestsellers,34,ALO Vapor Crewneck Short Sleeve - Blue Breeze,SHORTS/SKIRT,SS,Men:Tops:Short Sleeves,68.0,,False,1,,m1228r-alo-vapor-crewneck-short-sleeve-blue-breeze,b:1:Best Seller;BuilderDropzoneStyle:VAPR;BVCategory:Men;ChinaCatalog;Color:Blue Breeze:Color;ColorGroup:Blue;ColorwayType:Limited;Content:Builder;Fabric:ALO Vapor;Filter:DisplaySize:3:Small;Filter:Di
2026-07-09,M,mens-bestsellers,35,Conquer Reform Long Sleeve With Hood - Garnet,TOP,SEASONLESS,Men:Tops:Long Sleeves,108.0,,False,1,,m3199r-conquer-reform-long-sleeve-with-hood-garnet,b:1:Best Seller;BuilderDropzoneStyle:CNQR;BVCategory:Men;Color:Garnet:Color;ColorGroup:Red;ColorwayType:Limited;Content:Builder;Fabric:Conquer;Filter:DisplaySize:3:Small;Filter:DisplaySize:4:Medium;Fi
2026-07-09,M,mens-bestsellers,36,Conquer Muscle Tank - Garnet,BRA/TANK,SS,Men:Tops:Tanks,68.0,,False,1,,m2066r-conquer-muscle-tank-garnet,b:1:Best Seller;BuilderDropzoneStyle:CNQR;BVCategory:Men;Color:Garnet:Color;ColorGroup:Red;ColorwayType:Limited;Content:Builder;Fabric:Conquer;Filter:DisplaySize:3:Small;Filter:DisplaySize:4:Medium;Fi
2026-07-09,M,mens-bestsellers,37,Linen Days Short Sleeve Button Up - Black,SHORTS/SKIRT,SS,Men:Tops:Short Sleeves,198.0,,False,1,,m1270r-linen-days-short-sleeve-button-up-black,b:1:Best Seller;BVCategory:Men;ChinaCatalog;Color:Black:Color;ColorGroup:Black;Filter:DisplaySize:3:Small;Filter:DisplaySize:4:Medium;Filter:DisplaySize:5:Large;Filter:DisplaySize:6:XL - 2XL;Filter:Si
2026-07-09,M,mens-bestsellers,38,Takeaway Track Full Zip Jacket - Black,OUTERWEAR,FW,Men:Outerwear:Jackets,188.0,,False,1,,m3334r-takeaway-track-full-zip-jacket-black,b:1:Best Seller;BR:unisex;BVCategory:Men;Color:Black:Color;ColorGroup:Black;Filter:DisplaySize:3:Small;Filter:DisplaySize:4:Medium;Filter:DisplaySize:5:Large;Filter:DisplaySize:6:XL - 2XL;Filter:Size:
2026-07-09,M,mens-bestsellers,39,Repetition Pant - Black,ETC,UNTAGGED,Men:Bottoms:Pants,128.0,,False,1,,m5230r-repetition-pant-black,b:1:Back in Stock;b:1:Best Seller;BISCollection;BVCategory:Men;Color:Black:Color;ColorGroup:Black;Filter:DisplaySize:3:Small;Filter:DisplaySize:4:Medium;Filter:DisplaySize:5:Large;Filter:DisplaySize:6
2026-07-09,M,mens-bestsellers,40,"7"" Double Take Short - Black",SHORTS/SKIRT,SS,Men:Bottoms:Shorts,88.0,,False,1,,m6143r-7-double-take-short-black,b:1:Best Seller;BIScollection;BVCategory:Men;ChinaCatalog;Color:Black:Color;ColorGroup:Black;Fabric:Double Take;Filter:DisplaySize:3:Small;Filter:DisplaySize:4:Medium;Filter:DisplaySize:5:Large;Filter
2026-07-09,M,mens-bestsellers,41,Conquer Reform Crewneck Short Sleeve - Navy,SHORTS/SKIRT,SS,Men:Tops:Short Sleeves,78.0,,False,1,,m1205r-conquer-reform-crewneck-short-sleeve-navy,b:1:Best Seller;BuilderDropzoneStyle:CNQR;BVCategory:Men;ChinaCatalog;Color:Navy:Color;ColorGroup:Blue;Content:Builder;FA24MD1-family;Fabric:Conquer;Filter:DisplaySize:3:Small;Filter:DisplaySize:4:Med
2026-07-09,M,mens-bestsellers,42,Off-Duty Cap - Black/Black,ACC,SEASONLESS,Accessories:Hats:Caps,64.0,,False,1,,w7112r-off-duty-cap-black-black,aloversary20off;b:1:Best Seller;BVCategory:Accessories;ChinaCatalog;Color:Black:Color;ColorGroup:Black;Maintenance:ColorWayBot_insert;Maintenance:ColorWayBot_upserted_me;Maintenance:ColorwayProduct;ma
2026-07-09,M,mens-bestsellers,43,Conquer Reform Crewneck Short Sleeve - White,SHORTS/SKIRT,SS,Men:Tops:Short Sleeves,78.0,,False,1,,m1205r-conquer-reform-crewneck-short-sleeve-white,b:1:Best Seller;BuilderDropzoneStyle:CNQR;BVCategory:Men;ChinaCatalog;Color:White:Color;ColorGroup:White;Content:Builder;FA24MD3-FAMILY;Fabric:Conquer;Filter:DisplaySize:3:Small;Filter:DisplaySize:4:M
2026-07-09,M,mens-bestsellers,44,ALO Vapor Crewneck Short Sleeve - Black,SHORTS/SKIRT,SS,Men:Tops:Short Sleeves,68.0,,False,1,,m1228r-alo-vapor-crewneck-short-sleeve-black,b:1:Best Seller;BuilderDropzoneStyle:VAPR;BVCategory:Men;ChinaCatalog;Color:Black:Color;ColorGroup:Black;Content:Builder;FA25MBridge-family;Fabric:ALO Vapor;Filter:DisplaySize:3:Small;Filter:DisplaySi
2026-07-09,M,mens-bestsellers,45,Double Take Short Sleeve - White,SHORTS/SKIRT,SS,Men:Tops:Short Sleeves,88.0,,False,1,,m1224r-double-take-short-sleeve-white,b:1:Best Seller;bis-paused;BuilderDropzoneStyle:DBLTK;BVCategory:Men;Color:White:Color;ColorGroup:White;Content:Builder;Fabric:Double Take;Filter:DisplaySize:3:Small;Filter:DisplaySize:4:Medium;Filter
2026-07-09,M,mens-bestsellers,46,Chill Short - Black,SHORTS/SKIRT,SS,Men:Bottoms:Shorts,78.0,,False,1,,m6122r-chill-short-black,b:1:Best Seller;BVCategory:Men;Color:Black:Color;ColorGroup:Black;EcomVideo-Shomari;Filter:DisplaySize:3:Small;Filter:DisplaySize:4:Medium;Filter:DisplaySize:5:Large;Filter:DisplaySize:6:XL - 2XL;Filt
2026-07-09,M,mens-bestsellers,47,Keep It Cool Gym Towel - Gravel,ACC,SEASONLESS,Accessories:Equipment:Towels,38.0,,False,1,,a0457u-keep-it-cool-gym-towel-gravel,b:1:Best Seller;BVCategory:Accessories;ChinaCatalog;Color:Gravel:Color;ColorGroup:Beige;JustDropped:New This Season;Maintenance:ColorwayProduct;master-accessories-all;master-accessories-men;master-man
2026-07-09,M,mens-bestsellers,48,Unisex Half-Crew Throwback Sock - White/Black,ACC,SEASONLESS,Accessories:Socks,34.0,,False,1,,a0480u-unisex-half-crew-throwback-sock-white-black,b:1:Best Seller;BVCategory:Socks;Color:White:Color;ColorGroup:White;Filter:Size:L;Filter:Size:M;Filter:Size:S;Maintenance:ColorwayProduct;master-accessories-all;master-accessories-men;master-man-all;m
2026-07-09,M,mens-bestsellers,49,Conquer Max Mock Neck Full Zip - Black,FLEECE/KNIT,FW,Men:Outerwear:Coverups:Pullovers,138.0,,False,1,,m3262r-conquer-max-mock-neck-full-zip-black,b:1:Best Seller;BuilderDropzoneStyle:CNQR;BVCategory:Men;ChinaCatalog;Color:Black:Color;ColorGroup:Black;Content:Builder;Fabric:Conquer;Filter:DisplaySize:3:Small;Filter:DisplaySize:4:Medium;Filter:Di
2026-07-09,M,mens-bestsellers,50,"7"" Sports Club Sweater Knit Short - Ivory",FLEECE/KNIT,FW,Men:Bottoms:Shorts,168.0,,False,1,,m6171r-7-sports-club-sweater-knit-short-ivory,b:1:Best Seller;BVCategory:Men;ChinaCatalog;Color:Ivory:Color;ColorGroup:White;Filter:DisplaySize:3:Small;Filter:DisplaySize:4:Medium;Filter:DisplaySize:5:Large;Filter:DisplaySize:6:XL - 2XL;Filter:Si
2026-07-10,W,bestsellers,1,Splendor Bra - Black,BRA/TANK,SS,Women:Bras,68.0,,False,1,https://cdn.shopify.com/s/files/1/2185/2813/files/W9351RG_01_b2_s1_a1_dSU26_m241.png?v=1778517031,w9351rg-splendor-bra-black,b:1:Best Seller;BISCollection;BuilderDropzoneStyle:AIRBRUSH;BVCategory:Women;ChinaCatalog;Color:Black:Color;ColorGroup:Black;Content:Builder;Fabric:Airbrush;Filter:DisplaySize:1:XXS - XS;Filter:Displa
2026-07-10,W,bestsellers,2,Airbrush High-Waist Heart Throb Legging - Black/White,LEGGING,SEASONLESS,Women:Bottoms:Leggings,134.0,,False,1,https://cdn.shopify.com/s/files/1/2185/2813/files/W51298R_0100_b2_s1_a1_dSP26_m210.jpg?v=1770668689,w51298r-airbrush-high-waist-heart-throb-legging-black-white,b:1:Best Seller;BIScollection;BuilderDropzoneStyle:ABRSHRISE;BVCategory:Women;ChinaCatalog;Color:Black:Color;ColorGroup:Black;Content:Builder;FA23;FA23D3-family;Filter:DisplaySize:1:XXS - XS;Filter:Di
2026-07-10,W,bestsellers,3,Accolade Straight Leg Sweatpant - Navy,BOTTOM-WARM,FW,Women:Bottoms:Sweatpants,138.0,,False,1,https://cdn.shopify.com/s/files/1/2185/2813/files/U5012RG_03842_b2_s1_a1_dSP26_m190.jpg?v=1775110605,u5012rg-accolade-straight-leg-sweatpant-navy,AccoladeBoostBury;b:1:Best Seller;builderdropzonestyle:FYFASL;BVCategory:Women;Color:Navy:Color;ColorGroup:Blue;Content:Builder;Filter:DisplaySize:1:XXS - XS;Filter:DisplaySize:3:Small;Filter:DisplayS
2026-07-10,W,bestsellers,4,Accolade Crew Neck Pullover - Navy,FLEECE/KNIT,FW,Women:Outerwear:Coverups:Pullovers,138.0,,False,1,https://cdn.shopify.com/s/files/1/2185/2813/files/U3031RG_03842_b2_s1_a1_m239_51f53490-e608-455e-ac26-2f2741d0a347.jpg?v=1770143954,u3031rg-accolade-crew-neck-pullover-navy,AA25-PDPselects;AccoladeBoostBury;b:1:Best Seller;BVCategory:Women;Color:Navy:Color;ColorGroup:Blue;FA25-Campaign;FA25D4-family;FA25Drops-family;Filter:DisplaySize:1:XXS - XS;Filter:DisplaySize:3:Smal
2026-07-10,W,bestsellers,5,Accolade 1/4 Zip Pullover - Athletic Heather Grey,FLEECE/KNIT,FW,Women:Outerwear:Coverups:Pullovers,148.0,,False,1,https://cdn.shopify.com/s/files/1/2185/2813/files/U3040RG_02910_b2_s1_a1_dSU26_m91.jpg?v=1777666153,u3040rg-accolade-1-4-zip-pullover-athletic-heather-grey,AccoladeBoostBury;b:1:Best Seller;BR:unisex;BVCategory:Women;Color:Athletic Grey:Color;ColorGroup:Grey;Filter:DisplaySize:1:XXS - XS;Filter:DisplaySize:3:Small;Filter:DisplaySize:4:Medium;Filter:Displ
2026-07-10,W,bestsellers,6,Accolade Crew Neck Pullover - Summer Romance Red,FLEECE/KNIT,FW,Women:Outerwear:Coverups:Pullovers,138.0,,False,1,https://cdn.shopify.com/s/files/1/2185/2813/files/U3031RG_07952_b2_s1_a1_dSU26_m122.png?v=1779860852,u3031rg-accolade-crew-neck-pullover-summer-romance-red,AccoladeBoostBury;b:1:Best Seller;BR:unisex;builderdropzonestyle:FYFACREW;BVCategory:Women;Color:Summer Romance Red:Color;ColorGroup:Red;ColorwayType:Limited;Content:Builder;Filter:DisplaySize:1:XXS -
2026-07-10,W,bestsellers,7,Match Point Short - Black,SHORTS/SKIRT,SS,Women:Bottoms:Shorts,78.0,,False,1,https://cdn.shopify.com/s/files/1/2185/2813/files/W6334R_01_b1_s1_a1_1_m76.jpg?v=1768261305,w6334r-match-point-short-black,b:1:Best Seller;BIScollection;BVCategory:Women;ChinaCatalog;Color:Black:Color;ColorGroup:Black;FA23;FA23D1-family;Filter:DisplaySize:1:XXS - XS;Filter:DisplaySize:3:Small;Filter:DisplaySize:4:Medium;F
2026-07-10,W,bestsellers,8,Performance Off-Duty Cap - Black/Black,ACC,SEASONLESS,Accessories:Hats:Caps,68.0,,False,1,https://cdn.shopify.com/s/files/1/2185/2813/files/A0543U_0101_b1_s1_a1.jpg?v=1747806926,a0543u-performance-off-duty-cap-black-black,b:1:Best Seller;BIScollection;BVCategory:Accessories;ChinaCatalog;Color:Black:Color;ColorGroup:Black;Maintenance:ColorwayProduct;master-accessories-all;master-man-all;master-woman-all;not_clearance;pr
2026-07-10,W,bestsellers,9,Goddess Ribbed First Pick Bra Tank - Black/White,BRA/TANK,SS,Women:Tops:Tanks,88.0,,False,1,https://cdn.shopify.com/s/files/1/2185/2813/files/W9960R_06401_b2_s1_a1_dSU26_m241.jpg?v=1782424861,w9960r-goddess-ribbed-first-pick-bra-tank-black-white,b:1:Best Seller;BVCategory:Women;Color:Black:Color;ColorGroup:Black;Fabric:Ribbed;Filter:DisplaySize:1:XXS - XS;Filter:DisplaySize:3:Small;Filter:DisplaySize:4:Medium;Filter:DisplaySize:5:L - XL;Filte
2026-07-10,W,bestsellers,10,Unisex Half-Crew Throwback Sock - White/Black,ACC,SEASONLESS,Accessories:Socks,34.0,,False,1,https://cdn.shopify.com/s/files/1/2185/2813/products/A0480U_0001_b1_a1.jpg?v=1669748933,a0480u-unisex-half-crew-throwback-sock-white-black,b:1:Best Seller;BVCategory:Socks;Color:White:Color;ColorGroup:White;Filter:Size:L;Filter:Size:M;Filter:Size:S;Maintenance:ColorwayProduct;master-accessories-all;master-accessories-men;master-man-all;m
2026-07-10,W,bestsellers,11,Seamless Ribbed Favorite Full Length Bra Tank - Black,BRA/TANK,SS,Women:Tops:Tanks,88.0,,False,1,https://cdn.shopify.com/s/files/1/2185/2813/files/W9698R_01_b2_s1_a5_m240_68cdb616-8e07-4d53-9a5b-fc61bffd7538.jpg?v=1753980289,w9698r-seamless-ribbed-favorite-full-length-bra-tank-black,b:1:Best Seller;BIScollection;BVCategory:Women;ChinaCatalog;Color:Black:Color;ColorGroup:Black;FA25D1-family;FA25Drops-family;Fabric:Seamless;Filter:DisplaySize:1:XXS - XS;Filter:DisplaySize:3:Small;F
2026-07-10,W,bestsellers,12,Goddess Ribbed High-Waist First Pick Short - Azure Blue/White,SHORTS/SKIRT,SS,Women:Bottoms:Shorts,74.0,,False,1,https://cdn.shopify.com/s/files/1/2185/2813/files/W6597R_08039_b2_s1_a1_dSU26_m143.jpg?v=1782424988,w6597r-goddess-ribbed-high-waist-first-pick-short-azure-blue-white,b:1:Best Seller;BVCategory:Women;Color:Azure Blue:Color;ColorGroup:Blue;ColorwayType:Limited;Fabric:Ribbed;Filter:DisplaySize:1:XXS - XS;Filter:DisplaySize:3:Small;Filter:DisplaySize:4:Medium;Filter:D
2026-07-10,W,bestsellers,13,Suit Up Trouser (Regular) - Black,ETC,UNTAGGED,Women:Bottoms:Pants,148.0,,False,1,https://cdn.shopify.com/s/files/1/2185/2813/files/W54187R_01_b2_s1_a1_dSU26_m270.png?v=1778515662,w51432r-suit-up-trouser-black,AA25-PDPselects;b:1:Best Seller;BuilderDropzoneStyle:SUTRSER;BVCategory:Women;ChinaCatalog;Color:Black:Color;ColorGroup:Black;Content:Builder;Filter:DisplaySize:1:XXS - XS;Filter:DisplaySize:3:Small;F
2026-07-10,W,bestsellers,14,Match Point Short - Emerald Isle,SHORTS/SKIRT,SS,Women:Bottoms:Shorts,78.0,,False,1,https://cdn.shopify.com/s/files/1/2185/2813/files/W6334R_07951_b2_s1_a1_dSU26_191.jpg?v=1782774361,w6334r-match-point-short-emerald-isle,b:1:Best Seller;b:3:New;BVCategory:Women;Color:Emerald Isle:Color;ColorGroup:Green;ColorwayType:Limited;Filter:DisplaySize:1:XXS - XS;Filter:DisplaySize:3:Small;Filter:DisplaySize:4:Medium;Filter:Disp
2026-07-10,W,bestsellers,15,Airbrush Splendor Dress - Black,LEGGING,SS,Women:One Piece:Dresses,138.0,,False,1,https://cdn.shopify.com/s/files/1/2185/2813/files/W8346R_01_b2_s1_a3_m240_aa615dd0-7a3a-4c55-89e4-442cbe33aa5f.jpg?v=1753980228,w8346r-airbrush-splendor-dress-black,b:1:Best Seller;BISCollection;BuilderDropzoneStyle:AIRBRUSH;BVCategory:Women;ChinaCatalog;Color:Black:Color;ColorGroup:Black;Content:Builder;FA25D1-1-family;FA25Drops-family;Fabric:Airbrush;Filter:Dis
2026-07-10,W,bestsellers,16,Match Point Tennis Skirt - Black,SHORTS/SKIRT,SS,Women:Bottoms:Skirts,78.0,,False,1,https://cdn.shopify.com/s/files/1/2185/2813/files/W6240R_01_b2_s1_a1_dSU26_m269.jpg?v=1779409804,w6240r-match-point-tennis-skirt-black,aloversary20off;b:1:Best Seller;BIScollection;blackskirt;BVCategory:Women;ChinaCatalog;Color:Black:Color;ColorGroup:Black;Filter:DisplaySize:1:XXS - XS;Filter:DisplaySize:3:Small;Filter:DisplaySize:4:
2026-07-10,W,bestsellers,17,Goddess Ribbed First Pick Bra Tank - Azure Blue/White,BRA/TANK,SS,Women:Tops:Tanks,88.0,,False,1,https://cdn.shopify.com/s/files/1/2185/2813/files/W9960R_08039_b2_s1_a1_dSU26_m143.jpg?v=1782424708,w9960r-goddess-ribbed-first-pick-bra-tank-azure-blue-white,b:1:Best Seller;BVCategory:Women;Color:Azure Blue:Color;ColorGroup:Blue;ColorwayType:Limited;Fabric:Ribbed;Filter:DisplaySize:1:XXS - XS;Filter:DisplaySize:3:Small;Filter:DisplaySize:4:Medium;Filter:D
2026-07-10,W,bestsellers,18,ALO Softsculpt Amp It Up Tennis Skirt - Emerald Isle,SHORTS/SKIRT,SS,Women:Bottoms:Skirts,98.0,,False,1,https://cdn.shopify.com/s/files/1/2185/2813/files/W6604R_07951_b2_s1_a2_dSU26_m191.jpg?v=1783017423,w6604r-alo-softsculpt-amp-it-up-tennis-skirt-emerald-isle,b:1:Best Seller;b:3:New;BuilderDropzoneStyle:SOFTSCULPT;BVCategory:Women;Color:Emerald Isle:Color;ColorGroup:Green;ColorwayType:Limited;Content:Builder;Fabric:ALO Softsculpt;Filter:DisplaySize:1:XXS -
2026-07-10,W,bestsellers,19,Accolade Short - Athletic Heather Grey,SHORTS/SKIRT,SS,Women:Bottoms:Shorts,78.0,,False,1,https://cdn.shopify.com/s/files/1/2185/2813/files/W6472RG_02910_b2_s1_a1_dSU26_m91.jpg?v=1777663159,w6472rg-accolade-short-athletic-heather-grey,AccoladeBoostBury;b:1:Best Seller;BVCategory:Women;Color:Athletic Grey:Color;ColorGroup:Grey;Filter:DisplaySize:1:XXS - XS;Filter:DisplaySize:3:Small;Filter:DisplaySize:4:Medium;Filter:DisplaySize:5:L
2026-07-10,W,bestsellers,20,Timeless Tee - Black,SHORTS/SKIRT,SS,Women:Tops:Short Sleeves,68.0,,False,1,https://cdn.shopify.com/s/files/1/2185/2813/files/W1509R_01_b1_s1_a3_dSU26_m191.jpg?v=1778656366,w1509r-timeless-tee-black,b:1:Best Seller;BVCategory:Women;ChinaCatalog;Color:Black:Color;ColorGroup:Black;Filter:DisplaySize:1:XXS - XS;Filter:DisplaySize:3:Small;Filter:DisplaySize:4:Medium;Filter:DisplaySize:5:L - XL;Filter
2026-07-10,W,bestsellers,21,Seamless Modal Ribbed High Neck Delight Bra - Emerald Isle,BRA/TANK,SS,Women:Tops:Tanks,74.0,,False,1,https://cdn.shopify.com/s/files/1/2185/2813/files/W9818R_07951_b2_s1_a1_dSU26_m191.jpg?v=1783020146,w9818r-seamless-modal-ribbed-high-neck-delight-bra-emerald-isle,b:1:Best Seller;b:3:New;BVCategory:Women;Color:Emerald Isle:Color;ColorGroup:Green;ColorwayType:Limited;Fabric:Ribbed;Filter:DisplaySize:1:XXS - XS;Filter:DisplaySize:3:Small;Filter:DisplaySize:4:Medi
2026-07-10,W,bestsellers,22,Airbrush High-Waist Heart Throb Legging - Azure Blue/White,LEGGING,SEASONLESS,Women:Bottoms:Leggings,134.0,,False,1,https://cdn.shopify.com/s/files/1/2185/2813/files/W51298R_08039_b2_s1_a1_dSU26_m235.png?v=1781006743,w51298r-airbrush-high-waist-heart-throb-legging-azure-blue-white,b:1:Best Seller;BuilderDropzoneStyle:ABRSHRISE;BVCategory:Women;Color:Azure Blue:Color;ColorGroup:Blue;ColorwayType:Limited;Content:Builder;Fabric:Airbrush;Filter:DisplaySize:1:XXS - XS;Filter:Display
2026-07-10,W,bestsellers,23,Accolade Crew Neck Pullover - Black,FLEECE/KNIT,FW,Women:Outerwear:Coverups:Pullovers,138.0,,False,1,https://cdn.shopify.com/s/files/1/2185/2813/files/U3031RG_01_b2_s1_a1_dSU26_m191.png?v=1780950591,u3031rg-accolade-crew-neck-pullover-black,AccoladeBoostBury;b:1:Best Seller;BR:unisex;builderdropzonestyle:FYFACREW;BVCategory:Women;Color:Black:Color;ColorGroup:Black;Content:Builder;Filter:DisplaySize:1:XXS - XS;Filter:DisplaySize:3:Small;F
2026-07-10,W,bestsellers,24,Match Point Tennis Skirt - Azure Blue,SHORTS/SKIRT,SS,Women:Bottoms:Skirts,78.0,,False,1,https://cdn.shopify.com/s/files/1/2185/2813/files/W6240R_04830_b1_s1_a2_dSU26_m241.jpg?v=1780654542,w6240r-match-point-tennis-skirt-azure-blue,b:1:Best Seller;BVCategory:Women;Color:Azure Blue:Color;ColorGroup:Blue;ColorwayType:Limited;Filter:DisplaySize:1:XXS - XS;Filter:DisplaySize:3:Small;Filter:DisplaySize:4:Medium;Filter:DisplaySize:5:L
2026-07-10,W,bestsellers,25,ALO Softsculpt Feel The Heat Halter Bra - Summer Romance Red,BRA/TANK,SS,Women:Bras,78.0,,False,1,https://cdn.shopify.com/s/files/1/2185/2813/files/W9950R_07952_b2_s1_a1_dSU26_m143.png?v=1779861513,w9950r-alo-softsculpt-feel-the-heat-halter-bra-summer-romance-red,b:1:Best Seller;BuilderDropzoneStyle:SOFTSCULPT;BVCategory:Women;Color:Summer Romance Red:Color;ColorGroup:Red;ColorwayType:Limited;Content:Builder;Fabric:ALO Softsculpt;Filter:DisplaySize:1:XXS - XS;
2026-07-10,W,bestsellers,26,Alumni Short - Black,SHORTS/SKIRT,SS,Women:Bottoms:Shorts,78.0,,False,1,https://cdn.shopify.com/s/files/1/2185/2813/files/W6273R_01_b1_s1_a1_1_m76_bd2af274-4423-4f82-a910-1646a99a7ef1.jpg?v=1740691713,w6273r-alumni-short-black,b:1:Best Seller;BVCategory:Women;ChinaCatalog;Color:Black:Color;ColorGroup:Black;FA22D2Ultramint-family;Filter:DisplaySize:1:XXS - XS;Filter:DisplaySize:3:Small;Filter:DisplaySize:4:Medium;Filter:Disp
2026-07-10,W,bestsellers,27,Seamless Ribbed Favorite Full Length Bra Tank - White,BRA/TANK,SS,Women:Tops:Tanks,88.0,,False,1,https://cdn.shopify.com/s/files/1/2185/2813/files/W9698R_05594_b1_s1_a2_dSU26_m241.jpg?v=1780656410,w9698r-seamless-ribbed-favorite-full-length-bra-tank-white,b:1:Best Seller;BVCategory:Women;Color:White:Color;ColorGroup:White;Fabric:Ribbed;Filter:DisplaySize:1:XXS - XS;Filter:DisplaySize:3:Small;Filter:DisplaySize:4:Medium;Filter:DisplaySize:5:L - XL;Filte
2026-07-10,W,bestsellers,28,Aspire Tank - Navy/White,BRA/TANK,SS,Women:Tops:Tanks,68.0,,False,1,https://cdn.shopify.com/s/files/1/2185/2813/files/W2675RG_06639_b1_s1_a2_dSP26_m246.jpg?v=1775175455,w2675rg-aspire-tank-navy-white,b:1:Best Seller;BVCategory:Women;ChinaCatalog;Color:Navy:Color;ColorGroup:Blue;Filter:DisplaySize:1:XXS - XS;Filter:DisplaySize:3:Small;Filter:DisplaySize:4:Medium;Filter:DisplaySize:5:L - XL;Filter:S
2026-07-10,W,bestsellers,29,Match Point Tennis Skirt - White,SHORTS/SKIRT,SS,Women:Bottoms:Skirts,78.0,,False,1,https://cdn.shopify.com/s/files/1/2185/2813/files/W6240R_05594_b2_s1_a1_dSP26_m54.jpg?v=1770056609,w6240r-match-point-tennis-skirt-white,aloversary20off;b:1:Best Seller;BVCategory:Women;ChinaCatalog;Color:White:Color;ColorGroup:White;Filter:DisplaySize:1:XXS - XS;Filter:DisplaySize:3:Small;Filter:DisplaySize:4:Medium;Filter:DisplaySize
2026-07-10,W,bestsellers,30,Accolade Straight Leg Sweatpant - Black,BOTTOM-WARM,FW,Women:Bottoms:Sweatpants,138.0,,False,1,https://cdn.shopify.com/s/files/1/2185/2813/files/U5012RG_01_b2_s1_a1_dWT25_m270.jpg?v=1780349208,u5012rg-accolade-straight-leg-sweatpant-black,AA25-PDPselects;AccoladeBoostBury;b:1:Best Seller;BR:unisex;builderdropzonestyle:FYFASL;builderdropzonestyle:FYFASWPT;BVCategory:Women;Color:Black:Color;ColorGroup:Black;Content:Builder;Filter:Display
2026-07-10,W,bestsellers,31,Alosoft Crop Finesse Short Sleeve - White,SHORTS/SKIRT,SS,Women:Tops:Short Sleeves,68.0,,False,1,https://cdn.shopify.com/s/files/1/2185/2813/files/W1406R_00_b2_s1_a1_dSU26_m190.jpg?v=1777664593,w1406r-alosoft-crop-finesse-short-sleeve-white,aloversary20off;b:1:Best Seller;BuilderDropzoneStyle:ALOSOFT;BVCategory:Women;ChinaCatalog;Color:White:Color;ColorGroup:White;Content:Builder;FA21D2-family;Fabric:Alosoft;Filter:DisplaySize:1:XXS - XS
2026-07-10,W,bestsellers,32,7/8 High-Waist Airlift Legging - Emerald Isle,LEGGING,SEASONLESS,Women:Bottoms:Leggings,134.0,,False,1,https://cdn.shopify.com/s/files/1/2185/2813/files/W5766R_07951_b2_s1_a2_dSU26_m191.jpg?v=1783017481,w5766r-7-8-high-waist-airlift-legging-emerald-isle,b:1:Best Seller;b:3:New;BuilderDropzoneStyle:ARLTRISE;BVCategory:Women;Color:Emerald Isle:Color;ColorGroup:Green;ColorwayType:Limited;Content:Builder;Fabric:Airlift;Filter:DisplaySize:1:XXS - XS;Filte
2026-07-10,W,bestsellers,33,Airbrush Splendor Dress - Azure Blue,LEGGING,SS,Women:One Piece:Dresses,138.0,,False,1,https://cdn.shopify.com/s/files/1/2185/2813/files/W8346R_04830_b2_s1_a1_dSU26_m269.png?v=1781007749,w8346r-airbrush-splendor-dress-azure-blue,b:1:Best Seller;BuilderDropzoneStyle:AIRBRUSH;BVCategory:Women;Color:Azure Blue:Color;ColorGroup:Blue;ColorwayType:Limited;Content:Builder;Fabric:Airbrush;Filter:DisplaySize:1:XXS - XS;Filter:DisplayS
2026-07-10,W,bestsellers,34,Accolade Short - Summer Romance Red,SHORTS/SKIRT,SS,Women:Bottoms:Shorts,78.0,,False,1,https://cdn.shopify.com/s/files/1/2185/2813/files/W6472RG_07952_b2_s1_a1_dSU26_m143.png?v=1779863171,w6472rg-accolade-short-summer-romance-red,AccoladeBoostBury;b:1:Best Seller;BVCategory:Women;Color:Summer Romance Red:Color;ColorGroup:Red;ColorwayType:Limited;Filter:DisplaySize:1:XXS - XS;Filter:DisplaySize:3:Small;Filter:DisplaySize:4:Medi
2026-07-10,W,bestsellers,35,Airbrush Heart Throb Bra - White/Black,LEGGING,SS,Women:Bras,88.0,,False,1,https://cdn.shopify.com/s/files/1/2185/2813/files/W9680R_0001_b2_s1_a1_dSU26_m18.png?v=1778516809,w9680r-airbrush-heart-throb-bra-white-black,b:1:Best Seller;BIScollection;BuilderDropzoneStyle:AIRBRUSH;BVCategory:Women;ChinaCatalog;Color:White:Color;ColorGroup:White;Content:Builder;Fabric:Airbrush;Filter:DisplaySize:1:XXS - XS;Filter:Displa
2026-07-10,W,bestsellers,36,Cotton Real Deal Button Up Long Sleeve - White,TOP,SEASONLESS,Women:Tops:Long Sleeves,118.0,,False,1,https://cdn.shopify.com/s/files/1/2185/2813/files/W3970R_00_b2_s1_a1_dSU26_m122.png?v=1778517074,w3970r-cotton-real-deal-button-up-long-sleeve-white,b:1:Back in Stock;b:1:Best Seller;BIScollection;BVCategory:Women;Color:White:Color;ColorGroup:White;FA25-Campaign;FA25D1-family;FA25Drops-family;Filter:DisplaySize:1:XXS - XS;Filter:DisplaySize:3:Smal
2026-07-10,W,bestsellers,37,Match Point Short - Navy,SHORTS/SKIRT,SS,Women:Bottoms:Shorts,78.0,,False,1,https://cdn.shopify.com/s/files/1/2185/2813/files/W6344R_03842_b2_s1_a1_dSP26_m54.jpg?v=1782250851,w6334r-match-point-short-navy,b:1:Best Seller;BIScollection;BVCategory:Women;ChinaCatalog;Color:Navy:Color;ColorGroup:Blue;ColorwayType:Limited;Filter:DisplaySize:1:XXS - XS;Filter:DisplaySize:3:Small;Filter:DisplaySize:4:Medium;F
2026-07-10,W,bestsellers,38,Accolade Crew Neck Pullover - Espresso,FLEECE/KNIT,FW,Women:Outerwear:Coverups:Pullovers,138.0,,False,1,https://cdn.shopify.com/s/files/1/2185/2813/files/U3031RG_04064_b2_s1_a1_dSU26_m190.jpg?v=1777665950,u3031rg-accolade-crew-neck-pullover-espresso,AA25-PDPselects;AccoladeBoostBury;b:1:Best Seller;BR:unisex;builderdropzonestyle:FYFACREW;BVCategory:Women;Color:Espresso:Color;ColorGroup:Brown;content:builder;FA24D7-family;Filter:DisplaySize:1:XXS 
2026-07-10,W,bestsellers,39,Accolade Short - Black,SHORTS/SKIRT,SS,Women:Bottoms:Shorts,78.0,,False,1,https://cdn.shopify.com/s/files/1/2185/2813/files/W6472RG_01_b2_s1_a1_dWT25_m265.jpg?v=1776890407,w6472rg-accolade-short-black,AccoladeBoostBury;b:1:Best Seller;BVCategory:Women;Color:Black:Color;ColorGroup:Black;Filter:DisplaySize:1:XXS - XS;Filter:DisplaySize:3:Small;Filter:DisplaySize:4:Medium;Filter:DisplaySize:5:L - XL;F
2026-07-10,W,bestsellers,40,Aspire Tank - Azure Blue/White,BRA/TANK,SS,Women:Tops:Tanks,68.0,,False,1,https://cdn.shopify.com/s/files/1/2185/2813/files/W2675RG_05594_b2_s1_a1_dSU26_m269.png?v=1781007307,w2675rg-aspire-tank-azure-blue-white,b:1:Best Seller;BVCategory:Women;Color:Azure Blue:Color;ColorGroup:Blue;ColorwayType:Limited;Filter:DisplaySize:1:XXS - XS;Filter:DisplaySize:3:Small;Filter:DisplaySize:4:Medium;Filter:DisplaySize:5:L
2026-07-10,W,bestsellers,41,Match Point Short - Gravel,SHORTS/SKIRT,SS,Women:Bottoms:Shorts,78.0,,False,1,https://cdn.shopify.com/s/files/1/2185/2813/files/W6334R_05438_b2_s1_a1_dSP26_m134.jpg?v=1772527009,w6334r-match-point-short-gravel,b:1:Best Seller;BVCategory:Women;ChinaCatalog;Color:Gravel:Color;ColorGroup:Beige;Filter:DisplaySize:1:XXS - XS;Filter:DisplaySize:3:Small;Filter:DisplaySize:4:Medium;Filter:DisplaySize:5:L - XL;Filte
2026-07-10,W,bestsellers,42,Double Or Nothing Tennis Skirt - Black,SHORTS/SKIRT,SS,Women:Bottoms:Skirts,88.0,,False,1,https://cdn.shopify.com/s/files/1/2185/2813/files/W6574R_01_b2_s1_a1_dSP26_m191.jpg?v=1771232430,w6574r-double-or-nothing-tennis-skirt-black,b:1:Back in Stock;b:1:Best Seller;BISCollection;BVCategory:Women;ChinaCatalog;Color:Black:Color;ColorGroup:Black;Filter:DisplaySize:1:XXS - XS;Filter:DisplaySize:3:Small;Filter:DisplaySize:4:Medium;Fi
2026-07-10,W,bestsellers,43,Suit Up Trouser (Long) - Black,ETC,UNTAGGED,Women:Bottoms:Pants,148.0,,False,1,https://cdn.shopify.com/s/files/1/2185/2813/files/W54187R_01_b2_s1_a1_dSP26_m242_6633269e-29a0-424b-8114-5584580ec498.jpg?v=1771882591,w54187r-suit-up-trouser-long-black,b:1:Best Seller;BuilderDropzoneStyle:SUTRSER;BVCategory:Women;ChinaCatalog;Color:Black:Color;ColorGroup:Black;Content:Builder;Filter:DisplaySize:1:XXS - XS;Filter:DisplaySize:3:Small;Filter:DisplaySiz
2026-07-10,W,bestsellers,44,Slit Bra - Azure Blue,BRA/TANK,SS,Women:Bras,78.0,,False,1,https://cdn.shopify.com/s/files/1/2185/2813/files/W9218R_04830_b2_s1_a1_dSU26_m241.png?v=1781007857,w9218r-slit-bra-azure-blue,b:1:Best Seller;BVCategory:Women;Color:Azure Blue:Color;ColorGroup:Blue;ColorwayType:Limited;Filter:DisplaySize:1:XXS - XS;Filter:DisplaySize:3:Small;Filter:DisplaySize:4:Medium;Filter:DisplaySize:5:L
2026-07-10,W,bestsellers,45,Airlift Gingham Sleek Bra Tank - Navy Gingham,LEGGING,SS,Women:Bras,88.0,,False,1,https://cdn.shopify.com/s/files/1/2185/2813/files/W9984R_08036_b2_s1_a1_dSU26_m143.png?v=1781008140,w9984r-airlift-gingham-sleek-bra-tank-navy-gingham,b:1:Best Seller;BuilderDropzoneStyle:AIRLIFT;BVCategory:Women;ChinaCatalog;Color:Navy Gingham:Color;ColorGroup:Blue;ColorwayType:Limited;Content:Builder;Fabric:Airlift;Filter:DisplaySize:1:XXS - XS;Fi
2026-07-10,W,bestsellers,46,Seamless Ribbed Favorite Bra Tank - Azure Blue,BRA/TANK,SS,Women:Tops:Tanks,84.0,,False,1,https://cdn.shopify.com/s/files/1/2185/2813/files/W9730R_04830_b1_s1_a1_dSU26_m241_27284091-af74-43fd-9b12-081eec0c4a13.jpg?v=1781545172,w9730r-seamless-ribbed-favorite-bra-tank-azure-blue,b:1:Best Seller;BVCategory:Women;Color:Azure Blue:Color;ColorGroup:Blue;ColorwayType:Limited;Fabric:Ribbed;Filter:DisplaySize:1:XXS - XS;Filter:DisplaySize:3:Small;Filter:DisplaySize:4:Medium;Filter:D
2026-07-10,W,bestsellers,47,Airbrush Better Together Bra - Azure Blue/White,LEGGING,SS,Women:Bras,88.0,,False,1,https://cdn.shopify.com/s/files/1/2185/2813/files/W9918R_08039_b2_s1_a1_dSU26_m235.png?v=1781008022,w9918r-airbrush-better-together-bra-azure-blue-white,b:1:Best Seller;BuilderDropzoneStyle:AIRBRUSH;BVCategory:Women;Color:Azure Blue:Color;ColorGroup:Blue;ColorwayType:Limited;Content:Builder;Fabric:Airbrush;Filter:DisplaySize:1:XXS - XS;Filter:DisplayS
2026-07-10,W,bestsellers,48,Accolade Straight Leg Sweatpant - Summer Romance Red,BOTTOM-WARM,FW,Women:Bottoms:Sweatpants,138.0,,False,1,https://cdn.shopify.com/s/files/1/2185/2813/files/U5012RG_07952_b1_s1_a1_dSU26_m191.jpg?v=1779686163,u5012rg-accolade-straight-leg-sweatpant-summer-romance-red,AccoladeBoostBury;b:1:Best Seller;BR:unisex;builderdropzonestyle:FYFASL;BVCategory:Women;Color:Summer Romance Red:Color;ColorGroup:Red;ColorwayType:Limited;Content:Builder;Filter:DisplaySize:1:XXS - X
2026-07-10,W,bestsellers,49,Accolade Short - Navy,SHORTS/SKIRT,SS,Women:Bottoms:Shorts,78.0,,False,1,https://cdn.shopify.com/s/files/1/2185/2813/files/W6472RG_03842_b2_s1_a1_dSU26_m191_e9584235-b300-40c9-bd81-b81c5e962a42.png?v=1779407461,w6472rg-accolade-short-navy,AccoladeBoostBury;b:1:Best Seller;BVCategory:Women;Color:Navy:Color;ColorGroup:Blue;ColorwayType:Limited;Filter:DisplaySize:1:XXS - XS;Filter:DisplaySize:3:Small;Filter:DisplaySize:4:Medium;Filter:Dis
2026-07-10,W,bestsellers,50,Seamless Ribbed Favorite Bra Tank - Black,BRA/TANK,SS,Women:Tops:Tanks,84.0,,False,1,https://cdn.shopify.com/s/files/1/2185/2813/files/W9616R_01_b2_s1_a2_m191.jpg?v=1769645810,w9616r-seamless-ribbed-favorite-bra-tank-black,b:1:Best Seller;BVCategory:Women;ChinaCatalog;Color:Black:Color;ColorGroup:Black;Content:Builder;Fabric:Seamless;Filter:DisplaySize:1:XXS - XS;Filter:DisplaySize:3:Small;Filter:DisplaySize:4:Medium;Fi
2026-07-10,M,mens-bestsellers,1,Conquer Reform Crewneck Short Sleeve - Black,SHORTS/SKIRT,SS,Men:Tops:Short Sleeves,78.0,,False,1,https://cdn.shopify.com/s/files/1/2185/2813/files/M1205R_01_b1_s1_a1_1_m180.jpg?v=1736364701,m1205r-conquer-reform-crewneck-short-sleeve-black,b:1:Best Seller;BuilderDropzoneStyle:CNQR;BVCategory:Men;ChinaCatalog;Color:Black:Color;ColorGroup:Black;Content:Builder;FA24MD3-FAMILY;Fabric:Conquer;Filter:DisplaySize:3:Small;Filter:DisplaySize:4:M
2026-07-10,M,mens-bestsellers,2,"7"" Repetition Short - Black",SHORTS/SKIRT,SS,Men:Bottoms:Shorts,78.0,,False,1,https://cdn.shopify.com/s/files/1/2185/2813/files/M6154R_01_b1_s1_a1_1_m203.jpg?v=1734054413,m6154r-7-repetition-short-black,b:1:Best Seller;BVCategory:Men;ChinaCatalog;Color:Black:Color;ColorGroup:Black;FA24;FA24Drops-family;Filter:DisplaySize:3:Small;Filter:DisplaySize:4:Medium;Filter:DisplaySize:5:Large;Filter:DisplaySiz
2026-07-10,M,mens-bestsellers,3,Coastline Knit Short Sleeve Polo - Ivory,SHORTS/SKIRT,SS,Men:Tops:Short Sleeves,128.0,,False,1,https://cdn.shopify.com/s/files/1/2185/2813/files/M1275R_03299_b2_s1_a1_dSU26_m276.jpg?v=1780924988,m1275r-coastline-knit-short-sleeve-polo-ivory,b:1:Best Seller;BVCategory:Men;ChinaCatalog;Color:Ivory:Color;ColorGroup:White;Filter:DisplaySize:3:Small;Filter:DisplaySize:4:Medium;Filter:DisplaySize:5:Large;Filter:DisplaySize:6:XL - 2XL;Filter:Si
2026-07-10,M,mens-bestsellers,4,"7"" Coastline Knit Short - Ivory",SHORTS/SKIRT,SS,Men:Bottoms:Shorts,138.0,,False,1,https://cdn.shopify.com/s/files/1/2185/2813/files/M6196R_03299_b2_s1_a1_dSU26_m276.jpg?v=1780924313,m6196r-7-coastline-knit-short-ivory,b:1:Best Seller;BVCategory:Men;ChinaCatalog;Color:Ivory:Color;ColorGroup:White;Filter:DisplaySize:3:Small;Filter:DisplaySize:4:Medium;Filter:DisplaySize:5:Large;Filter:DisplaySize:6:XL - 2XL;Filter:Si
2026-07-10,M,mens-bestsellers,5,Linen Days Short Sleeve Button Up - Bone,SHORTS/SKIRT,SS,Men:Tops:Short Sleeves,198.0,,False,1,https://cdn.shopify.com/s/files/1/2185/2813/files/M1270R_03040_b2_s1_a1_dSU26_m276.jpg?v=1780925077,m1270r-linen-days-short-sleeve-button-up-bone,b:1:Best Seller;BVCategory:Men;ChinaCatalog;Color:Bone:Color;ColorGroup:Beige;Filter:DisplaySize:3:Small;Filter:DisplaySize:4:Medium;Filter:DisplaySize:5:Large;Filter:DisplaySize:6:XL - 2XL;Filter:Siz
2026-07-10,M,mens-bestsellers,6,"7"" Linen Days Short - Bone",SHORTS/SKIRT,SS,Men:Bottoms:Shorts,168.0,,False,1,https://cdn.shopify.com/s/files/1/2185/2813/files/M6194R_03040_b1_s1_a1_dSU26_m214.jpg?v=1779879527,m6194r-7-linen-days-short-bone,b:1:Best Seller;BVCategory:Men;ChinaCatalog;Color:Bone:Color;ColorGroup:Beige;Filter:DisplaySize:3:Small;Filter:DisplaySize:4:Medium;Filter:DisplaySize:5:Large;Filter:DisplaySize:6:XL - 2XL;Filter:Siz
2026-07-10,M,mens-bestsellers,7,ALO Vapor Crewneck Short Sleeve - White,SHORTS/SKIRT,SS,Men:Tops:Short Sleeves,68.0,,False,1,https://cdn.shopify.com/s/files/1/2185/2813/files/M1228R_00_b2_s1_a1_dSU26_m257.jpg?v=1777661502,m1228r-alo-vapor-crewneck-short-sleeve-white,b:1:Best Seller;BuilderDropzoneStyle:VAPR;BVCategory:Men;ChinaCatalog;Color:White:Color;ColorGroup:White;Content:Builder;FA25MBridge-family;Fabric:ALO Vapor;Filter:DisplaySize:3:Small;Filter:DisplaySi
2026-07-10,M,mens-bestsellers,8,"7"" Repetition Short - Navy",SHORTS/SKIRT,SS,Men:Bottoms:Shorts,78.0,,False,1,https://cdn.shopify.com/s/files/1/2185/2813/files/M6154R_03842_b2_s1_a1_dSU26_m257.jpg?v=1777661145,m6154r-7-repetition-short-navy,b:1:Best Seller;BVCategory:Men;ChinaCatalog;Color:Navy:Color;ColorGroup:Blue;FA24;FA24Drops-family;Filter:DisplaySize:3:Small;Filter:DisplaySize:4:Medium;Filter:DisplaySize:5:Large;Filter:DisplaySize:
2026-07-10,M,mens-bestsellers,9,Conquer Muscle Tank - Black,BRA/TANK,SS,Men:Tops:Tanks,68.0,,False,1,https://cdn.shopify.com/s/files/1/2185/2813/files/M2066R_01_b1_s1_a5_dSP26_m243.jpg?v=1774385765,m2066r-conquer-muscle-tank-black,b:1:Best Seller;BuilderDropzoneStyle:CNQR;BVCategory:Men;ChinaCatalog;Color:Black:Color;ColorGroup:Black;Content:Builder;FA23;FA23-ConquerTank;Fabric:Conquer;Filter:DisplaySize:3:Small;Filter:DisplayS
2026-07-10,M,mens-bestsellers,10,"5"" Adapt Running Short - Black",SHORTS/SKIRT,SS,Men:Bottoms:Shorts,78.0,,False,1,https://cdn.shopify.com/s/files/1/2185/2813/files/M6141R_01_b1_s1_a1_dSP26_m243.jpg?v=1774389938,m6097r-5-adapt-running-short-black,alobluemen-family;aloversary20off;b:1:Best Seller;BVCategory:Men;ChinaCatalog;Color:Black:Color;ColorGroup:Black;EcomVideo-Shomari;Filter:DisplaySize:3:Small;Filter:DisplaySize:4:Medium;Filter:Display
2026-07-10,M,mens-bestsellers,11,Double Take Short Sleeve - Bone,SHORTS/SKIRT,SS,Men:Tops:Short Sleeves,88.0,,False,1,https://cdn.shopify.com/s/files/1/2185/2813/files/M1224R_03040_b1_s1_a2_1_m221.jpg?v=1759331778,m1224r-double-take-short-sleeve-bone,b:1:Best Seller;BuilderDropzoneStyle:DBLTK;BVCategory:Men;ChinaCatalog;Color:Bone:Color;ColorGroup:Beige;Content:Builder;Fabric:Double Take;Filter:DisplaySize:3:Small;Filter:DisplaySize:4:Medium;Filte
2026-07-10,M,mens-bestsellers,12,"7"" Double Take Short - Bone",SHORTS/SKIRT,SS,Men:Bottoms:Shorts,88.0,,False,1,https://cdn.shopify.com/s/files/1/2185/2813/files/M6143R_03040_b1_s1_a1_1_m243.jpg?v=1746630480,m6143r-7-double-take-short-bone,b:1:Best Seller;BVCategory:Men;ChinaCatalog;Color:Bone:Color;ColorGroup:Beige;Fabric:Double Take;Filter:DisplaySize:3:Small;Filter:DisplaySize:4:Medium;Filter:DisplaySize:5:Large;Filter:DisplaySize:6:
2026-07-10,M,mens-bestsellers,13,Light Weight Takeaway Track Pullover - Navy,FLEECE/KNIT,FW,Men:Outerwear:Coverups:Pullovers,148.0,,False,1,https://cdn.shopify.com/s/files/1/2185/2813/files/M3259R_03842_b1_s1_a4_dSP26_m257.jpg?v=1775587153,m3259r-light-weight-takeaway-track-pullover-navy,b:1:Best Seller;BVCategory:Men;Color:Navy:Color;ColorGroup:Blue;ColorwayType:Limited;EcomVideo-Dale;Filter:DisplaySize:3:Small;Filter:DisplaySize:4:Medium;Filter:DisplaySize:5:Large;Filter:DisplaySize
2026-07-10,M,mens-bestsellers,14,Co-Op Pant (Regular) - Navy,ETC,UNTAGGED,Men:Bottoms:Pants,138.0,,False,1,https://cdn.shopify.com/s/files/1/2185/2813/files/M5144R_03842_b1_s1_a2_m253.jpg?v=1754696433,m5144r-co-op-pant-regular-navy,b:1:Best Seller;BVCategory:Men;ChinaCatalog;Color:Navy:Color;ColorGroup:Blue;FA25Drops-family;FA25MBridge-family;Filter:DisplaySize:3:Small;Filter:DisplaySize:4:Medium;Filter:DisplaySize:5:Large;Filte
2026-07-10,M,mens-bestsellers,15,Conquer Reform Crewneck Short Sleeve - Espresso,SHORTS/SKIRT,SS,Men:Tops:Short Sleeves,78.0,,False,1,https://cdn.shopify.com/s/files/1/2185/2813/files/M1205R_04064_b2_s1_a1_m275.png?v=1782497506,m1205r-conquer-reform-crewneck-short-sleeve-espresso,b:1:Best Seller;BuilderDropzoneStyle:CNQR;BVCategory:Men;ChinaCatalog;Color:Espresso:Color;ColorGroup:Brown;Content:Builder;FA24MD5-family;Fabric:Conquer;Filter:DisplaySize:3:Small;Filter:DisplaySize:
2026-07-10,M,mens-bestsellers,16,"7"" Circuit Short - Espresso",SHORTS/SKIRT,SS,Men:Bottoms:Shorts,68.0,,False,1,https://cdn.shopify.com/s/files/1/2185/2813/files/M6123R_04064_b2_s1_a1_dSU26_m257.jpg?v=1777694577,m6123r-7-circuit-short-espresso,b:1:Best Seller;BVCategory:Men;Color:Espresso:Color;ColorGroup:Brown;EcomVideo-Shomari;Filter:DisplaySize:3:Small;Filter:DisplaySize:4:Medium;Filter:DisplaySize:5:Large;Filter:DisplaySize:6:XL - 2XL;F
2026-07-10,M,mens-bestsellers,17,Accolade 1/4 Zip Pullover - Athletic Heather Grey,FLEECE/KNIT,FW,Men:Outerwear:Coverups:Pullovers,148.0,,False,1,https://cdn.shopify.com/s/files/1/2185/2813/files/U3040RG_06501_b1_s1_a5_dSP26_m243.jpg?v=1775179606,u3040rg-accolade-1-4-zip-pullover-athletic-heather-grey-mens,AccoladeBoostBury;b:1:Best Seller;BIScollection;BR:unisex;BVCategory:Men;Color:Athletic Grey:Color;ColorGroup:Grey;Filter:DisplaySize:1:XXS - XS;Filter:DisplaySize:3:Small;Filter:DisplaySize:4:Medium;
2026-07-10,M,mens-bestsellers,18,Accolade Sweatpant - Athletic Heather Grey,BOTTOM-WARM,FW,Men:Bottoms:Sweatpants,138.0,,False,1,https://cdn.shopify.com/s/files/1/2185/2813/files/U5013RG_06501_b1_s1_a1_dSP26_m243.jpg?v=1775179670,u5013rg-accolade-sweatpant-athletic-heather-grey-mens,AccoladeBoostBury;b:1:Best Seller;BR:unisex;BVCategory:Men;Color:Athletic Grey:Color;ColorGroup:Grey;Filter:DisplaySize:1:XXS - XS;Filter:DisplaySize:3:Small;Filter:DisplaySize:4:Medium;Filter:Display
2026-07-10,M,mens-bestsellers,19,Conquer 1/4 Zip Reform Long Sleeve - Navy,TOP,SEASONLESS,Men:Tops:Long Sleeves,108.0,,False,1,https://cdn.shopify.com/s/files/1/2185/2813/files/M3193R_03842_b1_s1_a1_m263.jpg?v=1762563261,m3193r-conquer-1-4-zip-reform-long-sleeve-navy,b:1:Best Seller;BuilderDropzoneStyle:CNQR;BVCategory:Men;ChinaCatalog;Color:Navy:Color;ColorGroup:Blue;Content:Builder;FA24MD1-family;Fabric:Conquer;Filter:DisplaySize:3:Small;Filter:DisplaySize:4:Med
2026-07-10,M,mens-bestsellers,20,"7"" Conquer React Performance Short - Navy",SHORTS/SKIRT,SS,Men:Bottoms:Shorts,68.0,,False,1,https://cdn.shopify.com/s/files/1/2185/2813/files/M6131R_03842_b2_s1_a1_dSU26_m243.png?v=1778517491,m6131r-conquer-react-performance-short-navy,b:1:Best Seller;BIScollection;BVCategory:Men;ChinaCatalog;Color:Navy:Color;ColorGroup:Blue;ColorwayType:Limited;EcomVideo-Shomari;Fabric:Conquer;Filter:DisplaySize:3:Small;Filter:DisplaySize:4:Medium;
2026-07-10,M,mens-bestsellers,21,Double Take Short Sleeve - Black,SHORTS/SKIRT,SS,Men:Tops:Short Sleeves,88.0,,False,1,https://cdn.shopify.com/s/files/1/2185/2813/files/M1224R_01_b1_s1_a4_dSU26_m245.jpg?v=1773246432,m1224r-double-take-short-sleeve-black,b:1:Best Seller;BuilderDropzoneStyle:DBLTK;BVCategory:Men;ChinaCatalog;Color:Black:Color;ColorGroup:Black;Content:Builder;Fabric:Double Take;Filter:DisplaySize:3:Small;Filter:DisplaySize:4:Medium;Filt
2026-07-10,M,mens-bestsellers,22,Double Take Straight Leg Pant - Black,ETC,UNTAGGED,Men:Bottoms:Pants,128.0,,False,1,https://cdn.shopify.com/s/files/1/2185/2813/files/M5259R_01_b1_s1_a1_dSP26_m243.jpg?v=1769503610,m5259r-double-take-straight-leg-pant-black,b:1:Best Seller;BVCategory:Men;ChinaCatalog;Color:Black:Color;ColorGroup:Black;Fabric:Double Take;Filter:DisplaySize:3:Small;Filter:DisplaySize:4:Medium;Filter:DisplaySize:5:Large;Filter:DisplaySize:6
2026-07-10,M,mens-bestsellers,23,Triumph Tee - White,SHORTS/SKIRT,SS,Men:Tops:Short Sleeves,58.0,,False,1,https://cdn.shopify.com/s/files/1/2185/2813/files/M1257R_00_b1_s1_a1_dSP26_m243_6115740f-9fb9-4c99-b74c-e46add1eb26d.jpg?v=1775244567,m1257r-triumph-tee-white,b:1:Best Seller;BuilderDropzoneStyle:TRMPH;BVCategory:Men;Color:White:Color;ColorGroup:White;Content:Builder;FA24;FA24Drops-family;FA24MD6-family;Fabric:Triumph;Filter:DisplaySize:3:Small;Filter:Displ
2026-07-10,M,mens-bestsellers,24,Chill Short - White Heather,SHORTS/SKIRT,SS,Men:Bottoms:Shorts,78.0,,False,1,https://cdn.shopify.com/s/files/1/2185/2813/files/M6122R_10060_b2_s1_a1_dSU26_m243.jpg?v=1779205047,m6122r-chill-short-white-heather,b:1:Best Seller;BVCategory:Men;Color:White Heather:Color;ColorGroup:White;ColorwayType:Limited;Filter:DisplaySize:3:Small;Filter:DisplaySize:4:Medium;Filter:DisplaySize:5:Large;Filter:DisplaySize:6:XL
2026-07-10,M,mens-bestsellers,25,Accolade 1/4 Zip Pullover - White Heather,FLEECE/KNIT,FW,Men:Outerwear:Coverups:Pullovers,148.0,,False,1,https://cdn.shopify.com/s/files/1/2185/2813/files/U3040RG_10060_b1_s1_a6_dSU26_m245_99a89190-24fb-44c4-9d66-f23005e3fa3f.jpg?v=1783398250,u3040rg-accolade-1-4-zip-pullover-white-heather-mens,AccoladeBoostBury;b:1:Best Seller;b:3:New;BR:unisex;BVCategory:Men;Color:White Heather:Color;ColorGroup:White;ColorwayType:Limited;Filter:DisplaySize:1:XXS - XS;Filter:DisplaySize:3:Small;Filter:Displ
2026-07-10,M,mens-bestsellers,26,Double Take Short Sleeve - White Heather,SHORTS/SKIRT,SS,Men:Tops:Short Sleeves,88.0,,False,1,https://cdn.shopify.com/s/files/1/2185/2813/files/M1224R_10060_b1_s1_a1_dSU26_m245_jpg.png?v=1778271493,m1224r-double-take-short-sleeve-white-heather,b:1:Best Seller;BR:unisex;BuilderDropzoneStyle:DBLTK;BVCategory:Men;Color:White Heather:Color;ColorGroup:White;ColorwayType:Limited;Content:Builder;Fabric:Double Take;Filter:DisplaySize:3:Small;Filter
2026-07-10,M,mens-bestsellers,27,Takeaway Track Full Zip Jacket - Titanium,OUTERWEAR,FW,Men:Outerwear:Jackets,188.0,,False,1,https://cdn.shopify.com/s/files/1/2185/2813/files/M3334R_01320_b2_s1_a1_dSU26_m275.png?v=1778242791,m3334r-takeaway-track-full-zip-jacket-titanium,b:1:Best Seller;BR:unisex;BVCategory:Men;Color:Titanium:Color;ColorGroup:Grey;ColorwayType:Limited;Filter:DisplaySize:3:Small;Filter:DisplaySize:4:Medium;Filter:DisplaySize:5:Large;Filter:DisplaySize:
2026-07-10,M,mens-bestsellers,28,Linen Days Short Sleeve Button Up - White,SHORTS/SKIRT,SS,Men:Tops:Short Sleeves,198.0,,False,1,https://cdn.shopify.com/s/files/1/2185/2813/files/M1270R_05594_b1_s1_a4_dSU26_m214.jpg?v=1779878517,m1270r-linen-days-short-sleeve-button-up-white,b:1:Best Seller;BVCategory:Men;ChinaCatalog;Color:White:Color;ColorGroup:White;Filter:DisplaySize:3:Small;Filter:DisplaySize:4:Medium;Filter:DisplaySize:5:Large;Filter:DisplaySize:6:XL - 2XL;Filter:Si
2026-07-10,M,mens-bestsellers,29,Conquer Reform Crewneck Short Sleeve - Garnet,SHORTS/SKIRT,SS,Men:Tops:Short Sleeves,78.0,,False,1,https://cdn.shopify.com/s/files/1/2185/2813/files/M1205R_07949_b2_s1_a1_dSU26_m276.jpg?v=1780925145,m1205r-conquer-reform-crewneck-short-sleeve-garnet,b:1:Best Seller;BuilderDropzoneStyle:CNQR;BVCategory:Men;Color:Garnet:Color;ColorGroup:Red;ColorwayType:Limited;Content:Builder;Fabric:Conquer;Filter:DisplaySize:3:Small;Filter:DisplaySize:4:Medium;Fi
2026-07-10,M,mens-bestsellers,30,"7"" Linen Days Short - White",SHORTS/SKIRT,SS,Men:Bottoms:Shorts,168.0,,False,1,https://cdn.shopify.com/s/files/1/2185/2813/files/M6194R_05594_b1_s1_a1_dSU26_m214.jpg?v=1779879557,m6194r-7-linen-days-short-white,b:1:Best Seller;BVCategory:Men;ChinaCatalog;Color:White:Color;ColorGroup:White;Filter:DisplaySize:3:Small;Filter:DisplaySize:4:Medium;Filter:DisplaySize:5:Large;Filter:DisplaySize:6:XL - 2XL;Filter:Si
2026-07-10,M,mens-bestsellers,31,"7"" Linen Days Short - Black",SHORTS/SKIRT,SS,Men:Bottoms:Shorts,168.0,,False,1,https://cdn.shopify.com/s/files/1/2185/2813/files/M6194R_01_b1_s1_a3_dSU26_m245.jpg?v=1779879515,m6194r-7-linen-days-short-black,b:1:Best Seller;BVCategory:Men;ChinaCatalog;Color:Black:Color;ColorGroup:Black;Filter:DisplaySize:3:Small;Filter:DisplaySize:4:Medium;Filter:DisplaySize:5:Large;Filter:DisplaySize:6:XL - 2XL;Filter:Si
2026-07-10,M,mens-bestsellers,32,"5"" Repetition Short - Titanium",SHORTS/SKIRT,SS,Men:Bottoms:Shorts,78.0,,False,1,https://cdn.shopify.com/s/files/1/2185/2813/files/M6155R_01320_b1_s1_a1_dSU26_m274.jpg?v=1778235654,m6155r-5-repetition-short-titanium,b:1:Best Seller;BVCategory:Men;ChinaCatalog;Color:Titanium:Color;ColorGroup:Grey;ColorwayType:Limited;Filter:DisplaySize:3:Small;Filter:DisplaySize:4:Medium;Filter:DisplaySize:5:Large;Filter:DisplaySi
2026-07-10,M,mens-bestsellers,33,"7"" Coastline Knit Short - Black",SHORTS/SKIRT,SS,Men:Bottoms:Shorts,138.0,,False,1,https://cdn.shopify.com/s/files/1/2185/2813/files/M6196R_01_b2_s1_a1_dSU26_m276.jpg?v=1780943916,m6196r-7-coastline-knit-short-black,b:1:Best Seller;BVCategory:Men;ChinaCatalog;Color:Black:Color;ColorGroup:Black;Filter:DisplaySize:3:Small;Filter:DisplaySize:4:Medium;Filter:DisplaySize:5:Large;Filter:DisplaySize:6:XL - 2XL;Filter:Si
2026-07-10,M,mens-bestsellers,34,ALO Vapor Crewneck Short Sleeve - Blue Breeze,SHORTS/SKIRT,SS,Men:Tops:Short Sleeves,68.0,,False,1,https://cdn.shopify.com/s/files/1/2185/2813/files/M1228R_07948_b2_s1_a1_dSU26_m243.png?v=1778242176,m1228r-alo-vapor-crewneck-short-sleeve-blue-breeze,b:1:Best Seller;BuilderDropzoneStyle:VAPR;BVCategory:Men;ChinaCatalog;Color:Blue Breeze:Color;ColorGroup:Blue;ColorwayType:Limited;Content:Builder;Fabric:ALO Vapor;Filter:DisplaySize:3:Small;Filter:Di
2026-07-10,M,mens-bestsellers,35,Conquer Reform Long Sleeve With Hood - Garnet,TOP,SEASONLESS,Men:Tops:Long Sleeves,108.0,,False,1,https://cdn.shopify.com/s/files/1/2185/2813/files/M3199R_07949_b2_s1_a1_dSU26_m275.jpg?v=1780924861,m3199r-conquer-reform-long-sleeve-with-hood-garnet,b:1:Best Seller;BuilderDropzoneStyle:CNQR;BVCategory:Men;Color:Garnet:Color;ColorGroup:Red;ColorwayType:Limited;Content:Builder;Fabric:Conquer;Filter:DisplaySize:3:Small;Filter:DisplaySize:4:Medium;Fi
2026-07-10,M,mens-bestsellers,36,Conquer Muscle Tank - Garnet,BRA/TANK,SS,Men:Tops:Tanks,68.0,,False,1,https://cdn.shopify.com/s/files/1/2185/2813/files/M2066R_07949_b2_s1_a1_dSU26_m276.jpg?v=1780924895,m2066r-conquer-muscle-tank-garnet,b:1:Best Seller;BuilderDropzoneStyle:CNQR;BVCategory:Men;Color:Garnet:Color;ColorGroup:Red;ColorwayType:Limited;Content:Builder;Fabric:Conquer;Filter:DisplaySize:3:Small;Filter:DisplaySize:4:Medium;Fi
2026-07-10,M,mens-bestsellers,37,Linen Days Short Sleeve Button Up - Black,SHORTS/SKIRT,SS,Men:Tops:Short Sleeves,198.0,,False,1,https://cdn.shopify.com/s/files/1/2185/2813/files/M1270R_01_b2_s1_a1_dSU26_m276.jpg?v=1780925114,m1270r-linen-days-short-sleeve-button-up-black,b:1:Best Seller;BVCategory:Men;ChinaCatalog;Color:Black:Color;ColorGroup:Black;Filter:DisplaySize:3:Small;Filter:DisplaySize:4:Medium;Filter:DisplaySize:5:Large;Filter:DisplaySize:6:XL - 2XL;Filter:Si
2026-07-10,M,mens-bestsellers,38,Takeaway Track Full Zip Jacket - Black,OUTERWEAR,FW,Men:Outerwear:Jackets,188.0,,False,1,https://cdn.shopify.com/s/files/1/2185/2813/files/M3334R_01_b2_s1_a1_dSU26_m243.png?v=1778242657,m3334r-takeaway-track-full-zip-jacket-black,b:1:Best Seller;BR:unisex;BVCategory:Men;Color:Black:Color;ColorGroup:Black;Filter:DisplaySize:3:Small;Filter:DisplaySize:4:Medium;Filter:DisplaySize:5:Large;Filter:DisplaySize:6:XL - 2XL;Filter:Size:
2026-07-10,M,mens-bestsellers,39,Repetition Pant - Black,ETC,UNTAGGED,Men:Bottoms:Pants,128.0,,False,1,https://cdn.shopify.com/s/files/1/2185/2813/files/M5230R_01_b2_s1_a1_dSU26_m257.jpg?v=1777660630,m5230r-repetition-pant-black,b:1:Back in Stock;b:1:Best Seller;BISCollection;BVCategory:Men;Color:Black:Color;ColorGroup:Black;Filter:DisplaySize:3:Small;Filter:DisplaySize:4:Medium;Filter:DisplaySize:5:Large;Filter:DisplaySize:6
2026-07-10,M,mens-bestsellers,40,"7"" Double Take Short - Black",SHORTS/SKIRT,SS,Men:Bottoms:Shorts,88.0,,False,1,https://cdn.shopify.com/s/files/1/2185/2813/files/M6143R_01_b2_s1_a2_1_m245.jpg?v=1756316493,m6143r-7-double-take-short-black,b:1:Best Seller;BIScollection;BVCategory:Men;ChinaCatalog;Color:Black:Color;ColorGroup:Black;Fabric:Double Take;Filter:DisplaySize:3:Small;Filter:DisplaySize:4:Medium;Filter:DisplaySize:5:Large;Filter
2026-07-10,M,mens-bestsellers,41,Conquer Reform Crewneck Short Sleeve - Navy,SHORTS/SKIRT,SS,Men:Tops:Short Sleeves,78.0,,False,1,https://cdn.shopify.com/s/files/1/2185/2813/files/M1205R_03842_b2_s1_a1_1_m214.jpg?v=1761533071,m1205r-conquer-reform-crewneck-short-sleeve-navy,b:1:Best Seller;BuilderDropzoneStyle:CNQR;BVCategory:Men;ChinaCatalog;Color:Navy:Color;ColorGroup:Blue;Content:Builder;FA24MD1-family;Fabric:Conquer;Filter:DisplaySize:3:Small;Filter:DisplaySize:4:Med
2026-07-10,M,mens-bestsellers,42,Off-Duty Cap - Black/Black,ACC,SEASONLESS,Accessories:Hats:Caps,64.0,,False,1,https://cdn.shopify.com/s/files/1/2185/2813/products/W7112R_0101_b1_a1.jpg?v=1672871437,w7112r-off-duty-cap-black-black,aloversary20off;b:1:Best Seller;BVCategory:Accessories;ChinaCatalog;Color:Black:Color;ColorGroup:Black;Maintenance:ColorWayBot_insert;Maintenance:ColorWayBot_upserted_me;Maintenance:ColorwayProduct;ma
2026-07-10,M,mens-bestsellers,43,Conquer Reform Crewneck Short Sleeve - White,SHORTS/SKIRT,SS,Men:Tops:Short Sleeves,78.0,,False,1,https://cdn.shopify.com/s/files/1/2185/2813/files/M1205R_00_b1_s1_a1_1_m226.jpg?v=1775153685,m1205r-conquer-reform-crewneck-short-sleeve-white,b:1:Best Seller;BuilderDropzoneStyle:CNQR;BVCategory:Men;ChinaCatalog;Color:White:Color;ColorGroup:White;Content:Builder;FA24MD3-FAMILY;Fabric:Conquer;Filter:DisplaySize:3:Small;Filter:DisplaySize:4:M
2026-07-10,M,mens-bestsellers,44,ALO Vapor Crewneck Short Sleeve - Black,SHORTS/SKIRT,SS,Men:Tops:Short Sleeves,68.0,,False,1,https://cdn.shopify.com/s/files/1/2185/2813/files/M1228R_01_b2_s3_a3_dFA25_m245.jpg?v=1776888215,m1228r-alo-vapor-crewneck-short-sleeve-black,b:1:Best Seller;BuilderDropzoneStyle:VAPR;BVCategory:Men;ChinaCatalog;Color:Black:Color;ColorGroup:Black;Content:Builder;FA25MBridge-family;Fabric:ALO Vapor;Filter:DisplaySize:3:Small;Filter:DisplaySi
2026-07-10,M,mens-bestsellers,45,Double Take Short Sleeve - White,SHORTS/SKIRT,SS,Men:Tops:Short Sleeves,88.0,,False,1,https://cdn.shopify.com/s/files/1/2185/2813/files/M1224R_05594_b1_s1_a1_m221.jpg?v=1761941985,m1224r-double-take-short-sleeve-white,b:1:Best Seller;bis-paused;BuilderDropzoneStyle:DBLTK;BVCategory:Men;Color:White:Color;ColorGroup:White;Content:Builder;Fabric:Double Take;Filter:DisplaySize:3:Small;Filter:DisplaySize:4:Medium;Filter
2026-07-10,M,mens-bestsellers,46,Chill Short - Black,SHORTS/SKIRT,SS,Men:Bottoms:Shorts,78.0,,False,1,https://cdn.shopify.com/s/files/1/2185/2813/files/M6122R_01_b1_s1_a2_dSP26_m214_6bf38e0e-c727-4b06-96df-d5881f65680e.jpg?v=1780513270,m6122r-chill-short-black,b:1:Best Seller;BVCategory:Men;Color:Black:Color;ColorGroup:Black;EcomVideo-Shomari;Filter:DisplaySize:3:Small;Filter:DisplaySize:4:Medium;Filter:DisplaySize:5:Large;Filter:DisplaySize:6:XL - 2XL;Filt
2026-07-10,M,mens-bestsellers,47,Keep It Cool Gym Towel - Gravel,ACC,SEASONLESS,Accessories:Equipment:Towels,38.0,,False,1,https://cdn.shopify.com/s/files/1/2185/2813/files/A0457U_05438_b1_s1_a3_dSU26.jpg?v=1776857083,a0457u-keep-it-cool-gym-towel-gravel,b:1:Best Seller;BVCategory:Accessories;ChinaCatalog;Color:Gravel:Color;ColorGroup:Beige;JustDropped:New This Season;Maintenance:ColorwayProduct;master-accessories-all;master-accessories-men;master-man
2026-07-10,M,mens-bestsellers,48,Unisex Half-Crew Throwback Sock - White/Black,ACC,SEASONLESS,Accessories:Socks,34.0,,False,1,https://cdn.shopify.com/s/files/1/2185/2813/products/A0480U_0001_b1_a1.jpg?v=1669748933,a0480u-unisex-half-crew-throwback-sock-white-black,b:1:Best Seller;BVCategory:Socks;Color:White:Color;ColorGroup:White;Filter:Size:L;Filter:Size:M;Filter:Size:S;Maintenance:ColorwayProduct;master-accessories-all;master-accessories-men;master-man-all;m
2026-07-10,M,mens-bestsellers,49,Conquer Max Mock Neck Full Zip - Black,FLEECE/KNIT,FW,Men:Outerwear:Coverups:Pullovers,138.0,,False,1,https://cdn.shopify.com/s/files/1/2185/2813/files/M3262R_01_b2_s1_a1_dWT25_m214.jpg?v=1776888259,m3262r-conquer-max-mock-neck-full-zip-black,b:1:Best Seller;BuilderDropzoneStyle:CNQR;BVCategory:Men;ChinaCatalog;Color:Black:Color;ColorGroup:Black;Content:Builder;Fabric:Conquer;Filter:DisplaySize:3:Small;Filter:DisplaySize:4:Medium;Filter:Di
2026-07-10,M,mens-bestsellers,50,"7"" Sports Club Sweater Knit Short - Ivory",FLEECE/KNIT,FW,Men:Bottoms:Shorts,168.0,,False,1,https://cdn.shopify.com/s/files/1/2185/2813/files/M6171R_03299_b1_s1_a1_m243.jpg?v=1747108210,m6171r-7-sports-club-sweater-knit-short-ivory,b:1:Best Seller;BVCategory:Men;ChinaCatalog;Color:Ivory:Color;ColorGroup:White;Filter:DisplaySize:3:Small;Filter:DisplaySize:4:Medium;Filter:DisplaySize:5:Large;Filter:DisplaySize:6:XL - 2XL;Filter:Si
2026-07-13,W,bestsellers,1,Splendor Bra - Black,BRA/TANK,SS,Women:Bras,68.0,,False,1,https://cdn.shopify.com/s/files/1/2185/2813/files/W9351RG_01_b2_s1_a1_dSU26_m241.png?v=1778517031,w9351rg-splendor-bra-black,b:1:Best Seller;BISCollection;BuilderDropzoneStyle:AIRBRUSH;BVCategory:Women;ChinaCatalog;Color:Black:Color;ColorGroup:Black;Content:Builder;Fabric:Airbrush;Filter:DisplaySize:1:XXS - XS;Filter:Displa
2026-07-13,W,bestsellers,2,Airbrush High-Waist Heart Throb Legging - Black/White,LEGGING,SEASONLESS,Women:Bottoms:Leggings,134.0,,False,1,https://cdn.shopify.com/s/files/1/2185/2813/files/W51298R_0100_b2_s1_a1_dSP26_m210.jpg?v=1770668689,w51298r-airbrush-high-waist-heart-throb-legging-black-white,b:1:Best Seller;BIScollection;BuilderDropzoneStyle:ABRSHRISE;BVCategory:Women;ChinaCatalog;Color:Black:Color;ColorGroup:Black;Content:Builder;FA23;FA23D3-family;Filter:DisplaySize:1:XXS - XS;Filter:Di
2026-07-13,W,bestsellers,3,Accolade Straight Leg Sweatpant - Navy,BOTTOM-WARM,FW,Women:Bottoms:Sweatpants,138.0,,False,1,https://cdn.shopify.com/s/files/1/2185/2813/files/U5012RG_03842_b2_s1_a1_dSP26_m190.jpg?v=1775110605,u5012rg-accolade-straight-leg-sweatpant-navy,AccoladeBoostBury;b:1:Best Seller;builderdropzonestyle:FYFASL;BVCategory:Women;Color:Navy:Color;ColorGroup:Blue;Content:Builder;Filter:DisplaySize:1:XXS - XS;Filter:DisplaySize:3:Small;Filter:DisplayS
2026-07-13,W,bestsellers,4,Accolade Crew Neck Pullover - Navy,FLEECE/KNIT,FW,Women:Outerwear:Coverups:Pullovers,138.0,,False,1,https://cdn.shopify.com/s/files/1/2185/2813/files/U3031RG_03842_b2_s1_a1_m239_51f53490-e608-455e-ac26-2f2741d0a347.jpg?v=1770143954,u3031rg-accolade-crew-neck-pullover-navy,AA25-PDPselects;AccoladeBoostBury;b:1:Best Seller;BVCategory:Women;Color:Navy:Color;ColorGroup:Blue;FA25-Campaign;FA25D4-family;FA25Drops-family;Filter:DisplaySize:1:XXS - XS;Filter:DisplaySize:3:Smal
2026-07-13,W,bestsellers,5,Accolade 1/4 Zip Pullover - Athletic Heather Grey,FLEECE/KNIT,FW,Women:Outerwear:Coverups:Pullovers,148.0,,False,1,https://cdn.shopify.com/s/files/1/2185/2813/files/U3040RG_02910_b2_s1_a1_dSU26_m91.jpg?v=1777666153,u3040rg-accolade-1-4-zip-pullover-athletic-heather-grey,AccoladeBoostBury;b:1:Best Seller;BR:unisex;BVCategory:Women;Color:Athletic Grey:Color;ColorGroup:Grey;Filter:DisplaySize:1:XXS - XS;Filter:DisplaySize:3:Small;Filter:DisplaySize:4:Medium;Filter:Displ
2026-07-13,W,bestsellers,6,Accolade Crew Neck Pullover - Summer Romance Red,FLEECE/KNIT,FW,Women:Outerwear:Coverups:Pullovers,138.0,,False,1,https://cdn.shopify.com/s/files/1/2185/2813/files/U3031RG_07952_b2_s1_a1_dSU26_m122.png?v=1779860852,u3031rg-accolade-crew-neck-pullover-summer-romance-red,AccoladeBoostBury;b:1:Best Seller;BR:unisex;builderdropzonestyle:FYFACREW;BVCategory:Women;Color:Summer Romance Red:Color;ColorGroup:Red;ColorwayType:Limited;Content:Builder;Filter:DisplaySize:1:XXS -
2026-07-13,W,bestsellers,7,Match Point Short - Black,SHORTS/SKIRT,SS,Women:Bottoms:Shorts,78.0,,False,1,https://cdn.shopify.com/s/files/1/2185/2813/files/W6334R_01_b1_s1_a1_1_m76.jpg?v=1768261305,w6334r-match-point-short-black,b:1:Best Seller;BIScollection;BVCategory:Women;ChinaCatalog;Color:Black:Color;ColorGroup:Black;FA23;FA23D1-family;Filter:DisplaySize:1:XXS - XS;Filter:DisplaySize:3:Small;Filter:DisplaySize:4:Medium;F
2026-07-13,W,bestsellers,8,Performance Off-Duty Cap - Black/Black,ACC,SEASONLESS,Accessories:Hats:Caps,68.0,,False,1,https://cdn.shopify.com/s/files/1/2185/2813/files/A0543U_0101_b1_s1_a1.jpg?v=1747806926,a0543u-performance-off-duty-cap-black-black,b:1:Best Seller;BIScollection;BVCategory:Accessories;ChinaCatalog;Color:Black:Color;ColorGroup:Black;Maintenance:ColorwayProduct;master-accessories-all;master-man-all;master-woman-all;not_clearance;pr
2026-07-13,W,bestsellers,9,Goddess Ribbed First Pick Bra Tank - Black/White,BRA/TANK,SS,Women:Tops:Tanks,88.0,,False,1,https://cdn.shopify.com/s/files/1/2185/2813/files/W9960R_06401_b2_s1_a1_dSU26_m241.jpg?v=1782424861,w9960r-goddess-ribbed-first-pick-bra-tank-black-white,b:1:Best Seller;BVCategory:Women;Color:Black:Color;ColorGroup:Black;Fabric:Ribbed;Filter:DisplaySize:1:XXS - XS;Filter:DisplaySize:3:Small;Filter:DisplaySize:4:Medium;Filter:DisplaySize:5:L - XL;Filte
2026-07-13,W,bestsellers,10,Unisex Half-Crew Throwback Sock - White/Black,ACC,SEASONLESS,Accessories:Socks,34.0,,False,1,https://cdn.shopify.com/s/files/1/2185/2813/products/A0480U_0001_b1_a1.jpg?v=1669748933,a0480u-unisex-half-crew-throwback-sock-white-black,b:1:Best Seller;BVCategory:Socks;Color:White:Color;ColorGroup:White;Filter:Size:L;Filter:Size:M;Filter:Size:S;Maintenance:ColorwayProduct;master-accessories-all;master-accessories-men;master-man-all;m
2026-07-13,W,bestsellers,11,Seamless Ribbed Favorite Full Length Bra Tank - Black,BRA/TANK,SS,Women:Tops:Tanks,88.0,,False,1,https://cdn.shopify.com/s/files/1/2185/2813/files/W9698R_01_b2_s1_a5_m240_68cdb616-8e07-4d53-9a5b-fc61bffd7538.jpg?v=1753980289,w9698r-seamless-ribbed-favorite-full-length-bra-tank-black,b:1:Best Seller;BIScollection;BVCategory:Women;ChinaCatalog;Color:Black:Color;ColorGroup:Black;FA25D1-family;FA25Drops-family;Fabric:Seamless;Filter:DisplaySize:1:XXS - XS;Filter:DisplaySize:3:Small;F
2026-07-13,W,bestsellers,12,Goddess Ribbed High-Waist First Pick Short - Azure Blue/White,SHORTS/SKIRT,SS,Women:Bottoms:Shorts,74.0,,False,1,https://cdn.shopify.com/s/files/1/2185/2813/files/W6597R_08039_b2_s1_a1_dSU26_m143.jpg?v=1782424988,w6597r-goddess-ribbed-high-waist-first-pick-short-azure-blue-white,b:1:Best Seller;BVCategory:Women;Color:Azure Blue:Color;ColorGroup:Blue;ColorwayType:Limited;Fabric:Ribbed;Filter:DisplaySize:1:XXS - XS;Filter:DisplaySize:3:Small;Filter:DisplaySize:4:Medium;Filter:D
2026-07-13,W,bestsellers,13,Suit Up Trouser (Regular) - Black,ETC,UNTAGGED,Women:Bottoms:Pants,148.0,,False,1,https://cdn.shopify.com/s/files/1/2185/2813/files/W54187R_01_b2_s1_a1_dSU26_m270.png?v=1778515662,w51432r-suit-up-trouser-black,AA25-PDPselects;b:1:Best Seller;BuilderDropzoneStyle:SUTRSER;BVCategory:Women;ChinaCatalog;Color:Black:Color;ColorGroup:Black;Content:Builder;Filter:DisplaySize:1:XXS - XS;Filter:DisplaySize:3:Small;F
2026-07-13,W,bestsellers,14,Match Point Short - Emerald Isle,SHORTS/SKIRT,SS,Women:Bottoms:Shorts,78.0,,False,1,https://cdn.shopify.com/s/files/1/2185/2813/files/W6334R_07951_b2_s1_a1_dSU26_191.jpg?v=1782774361,w6334r-match-point-short-emerald-isle,b:1:Best Seller;b:3:New;BVCategory:Women;Color:Emerald Isle:Color;ColorGroup:Green;ColorwayType:Limited;Filter:DisplaySize:1:XXS - XS;Filter:DisplaySize:3:Small;Filter:DisplaySize:4:Medium;Filter:Disp
2026-07-13,W,bestsellers,15,Airbrush Splendor Dress - Black,LEGGING,SS,Women:One Piece:Dresses,138.0,,False,1,https://cdn.shopify.com/s/files/1/2185/2813/files/W8346R_01_b2_s1_a3_m240_aa615dd0-7a3a-4c55-89e4-442cbe33aa5f.jpg?v=1753980228,w8346r-airbrush-splendor-dress-black,b:1:Best Seller;BISCollection;BuilderDropzoneStyle:AIRBRUSH;BVCategory:Women;ChinaCatalog;Color:Black:Color;ColorGroup:Black;Content:Builder;FA25D1-1-family;FA25Drops-family;Fabric:Airbrush;Filter:Dis
2026-07-13,W,bestsellers,16,Match Point Tennis Skirt - Black,SHORTS/SKIRT,SS,Women:Bottoms:Skirts,78.0,,False,1,https://cdn.shopify.com/s/files/1/2185/2813/files/W6240R_01_b2_s1_a1_dSU26_m269.jpg?v=1779409804,w6240r-match-point-tennis-skirt-black,aloversary20off;b:1:Best Seller;BIScollection;blackskirt;BVCategory:Women;ChinaCatalog;Color:Black:Color;ColorGroup:Black;Filter:DisplaySize:1:XXS - XS;Filter:DisplaySize:3:Small;Filter:DisplaySize:4:
2026-07-13,W,bestsellers,17,Goddess Ribbed First Pick Bra Tank - Azure Blue/White,BRA/TANK,SS,Women:Tops:Tanks,88.0,,False,1,https://cdn.shopify.com/s/files/1/2185/2813/files/W9960R_08039_b2_s1_a1_dSU26_m143.jpg?v=1782424708,w9960r-goddess-ribbed-first-pick-bra-tank-azure-blue-white,b:1:Best Seller;BVCategory:Women;Color:Azure Blue:Color;ColorGroup:Blue;ColorwayType:Limited;Fabric:Ribbed;Filter:DisplaySize:1:XXS - XS;Filter:DisplaySize:3:Small;Filter:DisplaySize:4:Medium;Filter:D
2026-07-13,W,bestsellers,18,ALO Softsculpt Amp It Up Tennis Skirt - Emerald Isle,SHORTS/SKIRT,SS,Women:Bottoms:Skirts,98.0,,False,1,https://cdn.shopify.com/s/files/1/2185/2813/files/W6604R_07951_b2_s1_a2_dSU26_m191.jpg?v=1783017423,w6604r-alo-softsculpt-amp-it-up-tennis-skirt-emerald-isle,b:1:Best Seller;b:3:New;BuilderDropzoneStyle:SOFTSCULPT;BVCategory:Women;Color:Emerald Isle:Color;ColorGroup:Green;ColorwayType:Limited;Content:Builder;Fabric:ALO Softsculpt;Filter:DisplaySize:1:XXS -
2026-07-13,W,bestsellers,19,Accolade Short - Athletic Heather Grey,SHORTS/SKIRT,SS,Women:Bottoms:Shorts,78.0,,False,1,https://cdn.shopify.com/s/files/1/2185/2813/files/W6472RG_02910_b2_s1_a1_dSU26_m91.jpg?v=1777663159,w6472rg-accolade-short-athletic-heather-grey,AccoladeBoostBury;b:1:Best Seller;BVCategory:Women;Color:Athletic Grey:Color;ColorGroup:Grey;Filter:DisplaySize:1:XXS - XS;Filter:DisplaySize:3:Small;Filter:DisplaySize:4:Medium;Filter:DisplaySize:5:L
2026-07-13,W,bestsellers,20,Timeless Tee - Black,SHORTS/SKIRT,SS,Women:Tops:Short Sleeves,68.0,,False,1,https://cdn.shopify.com/s/files/1/2185/2813/files/W1509R_01_b1_s1_a3_dSU26_m191.jpg?v=1778656366,w1509r-timeless-tee-black,b:1:Best Seller;BVCategory:Women;ChinaCatalog;Color:Black:Color;ColorGroup:Black;Filter:DisplaySize:1:XXS - XS;Filter:DisplaySize:3:Small;Filter:DisplaySize:4:Medium;Filter:DisplaySize:5:L - XL;Filter
2026-07-13,W,bestsellers,21,Seamless Modal Ribbed High Neck Delight Bra - Emerald Isle,BRA/TANK,SS,Women:Tops:Tanks,74.0,,False,1,https://cdn.shopify.com/s/files/1/2185/2813/files/W9818R_07951_b2_s1_a1_dSU26_m191.jpg?v=1783020146,w9818r-seamless-modal-ribbed-high-neck-delight-bra-emerald-isle,b:1:Best Seller;b:3:New;BVCategory:Women;Color:Emerald Isle:Color;ColorGroup:Green;ColorwayType:Limited;Fabric:Ribbed;Filter:DisplaySize:1:XXS - XS;Filter:DisplaySize:3:Small;Filter:DisplaySize:4:Medi
2026-07-13,W,bestsellers,22,Airbrush High-Waist Heart Throb Legging - Azure Blue/White,LEGGING,SEASONLESS,Women:Bottoms:Leggings,134.0,,False,1,https://cdn.shopify.com/s/files/1/2185/2813/files/W51298R_08039_b2_s1_a1_dSU26_m235.png?v=1781006743,w51298r-airbrush-high-waist-heart-throb-legging-azure-blue-white,b:1:Best Seller;BuilderDropzoneStyle:ABRSHRISE;BVCategory:Women;Color:Azure Blue:Color;ColorGroup:Blue;ColorwayType:Limited;Content:Builder;Fabric:Airbrush;Filter:DisplaySize:1:XXS - XS;Filter:Display
2026-07-13,W,bestsellers,23,Accolade Crew Neck Pullover - Black,FLEECE/KNIT,FW,Women:Outerwear:Coverups:Pullovers,138.0,,False,1,https://cdn.shopify.com/s/files/1/2185/2813/files/U3031RG_01_b2_s1_a1_dSU26_m191.png?v=1780950591,u3031rg-accolade-crew-neck-pullover-black,AccoladeBoostBury;b:1:Best Seller;BR:unisex;builderdropzonestyle:FYFACREW;BVCategory:Women;Color:Black:Color;ColorGroup:Black;Content:Builder;Filter:DisplaySize:1:XXS - XS;Filter:DisplaySize:3:Small;F
2026-07-13,W,bestsellers,24,Match Point Tennis Skirt - Azure Blue,SHORTS/SKIRT,SS,Women:Bottoms:Skirts,78.0,,False,1,https://cdn.shopify.com/s/files/1/2185/2813/files/W6240R_04830_b1_s1_a2_dSU26_m241.jpg?v=1780654542,w6240r-match-point-tennis-skirt-azure-blue,b:1:Best Seller;BVCategory:Women;Color:Azure Blue:Color;ColorGroup:Blue;ColorwayType:Limited;Filter:DisplaySize:1:XXS - XS;Filter:DisplaySize:3:Small;Filter:DisplaySize:4:Medium;Filter:DisplaySize:5:L
2026-07-13,W,bestsellers,25,ALO Softsculpt Feel The Heat Halter Bra - Summer Romance Red,BRA/TANK,SS,Women:Bras,78.0,,False,1,https://cdn.shopify.com/s/files/1/2185/2813/files/W9950R_07952_b2_s1_a1_dSU26_m143.png?v=1779861513,w9950r-alo-softsculpt-feel-the-heat-halter-bra-summer-romance-red,b:1:Best Seller;BuilderDropzoneStyle:SOFTSCULPT;BVCategory:Women;Color:Summer Romance Red:Color;ColorGroup:Red;ColorwayType:Limited;Content:Builder;Fabric:ALO Softsculpt;Filter:DisplaySize:3:Small;Fil
2026-07-13,W,bestsellers,26,Alumni Short - Black,SHORTS/SKIRT,SS,Women:Bottoms:Shorts,78.0,,False,1,https://cdn.shopify.com/s/files/1/2185/2813/files/W6273R_01_b1_s1_a1_1_m76_bd2af274-4423-4f82-a910-1646a99a7ef1.jpg?v=1740691713,w6273r-alumni-short-black,b:1:Best Seller;BVCategory:Women;ChinaCatalog;Color:Black:Color;ColorGroup:Black;FA22D2Ultramint-family;Filter:DisplaySize:1:XXS - XS;Filter:DisplaySize:3:Small;Filter:DisplaySize:4:Medium;Filter:Disp
2026-07-13,W,bestsellers,27,Seamless Ribbed Favorite Full Length Bra Tank - White,BRA/TANK,SS,Women:Tops:Tanks,88.0,,False,1,https://cdn.shopify.com/s/files/1/2185/2813/files/W9698R_05594_b1_s1_a2_dSU26_m241.jpg?v=1780656410,w9698r-seamless-ribbed-favorite-full-length-bra-tank-white,b:1:Best Seller;BVCategory:Women;Color:White:Color;ColorGroup:White;Fabric:Ribbed;Filter:DisplaySize:1:XXS - XS;Filter:DisplaySize:3:Small;Filter:DisplaySize:4:Medium;Filter:DisplaySize:5:L - XL;Filte
2026-07-13,W,bestsellers,28,Aspire Tank - Navy/White,BRA/TANK,SS,Women:Tops:Tanks,68.0,,False,1,https://cdn.shopify.com/s/files/1/2185/2813/files/W2675RG_06639_b1_s1_a2_dSP26_m246.jpg?v=1775175455,w2675rg-aspire-tank-navy-white,b:1:Best Seller;BVCategory:Women;ChinaCatalog;Color:Navy:Color;ColorGroup:Blue;Filter:DisplaySize:1:XXS - XS;Filter:DisplaySize:3:Small;Filter:DisplaySize:4:Medium;Filter:DisplaySize:5:L - XL;Filter:S
2026-07-13,W,bestsellers,29,Match Point Tennis Skirt - White,SHORTS/SKIRT,SS,Women:Bottoms:Skirts,78.0,,False,1,https://cdn.shopify.com/s/files/1/2185/2813/files/W6240R_05594_b2_s1_a1_dSP26_m54.jpg?v=1770056609,w6240r-match-point-tennis-skirt-white,aloversary20off;b:1:Best Seller;BVCategory:Women;ChinaCatalog;Color:White:Color;ColorGroup:White;Filter:DisplaySize:1:XXS - XS;Filter:DisplaySize:3:Small;Filter:DisplaySize:4:Medium;Filter:DisplaySize
2026-07-13,W,bestsellers,30,Accolade Straight Leg Sweatpant - Black,BOTTOM-WARM,FW,Women:Bottoms:Sweatpants,138.0,,False,1,https://cdn.shopify.com/s/files/1/2185/2813/files/U5012RG_01_b2_s1_a1_dWT25_m270.jpg?v=1780349208,u5012rg-accolade-straight-leg-sweatpant-black,AA25-PDPselects;AccoladeBoostBury;b:1:Best Seller;BR:unisex;builderdropzonestyle:FYFASL;builderdropzonestyle:FYFASWPT;BVCategory:Women;Color:Black:Color;ColorGroup:Black;Content:Builder;Filter:Display
2026-07-13,W,bestsellers,31,Alosoft Crop Finesse Short Sleeve - White,SHORTS/SKIRT,SS,Women:Tops:Short Sleeves,68.0,,False,1,https://cdn.shopify.com/s/files/1/2185/2813/files/W1406R_00_b2_s1_a1_dSU26_m190.jpg?v=1777664593,w1406r-alosoft-crop-finesse-short-sleeve-white,aloversary20off;b:1:Best Seller;BuilderDropzoneStyle:ALOSOFT;BVCategory:Women;ChinaCatalog;Color:White:Color;ColorGroup:White;Content:Builder;FA21D2-family;Fabric:Alosoft;Filter:DisplaySize:1:XXS - XS
2026-07-13,W,bestsellers,32,7/8 High-Waist Airlift Legging - Emerald Isle,LEGGING,SEASONLESS,Women:Bottoms:Leggings,134.0,,False,1,https://cdn.shopify.com/s/files/1/2185/2813/files/W5766R_07951_b2_s1_a2_dSU26_m191.jpg?v=1783017481,w5766r-7-8-high-waist-airlift-legging-emerald-isle,b:1:Best Seller;b:3:New;BuilderDropzoneStyle:ARLTRISE;BVCategory:Women;Color:Emerald Isle:Color;ColorGroup:Green;ColorwayType:Limited;Content:Builder;Fabric:Airlift;Filter:DisplaySize:1:XXS - XS;Filte
2026-07-13,W,bestsellers,33,Airbrush Splendor Dress - Azure Blue,LEGGING,SS,Women:One Piece:Dresses,138.0,,False,1,https://cdn.shopify.com/s/files/1/2185/2813/files/W8346R_04830_b2_s1_a1_dSU26_m269.png?v=1781007749,w8346r-airbrush-splendor-dress-azure-blue,b:1:Best Seller;BuilderDropzoneStyle:AIRBRUSH;BVCategory:Women;Color:Azure Blue:Color;ColorGroup:Blue;ColorwayType:Limited;Content:Builder;Fabric:Airbrush;Filter:DisplaySize:1:XXS - XS;Filter:DisplayS
2026-07-13,W,bestsellers,34,Accolade Short - Summer Romance Red,SHORTS/SKIRT,SS,Women:Bottoms:Shorts,78.0,,False,1,https://cdn.shopify.com/s/files/1/2185/2813/files/W6472RG_07952_b2_s1_a1_dSU26_m143.png?v=1779863171,w6472rg-accolade-short-summer-romance-red,AccoladeBoostBury;b:1:Best Seller;BVCategory:Women;Color:Summer Romance Red:Color;ColorGroup:Red;ColorwayType:Limited;Filter:DisplaySize:1:XXS - XS;Filter:DisplaySize:3:Small;Filter:DisplaySize:4:Medi
2026-07-13,W,bestsellers,35,Airbrush Heart Throb Bra - White/Black,LEGGING,SS,Women:Bras,88.0,,False,1,https://cdn.shopify.com/s/files/1/2185/2813/files/W9680R_0001_b2_s1_a1_dSU26_m18.png?v=1778516809,w9680r-airbrush-heart-throb-bra-white-black,b:1:Best Seller;BIScollection;BuilderDropzoneStyle:AIRBRUSH;BVCategory:Women;ChinaCatalog;Color:White:Color;ColorGroup:White;Content:Builder;Fabric:Airbrush;Filter:DisplaySize:1:XXS - XS;Filter:Displa
2026-07-13,W,bestsellers,36,Cotton Real Deal Button Up Long Sleeve - White,TOP,SEASONLESS,Women:Tops:Long Sleeves,118.0,,False,1,https://cdn.shopify.com/s/files/1/2185/2813/files/W3970R_00_b2_s1_a1_dSU26_m122.png?v=1778517074,w3970r-cotton-real-deal-button-up-long-sleeve-white,b:1:Back in Stock;b:1:Best Seller;BIScollection;BVCategory:Women;Color:White:Color;ColorGroup:White;FA25-Campaign;FA25D1-family;FA25Drops-family;Filter:DisplaySize:1:XXS - XS;Filter:DisplaySize:3:Smal
2026-07-13,W,bestsellers,37,Match Point Short - Navy,SHORTS/SKIRT,SS,Women:Bottoms:Shorts,78.0,,False,1,https://cdn.shopify.com/s/files/1/2185/2813/files/W6344R_03842_b2_s1_a1_dSP26_m54.jpg?v=1782250851,w6334r-match-point-short-navy,b:1:Best Seller;BIScollection;BVCategory:Women;ChinaCatalog;Color:Navy:Color;ColorGroup:Blue;ColorwayType:Limited;Filter:DisplaySize:1:XXS - XS;Filter:DisplaySize:3:Small;Filter:DisplaySize:4:Medium;F
2026-07-13,W,bestsellers,38,Accolade Crew Neck Pullover - Espresso,FLEECE/KNIT,FW,Women:Outerwear:Coverups:Pullovers,138.0,,False,1,https://cdn.shopify.com/s/files/1/2185/2813/files/U3031RG_04064_b2_s1_a1_dSU26_m190.jpg?v=1777665950,u3031rg-accolade-crew-neck-pullover-espresso,AA25-PDPselects;AccoladeBoostBury;b:1:Best Seller;BR:unisex;builderdropzonestyle:FYFACREW;BVCategory:Women;Color:Espresso:Color;ColorGroup:Brown;content:builder;FA24D7-family;Filter:DisplaySize:1:XXS 
2026-07-13,W,bestsellers,39,Accolade Short - Black,SHORTS/SKIRT,SS,Women:Bottoms:Shorts,78.0,,False,1,https://cdn.shopify.com/s/files/1/2185/2813/files/W6472RG_01_b2_s1_a1_dWT25_m265.jpg?v=1776890407,w6472rg-accolade-short-black,AccoladeBoostBury;b:1:Best Seller;BVCategory:Women;Color:Black:Color;ColorGroup:Black;Filter:DisplaySize:1:XXS - XS;Filter:DisplaySize:3:Small;Filter:DisplaySize:4:Medium;Filter:DisplaySize:5:L - XL;F
2026-07-13,W,bestsellers,40,Aspire Tank - Azure Blue/White,BRA/TANK,SS,Women:Tops:Tanks,68.0,,False,1,https://cdn.shopify.com/s/files/1/2185/2813/files/W2675RG_05594_b2_s1_a1_dSU26_m269.png?v=1781007307,w2675rg-aspire-tank-azure-blue-white,b:1:Best Seller;BVCategory:Women;Color:Azure Blue:Color;ColorGroup:Blue;ColorwayType:Limited;Filter:DisplaySize:1:XXS - XS;Filter:DisplaySize:3:Small;Filter:DisplaySize:4:Medium;Filter:DisplaySize:5:L
2026-07-13,W,bestsellers,41,Match Point Short - Gravel,SHORTS/SKIRT,SS,Women:Bottoms:Shorts,78.0,,False,1,https://cdn.shopify.com/s/files/1/2185/2813/files/W6334R_05438_b2_s1_a1_dSP26_m134.jpg?v=1772527009,w6334r-match-point-short-gravel,b:1:Best Seller;BVCategory:Women;ChinaCatalog;Color:Gravel:Color;ColorGroup:Beige;Filter:DisplaySize:1:XXS - XS;Filter:DisplaySize:3:Small;Filter:DisplaySize:4:Medium;Filter:DisplaySize:5:L - XL;Filte
2026-07-13,W,bestsellers,42,Double Or Nothing Tennis Skirt - Black,SHORTS/SKIRT,SS,Women:Bottoms:Skirts,88.0,,False,1,https://cdn.shopify.com/s/files/1/2185/2813/files/W6574R_01_b2_s1_a1_dSP26_m191.jpg?v=1771232430,w6574r-double-or-nothing-tennis-skirt-black,b:1:Back in Stock;b:1:Best Seller;BISCollection;BVCategory:Women;ChinaCatalog;Color:Black:Color;ColorGroup:Black;Filter:DisplaySize:1:XXS - XS;Filter:DisplaySize:3:Small;Filter:DisplaySize:4:Medium;Fi
2026-07-13,W,bestsellers,43,Suit Up Trouser (Long) - Black,ETC,UNTAGGED,Women:Bottoms:Pants,148.0,,False,1,https://cdn.shopify.com/s/files/1/2185/2813/files/W54187R_01_b2_s1_a1_dSP26_m242_6633269e-29a0-424b-8114-5584580ec498.jpg?v=1771882591,w54187r-suit-up-trouser-long-black,b:1:Best Seller;BuilderDropzoneStyle:SUTRSER;BVCategory:Women;ChinaCatalog;Color:Black:Color;ColorGroup:Black;Content:Builder;Filter:DisplaySize:1:XXS - XS;Filter:DisplaySize:3:Small;Filter:DisplaySiz
2026-07-13,W,bestsellers,44,Slit Bra - Azure Blue,BRA/TANK,SS,Women:Bras,78.0,,False,1,https://cdn.shopify.com/s/files/1/2185/2813/files/W9218R_04830_b2_s1_a1_dSU26_m241.png?v=1781007857,w9218r-slit-bra-azure-blue,b:1:Best Seller;BVCategory:Women;Color:Azure Blue:Color;ColorGroup:Blue;ColorwayType:Limited;Filter:DisplaySize:1:XXS - XS;Filter:DisplaySize:3:Small;Filter:DisplaySize:4:Medium;Filter:DisplaySize:5:L
2026-07-13,W,bestsellers,45,Airlift Gingham Sleek Bra Tank - Navy Gingham,LEGGING,SS,Women:Bras,88.0,,False,1,https://cdn.shopify.com/s/files/1/2185/2813/files/W9984R_08036_b2_s1_a1_dSU26_m143.png?v=1781008140,w9984r-airlift-gingham-sleek-bra-tank-navy-gingham,b:1:Best Seller;BuilderDropzoneStyle:AIRLIFT;BVCategory:Women;ChinaCatalog;Color:Navy Gingham:Color;ColorGroup:Blue;ColorwayType:Limited;Content:Builder;Fabric:Airlift;Filter:DisplaySize:1:XXS - XS;Fi
2026-07-13,W,bestsellers,46,Seamless Ribbed Favorite Bra Tank - Azure Blue,BRA/TANK,SS,Women:Tops:Tanks,84.0,,False,1,https://cdn.shopify.com/s/files/1/2185/2813/files/W9730R_04830_b1_s1_a1_dSU26_m241_27284091-af74-43fd-9b12-081eec0c4a13.jpg?v=1781545172,w9730r-seamless-ribbed-favorite-bra-tank-azure-blue,b:1:Best Seller;BVCategory:Women;Color:Azure Blue:Color;ColorGroup:Blue;ColorwayType:Limited;Fabric:Ribbed;Filter:DisplaySize:1:XXS - XS;Filter:DisplaySize:3:Small;Filter:DisplaySize:4:Medium;Filter:D
2026-07-13,W,bestsellers,47,Airbrush Better Together Bra - Azure Blue/White,LEGGING,SS,Women:Bras,88.0,,False,1,https://cdn.shopify.com/s/files/1/2185/2813/files/W9918R_08039_b2_s1_a1_dSU26_m235.png?v=1781008022,w9918r-airbrush-better-together-bra-azure-blue-white,b:1:Best Seller;BuilderDropzoneStyle:AIRBRUSH;BVCategory:Women;Color:Azure Blue:Color;ColorGroup:Blue;ColorwayType:Limited;Content:Builder;Fabric:Airbrush;Filter:DisplaySize:1:XXS - XS;Filter:DisplayS
2026-07-13,W,bestsellers,48,Accolade Straight Leg Sweatpant - Summer Romance Red,BOTTOM-WARM,FW,Women:Bottoms:Sweatpants,138.0,,False,1,https://cdn.shopify.com/s/files/1/2185/2813/files/U5012RG_07952_b1_s1_a1_dSU26_m191.jpg?v=1779686163,u5012rg-accolade-straight-leg-sweatpant-summer-romance-red,AccoladeBoostBury;b:1:Best Seller;BR:unisex;builderdropzonestyle:FYFASL;BVCategory:Women;Color:Summer Romance Red:Color;ColorGroup:Red;ColorwayType:Limited;Content:Builder;Filter:DisplaySize:1:XXS - X
2026-07-13,W,bestsellers,49,Accolade Short - Navy,SHORTS/SKIRT,SS,Women:Bottoms:Shorts,78.0,,False,1,https://cdn.shopify.com/s/files/1/2185/2813/files/W6472RG_03842_b2_s1_a1_dSU26_m191_e9584235-b300-40c9-bd81-b81c5e962a42.png?v=1779407461,w6472rg-accolade-short-navy,AccoladeBoostBury;b:1:Best Seller;BVCategory:Women;Color:Navy:Color;ColorGroup:Blue;ColorwayType:Limited;Filter:DisplaySize:1:XXS - XS;Filter:DisplaySize:3:Small;Filter:DisplaySize:4:Medium;Filter:Dis
2026-07-13,W,bestsellers,50,Seamless Ribbed Favorite Bra Tank - Black,BRA/TANK,SS,Women:Tops:Tanks,84.0,,False,1,https://cdn.shopify.com/s/files/1/2185/2813/files/W9616R_01_b2_s1_a2_m191.jpg?v=1769645810,w9616r-seamless-ribbed-favorite-bra-tank-black,b:1:Best Seller;BVCategory:Women;ChinaCatalog;Color:Black:Color;ColorGroup:Black;Content:Builder;Fabric:Seamless;Filter:DisplaySize:1:XXS - XS;Filter:DisplaySize:3:Small;Filter:DisplaySize:4:Medium;Fi
2026-07-13,M,mens-bestsellers,1,Conquer Reform Crewneck Short Sleeve - Black,SHORTS/SKIRT,SS,Men:Tops:Short Sleeves,78.0,,False,1,https://cdn.shopify.com/s/files/1/2185/2813/files/M1205R_01_b1_s1_a1_1_m180.jpg?v=1736364701,m1205r-conquer-reform-crewneck-short-sleeve-black,b:1:Best Seller;BuilderDropzoneStyle:CNQR;BVCategory:Men;ChinaCatalog;Color:Black:Color;ColorGroup:Black;Content:Builder;FA24MD3-FAMILY;Fabric:Conquer;Filter:DisplaySize:3:Small;Filter:DisplaySize:4:M
2026-07-13,M,mens-bestsellers,2,"7"" Repetition Short - Black",SHORTS/SKIRT,SS,Men:Bottoms:Shorts,78.0,,False,1,https://cdn.shopify.com/s/files/1/2185/2813/files/M6154R_01_b1_s1_a1_1_m203.jpg?v=1734054413,m6154r-7-repetition-short-black,b:1:Best Seller;BVCategory:Men;ChinaCatalog;Color:Black:Color;ColorGroup:Black;FA24;FA24Drops-family;Filter:DisplaySize:3:Small;Filter:DisplaySize:4:Medium;Filter:DisplaySize:5:Large;Filter:DisplaySiz
2026-07-13,M,mens-bestsellers,3,Coastline Knit Short Sleeve Polo - Ivory,SHORTS/SKIRT,SS,Men:Tops:Short Sleeves,128.0,,False,1,https://cdn.shopify.com/s/files/1/2185/2813/files/M1275R_03299_b2_s1_a1_dSU26_m276.jpg?v=1780924988,m1275r-coastline-knit-short-sleeve-polo-ivory,b:1:Best Seller;BVCategory:Men;ChinaCatalog;Color:Ivory:Color;ColorGroup:White;Computed:IsAlmostGone;Computed:UnderInventoryThreshold:5:for:L;Computed:UnderInventoryThreshold:5:for:S;Filter:DisplaySiz
2026-07-13,M,mens-bestsellers,4,"7"" Coastline Knit Short - Ivory",SHORTS/SKIRT,SS,Men:Bottoms:Shorts,138.0,,False,1,https://cdn.shopify.com/s/files/1/2185/2813/files/M6196R_03299_b2_s1_a1_dSU26_m276.jpg?v=1780924313,m6196r-7-coastline-knit-short-ivory,b:1:Best Seller;BVCategory:Men;ChinaCatalog;Color:Ivory:Color;ColorGroup:White;Computed:UnderInventoryThreshold:5:for:M;Filter:DisplaySize:3:Small;Filter:DisplaySize:5:Large;Filter:DisplaySize:6:XL - 
2026-07-13,M,mens-bestsellers,5,Linen Days Short Sleeve Button Up - Bone,SHORTS/SKIRT,SS,Men:Tops:Short Sleeves,198.0,,False,1,https://cdn.shopify.com/s/files/1/2185/2813/files/M1270R_03040_b2_s1_a1_dSU26_m276.jpg?v=1780925077,m1270r-linen-days-short-sleeve-button-up-bone,b:1:Best Seller;BVCategory:Men;ChinaCatalog;Color:Bone:Color;ColorGroup:Beige;Filter:DisplaySize:3:Small;Filter:DisplaySize:4:Medium;Filter:DisplaySize:5:Large;Filter:DisplaySize:6:XL - 2XL;Filter:Siz
2026-07-13,M,mens-bestsellers,6,"7"" Linen Days Short - Bone",SHORTS/SKIRT,SS,Men:Bottoms:Shorts,168.0,,False,1,https://cdn.shopify.com/s/files/1/2185/2813/files/M6194R_03040_b1_s1_a1_dSU26_m214.jpg?v=1779879527,m6194r-7-linen-days-short-bone,b:1:Best Seller;BVCategory:Men;ChinaCatalog;Color:Bone:Color;ColorGroup:Beige;Filter:DisplaySize:3:Small;Filter:DisplaySize:4:Medium;Filter:DisplaySize:5:Large;Filter:DisplaySize:6:XL - 2XL;Filter:Siz
2026-07-13,M,mens-bestsellers,7,ALO Vapor Crewneck Short Sleeve - White,SHORTS/SKIRT,SS,Men:Tops:Short Sleeves,68.0,,False,1,https://cdn.shopify.com/s/files/1/2185/2813/files/M1228R_00_b2_s1_a1_dSU26_m257.jpg?v=1777661502,m1228r-alo-vapor-crewneck-short-sleeve-white,b:1:Best Seller;BuilderDropzoneStyle:VAPR;BVCategory:Men;ChinaCatalog;Color:White:Color;ColorGroup:White;Content:Builder;FA25MBridge-family;Fabric:ALO Vapor;Filter:DisplaySize:3:Small;Filter:DisplaySi
2026-07-13,M,mens-bestsellers,8,"7"" Repetition Short - Navy",SHORTS/SKIRT,SS,Men:Bottoms:Shorts,78.0,,False,1,https://cdn.shopify.com/s/files/1/2185/2813/files/M6154R_03842_b2_s1_a1_dSU26_m257.jpg?v=1777661145,m6154r-7-repetition-short-navy,b:1:Best Seller;BVCategory:Men;ChinaCatalog;Color:Navy:Color;ColorGroup:Blue;FA24;FA24Drops-family;Filter:DisplaySize:3:Small;Filter:DisplaySize:4:Medium;Filter:DisplaySize:5:Large;Filter:DisplaySize:
2026-07-13,M,mens-bestsellers,9,Conquer Muscle Tank - Black,BRA/TANK,SS,Men:Tops:Tanks,68.0,,False,1,https://cdn.shopify.com/s/files/1/2185/2813/files/M2066R_01_b1_s1_a5_dSP26_m243.jpg?v=1774385765,m2066r-conquer-muscle-tank-black,b:1:Best Seller;BuilderDropzoneStyle:CNQR;BVCategory:Men;ChinaCatalog;Color:Black:Color;ColorGroup:Black;Content:Builder;FA23;FA23-ConquerTank;Fabric:Conquer;Filter:DisplaySize:3:Small;Filter:DisplayS
2026-07-13,M,mens-bestsellers,10,"5"" Adapt Running Short - Black",SHORTS/SKIRT,SS,Men:Bottoms:Shorts,78.0,,False,1,https://cdn.shopify.com/s/files/1/2185/2813/files/M6141R_01_b1_s1_a1_dSP26_m243.jpg?v=1774389938,m6097r-5-adapt-running-short-black,alobluemen-family;aloversary20off;b:1:Best Seller;BVCategory:Men;ChinaCatalog;Color:Black:Color;ColorGroup:Black;EcomVideo-Shomari;Filter:DisplaySize:3:Small;Filter:DisplaySize:4:Medium;Filter:Display
2026-07-13,M,mens-bestsellers,11,Double Take Short Sleeve - Bone,SHORTS/SKIRT,SS,Men:Tops:Short Sleeves,88.0,,False,1,https://cdn.shopify.com/s/files/1/2185/2813/files/M1224R_03040_b1_s1_a2_1_m221.jpg?v=1759331778,m1224r-double-take-short-sleeve-bone,b:1:Best Seller;BuilderDropzoneStyle:DBLTK;BVCategory:Men;ChinaCatalog;Color:Bone:Color;ColorGroup:Beige;Content:Builder;Fabric:Double Take;Filter:DisplaySize:3:Small;Filter:DisplaySize:4:Medium;Filte
2026-07-13,M,mens-bestsellers,12,"7"" Double Take Short - Bone",SHORTS/SKIRT,SS,Men:Bottoms:Shorts,88.0,,False,1,https://cdn.shopify.com/s/files/1/2185/2813/files/M6143R_03040_b1_s1_a1_1_m243.jpg?v=1746630480,m6143r-7-double-take-short-bone,b:1:Best Seller;BVCategory:Men;ChinaCatalog;Color:Bone:Color;ColorGroup:Beige;Fabric:Double Take;Filter:DisplaySize:3:Small;Filter:DisplaySize:4:Medium;Filter:DisplaySize:5:Large;Filter:DisplaySize:6:
2026-07-13,M,mens-bestsellers,13,Light Weight Takeaway Track Pullover - Navy,FLEECE/KNIT,FW,Men:Outerwear:Coverups:Pullovers,148.0,,False,1,https://cdn.shopify.com/s/files/1/2185/2813/files/M3259R_03842_b1_s1_a4_dSP26_m257.jpg?v=1775587153,m3259r-light-weight-takeaway-track-pullover-navy,b:1:Best Seller;BVCategory:Men;Color:Navy:Color;ColorGroup:Blue;ColorwayType:Limited;Computed:UnderInventoryThreshold:5:for:S;EcomVideo-Dale;Filter:DisplaySize:4:Medium;Filter:DisplaySize:5:Large;Filt
2026-07-13,M,mens-bestsellers,14,Co-Op Pant (Regular) - Navy,ETC,UNTAGGED,Men:Bottoms:Pants,138.0,,False,1,https://cdn.shopify.com/s/files/1/2185/2813/files/M5144R_03842_b1_s1_a2_m253.jpg?v=1754696433,m5144r-co-op-pant-regular-navy,b:1:Best Seller;BVCategory:Men;ChinaCatalog;Color:Navy:Color;ColorGroup:Blue;FA25Drops-family;FA25MBridge-family;Filter:DisplaySize:3:Small;Filter:DisplaySize:4:Medium;Filter:DisplaySize:5:Large;Filte
2026-07-13,M,mens-bestsellers,15,Conquer Reform Crewneck Short Sleeve - Espresso,SHORTS/SKIRT,SS,Men:Tops:Short Sleeves,78.0,,False,1,https://cdn.shopify.com/s/files/1/2185/2813/files/M1205R_04064_b2_s1_a1_m275.png?v=1782497506,m1205r-conquer-reform-crewneck-short-sleeve-espresso,b:1:Best Seller;BuilderDropzoneStyle:CNQR;BVCategory:Men;ChinaCatalog;Color:Espresso:Color;ColorGroup:Brown;Content:Builder;FA24MD5-family;Fabric:Conquer;Filter:DisplaySize:3:Small;Filter:DisplaySize:
2026-07-13,M,mens-bestsellers,16,"7"" Circuit Short - Espresso",SHORTS/SKIRT,SS,Men:Bottoms:Shorts,68.0,,False,1,https://cdn.shopify.com/s/files/1/2185/2813/files/M6123R_04064_b2_s1_a1_dSU26_m257.jpg?v=1777694577,m6123r-7-circuit-short-espresso,b:1:Best Seller;BVCategory:Men;Color:Espresso:Color;ColorGroup:Brown;EcomVideo-Shomari;Filter:DisplaySize:3:Small;Filter:DisplaySize:4:Medium;Filter:DisplaySize:5:Large;Filter:DisplaySize:6:XL - 2XL;F
2026-07-13,M,mens-bestsellers,17,Accolade 1/4 Zip Pullover - Athletic Heather Grey,FLEECE/KNIT,FW,Men:Outerwear:Coverups:Pullovers,148.0,,False,1,https://cdn.shopify.com/s/files/1/2185/2813/files/U3040RG_06501_b1_s1_a5_dSP26_m243.jpg?v=1775179606,u3040rg-accolade-1-4-zip-pullover-athletic-heather-grey-mens,AccoladeBoostBury;b:1:Best Seller;BIScollection;BR:unisex;BVCategory:Men;Color:Athletic Grey:Color;ColorGroup:Grey;Filter:DisplaySize:1:XXS - XS;Filter:DisplaySize:3:Small;Filter:DisplaySize:4:Medium;
2026-07-13,M,mens-bestsellers,18,Accolade Sweatpant - Athletic Heather Grey,BOTTOM-WARM,FW,Men:Bottoms:Sweatpants,138.0,,False,1,https://cdn.shopify.com/s/files/1/2185/2813/files/U5013RG_06501_b1_s1_a1_dSP26_m243.jpg?v=1775179670,u5013rg-accolade-sweatpant-athletic-heather-grey-mens,AccoladeBoostBury;b:1:Best Seller;BR:unisex;BVCategory:Men;Color:Athletic Grey:Color;ColorGroup:Grey;Filter:DisplaySize:1:XXS - XS;Filter:DisplaySize:3:Small;Filter:DisplaySize:4:Medium;Filter:Display
2026-07-13,M,mens-bestsellers,19,Conquer 1/4 Zip Reform Long Sleeve - Navy,TOP,SEASONLESS,Men:Tops:Long Sleeves,108.0,,False,1,https://cdn.shopify.com/s/files/1/2185/2813/files/M3193R_03842_b1_s1_a1_m263.jpg?v=1762563261,m3193r-conquer-1-4-zip-reform-long-sleeve-navy,b:1:Best Seller;BuilderDropzoneStyle:CNQR;BVCategory:Men;ChinaCatalog;Color:Navy:Color;ColorGroup:Blue;Content:Builder;FA24MD1-family;Fabric:Conquer;Filter:DisplaySize:3:Small;Filter:DisplaySize:4:Med
2026-07-13,M,mens-bestsellers,20,"7"" Conquer React Performance Short - Navy",SHORTS/SKIRT,SS,Men:Bottoms:Shorts,68.0,,False,1,https://cdn.shopify.com/s/files/1/2185/2813/files/M6131R_03842_b2_s1_a1_dSU26_m243.png?v=1778517491,m6131r-conquer-react-performance-short-navy,b:1:Best Seller;BIScollection;BVCategory:Men;ChinaCatalog;Color:Navy:Color;ColorGroup:Blue;ColorwayType:Limited;EcomVideo-Shomari;Fabric:Conquer;Filter:DisplaySize:3:Small;Filter:DisplaySize:4:Medium;
2026-07-13,M,mens-bestsellers,21,Double Take Short Sleeve - Black,SHORTS/SKIRT,SS,Men:Tops:Short Sleeves,88.0,,False,1,https://cdn.shopify.com/s/files/1/2185/2813/files/M1224R_01_b1_s1_a4_dSU26_m245.jpg?v=1773246432,m1224r-double-take-short-sleeve-black,b:1:Best Seller;BuilderDropzoneStyle:DBLTK;BVCategory:Men;ChinaCatalog;Color:Black:Color;ColorGroup:Black;Content:Builder;Fabric:Double Take;Filter:DisplaySize:3:Small;Filter:DisplaySize:4:Medium;Filt
2026-07-13,M,mens-bestsellers,22,Double Take Straight Leg Pant - Black,ETC,UNTAGGED,Men:Bottoms:Pants,128.0,,False,1,https://cdn.shopify.com/s/files/1/2185/2813/files/M5259R_01_b1_s1_a1_dSP26_m243.jpg?v=1769503610,m5259r-double-take-straight-leg-pant-black,b:1:Best Seller;BVCategory:Men;ChinaCatalog;Color:Black:Color;ColorGroup:Black;Fabric:Double Take;Filter:DisplaySize:3:Small;Filter:DisplaySize:4:Medium;Filter:DisplaySize:5:Large;Filter:DisplaySize:6
2026-07-13,M,mens-bestsellers,23,Triumph Tee - White,SHORTS/SKIRT,SS,Men:Tops:Short Sleeves,58.0,,False,1,https://cdn.shopify.com/s/files/1/2185/2813/files/M1257R_00_b1_s1_a1_dSP26_m243_6115740f-9fb9-4c99-b74c-e46add1eb26d.jpg?v=1775244567,m1257r-triumph-tee-white,b:1:Best Seller;BuilderDropzoneStyle:TRMPH;BVCategory:Men;Color:White:Color;ColorGroup:White;Content:Builder;FA24;FA24Drops-family;FA24MD6-family;Fabric:Triumph;Filter:DisplaySize:3:Small;Filter:Displ
2026-07-13,M,mens-bestsellers,24,Chill Short - White Heather,SHORTS/SKIRT,SS,Men:Bottoms:Shorts,78.0,,False,1,https://cdn.shopify.com/s/files/1/2185/2813/files/M6122R_10060_b2_s1_a1_dSU26_m243.jpg?v=1779205047,m6122r-chill-short-white-heather,b:1:Best Seller;BVCategory:Men;Color:White Heather:Color;ColorGroup:White;ColorwayType:Limited;Filter:DisplaySize:3:Small;Filter:DisplaySize:4:Medium;Filter:DisplaySize:5:Large;Filter:DisplaySize:6:XL
2026-07-13,M,mens-bestsellers,25,Accolade 1/4 Zip Pullover - White Heather,FLEECE/KNIT,FW,Men:Outerwear:Coverups:Pullovers,148.0,,False,1,https://cdn.shopify.com/s/files/1/2185/2813/files/U3040RG_10060_b1_s1_a6_dSU26_m245_99a89190-24fb-44c4-9d66-f23005e3fa3f.jpg?v=1783398250,u3040rg-accolade-1-4-zip-pullover-white-heather-mens,AccoladeBoostBury;b:1:Best Seller;b:3:New;BR:unisex;BVCategory:Men;Color:White Heather:Color;ColorGroup:White;ColorwayType:Limited;Filter:DisplaySize:1:XXS - XS;Filter:DisplaySize:3:Small;Filter:Displ
2026-07-13,M,mens-bestsellers,26,Double Take Short Sleeve - White Heather,SHORTS/SKIRT,SS,Men:Tops:Short Sleeves,88.0,,False,1,https://cdn.shopify.com/s/files/1/2185/2813/files/M1224R_10060_b1_s1_a1_dSU26_m245_jpg.png?v=1778271493,m1224r-double-take-short-sleeve-white-heather,b:1:Best Seller;BR:unisex;BuilderDropzoneStyle:DBLTK;BVCategory:Men;Color:White Heather:Color;ColorGroup:White;ColorwayType:Limited;Content:Builder;Fabric:Double Take;Filter:DisplaySize:3:Small;Filter
2026-07-13,M,mens-bestsellers,27,Conquer Reform Crewneck Short Sleeve - Garnet,SHORTS/SKIRT,SS,Men:Tops:Short Sleeves,78.0,,False,1,https://cdn.shopify.com/s/files/1/2185/2813/files/M1205R_07949_b2_s1_a1_dSU26_m276.jpg?v=1780925145,m1205r-conquer-reform-crewneck-short-sleeve-garnet,b:1:Best Seller;BuilderDropzoneStyle:CNQR;BVCategory:Men;Color:Garnet:Color;ColorGroup:Red;ColorwayType:Limited;Content:Builder;Fabric:Conquer;Filter:DisplaySize:3:Small;Filter:DisplaySize:4:Medium;Fi
2026-07-13,M,mens-bestsellers,28,Linen Days Short Sleeve Button Up - Black,SHORTS/SKIRT,SS,Men:Tops:Short Sleeves,198.0,,False,1,https://cdn.shopify.com/s/files/1/2185/2813/files/M1270R_01_b2_s1_a1_dSU26_m276.jpg?v=1780925114,m1270r-linen-days-short-sleeve-button-up-black,b:1:Best Seller;BVCategory:Men;ChinaCatalog;Color:Black:Color;ColorGroup:Black;Filter:DisplaySize:3:Small;Filter:DisplaySize:4:Medium;Filter:DisplaySize:5:Large;Filter:DisplaySize:6:XL - 2XL;Filter:Si
2026-07-13,M,mens-bestsellers,29,"5"" Repetition Short - Titanium",SHORTS/SKIRT,SS,Men:Bottoms:Shorts,78.0,,False,1,https://cdn.shopify.com/s/files/1/2185/2813/files/M6155R_01320_b1_s1_a1_dSU26_m274.jpg?v=1778235654,m6155r-5-repetition-short-titanium,b:1:Best Seller;BVCategory:Men;ChinaCatalog;Color:Titanium:Color;ColorGroup:Grey;ColorwayType:Limited;Filter:DisplaySize:3:Small;Filter:DisplaySize:4:Medium;Filter:DisplaySize:5:Large;Filter:DisplaySi
2026-07-13,M,mens-bestsellers,30,ALO Vapor Crewneck Short Sleeve - Blue Breeze,SHORTS/SKIRT,SS,Men:Tops:Short Sleeves,68.0,,False,1,https://cdn.shopify.com/s/files/1/2185/2813/files/M1228R_07948_b2_s1_a1_dSU26_m243.png?v=1778242176,m1228r-alo-vapor-crewneck-short-sleeve-blue-breeze,b:1:Best Seller;BuilderDropzoneStyle:VAPR;BVCategory:Men;ChinaCatalog;Color:Blue Breeze:Color;ColorGroup:Blue;ColorwayType:Limited;Content:Builder;Fabric:ALO Vapor;Filter:DisplaySize:3:Small;Filter:Di
2026-07-13,M,mens-bestsellers,31,"7"" Linen Days Short - White",SHORTS/SKIRT,SS,Men:Bottoms:Shorts,168.0,,False,1,https://cdn.shopify.com/s/files/1/2185/2813/files/M6194R_05594_b1_s1_a1_dSU26_m214.jpg?v=1779879557,m6194r-7-linen-days-short-white,b:1:Best Seller;BVCategory:Men;ChinaCatalog;Color:White:Color;ColorGroup:White;Filter:DisplaySize:3:Small;Filter:DisplaySize:4:Medium;Filter:DisplaySize:5:Large;Filter:DisplaySize:6:XL - 2XL;Filter:Si
2026-07-13,M,mens-bestsellers,32,Linen Days Short Sleeve Button Up - White,SHORTS/SKIRT,SS,Men:Tops:Short Sleeves,198.0,,False,1,https://cdn.shopify.com/s/files/1/2185/2813/files/M1270R_05594_b1_s1_a4_dSU26_m214.jpg?v=1779878517,m1270r-linen-days-short-sleeve-button-up-white,b:1:Best Seller;BVCategory:Men;ChinaCatalog;Color:White:Color;ColorGroup:White;Filter:DisplaySize:3:Small;Filter:DisplaySize:4:Medium;Filter:DisplaySize:5:Large;Filter:DisplaySize:6:XL - 2XL;Filter:Si
2026-07-13,M,mens-bestsellers,33,Takeaway Track Full Zip Jacket - Black,OUTERWEAR,FW,Men:Outerwear:Jackets,188.0,,False,1,https://cdn.shopify.com/s/files/1/2185/2813/files/M3334R_01_b2_s1_a1_dSU26_m243.png?v=1778242657,m3334r-takeaway-track-full-zip-jacket-black,b:1:Best Seller;BR:unisex;BVCategory:Men;Color:Black:Color;ColorGroup:Black;Filter:DisplaySize:3:Small;Filter:DisplaySize:4:Medium;Filter:DisplaySize:5:Large;Filter:DisplaySize:6:XL - 2XL;Filter:Size:
2026-07-13,M,mens-bestsellers,34,Conquer Muscle Tank - Garnet,BRA/TANK,SS,Men:Tops:Tanks,68.0,,False,1,https://cdn.shopify.com/s/files/1/2185/2813/files/M2066R_07949_b2_s1_a1_dSU26_m276.jpg?v=1780924895,m2066r-conquer-muscle-tank-garnet,b:1:Best Seller;BuilderDropzoneStyle:CNQR;BVCategory:Men;Color:Garnet:Color;ColorGroup:Red;ColorwayType:Limited;Content:Builder;Fabric:Conquer;Filter:DisplaySize:3:Small;Filter:DisplaySize:4:Medium;Fi
2026-07-13,M,mens-bestsellers,35,Takeaway Track Full Zip Jacket - Titanium,OUTERWEAR,FW,Men:Outerwear:Jackets,188.0,,False,1,https://cdn.shopify.com/s/files/1/2185/2813/files/M3334R_01320_b2_s1_a1_dSU26_m275.png?v=1778242791,m3334r-takeaway-track-full-zip-jacket-titanium,b:1:Best Seller;BR:unisex;BVCategory:Men;Color:Titanium:Color;ColorGroup:Grey;ColorwayType:Limited;Filter:DisplaySize:3:Small;Filter:DisplaySize:4:Medium;Filter:DisplaySize:5:Large;Filter:DisplaySize:
2026-07-13,M,mens-bestsellers,36,"7"" Coastline Knit Short - Black",SHORTS/SKIRT,SS,Men:Bottoms:Shorts,138.0,,False,1,https://cdn.shopify.com/s/files/1/2185/2813/files/M6196R_01_b2_s1_a1_dSU26_m276.jpg?v=1780943916,m6196r-7-coastline-knit-short-black,b:1:Best Seller;BVCategory:Men;ChinaCatalog;Color:Black:Color;ColorGroup:Black;Filter:DisplaySize:3:Small;Filter:DisplaySize:4:Medium;Filter:DisplaySize:5:Large;Filter:DisplaySize:6:XL - 2XL;Filter:Si
2026-07-13,M,mens-bestsellers,37,"7"" Linen Days Short - Black",SHORTS/SKIRT,SS,Men:Bottoms:Shorts,168.0,,False,1,https://cdn.shopify.com/s/files/1/2185/2813/files/M6194R_01_b1_s1_a3_dSU26_m245.jpg?v=1779879515,m6194r-7-linen-days-short-black,b:1:Best Seller;BVCategory:Men;ChinaCatalog;Color:Black:Color;ColorGroup:Black;Filter:DisplaySize:3:Small;Filter:DisplaySize:4:Medium;Filter:DisplaySize:5:Large;Filter:DisplaySize:6:XL - 2XL;Filter:Si
2026-07-13,M,mens-bestsellers,38,Conquer Reform Long Sleeve With Hood - Garnet,TOP,SEASONLESS,Men:Tops:Long Sleeves,108.0,,False,1,https://cdn.shopify.com/s/files/1/2185/2813/files/M3199R_07949_b2_s1_a1_dSU26_m275.jpg?v=1780924861,m3199r-conquer-reform-long-sleeve-with-hood-garnet,b:1:Best Seller;BuilderDropzoneStyle:CNQR;BVCategory:Men;Color:Garnet:Color;ColorGroup:Red;ColorwayType:Limited;Content:Builder;Fabric:Conquer;Filter:DisplaySize:3:Small;Filter:DisplaySize:4:Medium;Fi
2026-07-13,M,mens-bestsellers,39,Conquer Reform Crewneck Short Sleeve - Navy,SHORTS/SKIRT,SS,Men:Tops:Short Sleeves,78.0,,False,1,https://cdn.shopify.com/s/files/1/2185/2813/files/M1205R_03842_b2_s1_a1_1_m214.jpg?v=1761533071,m1205r-conquer-reform-crewneck-short-sleeve-navy,b:1:Best Seller;BuilderDropzoneStyle:CNQR;BVCategory:Men;ChinaCatalog;Color:Navy:Color;ColorGroup:Blue;Content:Builder;FA24MD1-family;Fabric:Conquer;Filter:DisplaySize:3:Small;Filter:DisplaySize:4:Med
2026-07-13,M,mens-bestsellers,40,"7"" Double Take Short - Black",SHORTS/SKIRT,SS,Men:Bottoms:Shorts,88.0,,False,1,https://cdn.shopify.com/s/files/1/2185/2813/files/M6143R_01_b2_s1_a2_1_m245.jpg?v=1756316493,m6143r-7-double-take-short-black,b:1:Best Seller;BIScollection;BVCategory:Men;ChinaCatalog;Color:Black:Color;ColorGroup:Black;Fabric:Double Take;Filter:DisplaySize:3:Small;Filter:DisplaySize:4:Medium;Filter:DisplaySize:5:Large;Filter
2026-07-13,M,mens-bestsellers,41,"5"" Circuit Short - Espresso",SHORTS/SKIRT,SS,Men:Bottoms:Shorts,68.0,,False,1,https://cdn.shopify.com/s/files/1/2185/2813/files/M6158R_04064_b2_s1_a1_dSU26_m276.png?v=1778517627,m6158r-5-circuit-short-espresso,b:1:Best Seller;BVCategory:Men;ChinaCatalog;Color:Espresso:Color;ColorGroup:Brown;FA25Drops-family;FA25MBridge-family;Filter:DisplaySize:3:Small;Filter:DisplaySize:4:Medium;Filter:DisplaySize:5:Large;
2026-07-13,M,mens-bestsellers,42,Unisex Half-Crew Throwback Sock - White/Black,ACC,SEASONLESS,Accessories:Socks,34.0,,False,1,https://cdn.shopify.com/s/files/1/2185/2813/products/A0480U_0001_b1_a1.jpg?v=1669748933,a0480u-unisex-half-crew-throwback-sock-white-black,b:1:Best Seller;BVCategory:Socks;Color:White:Color;ColorGroup:White;Filter:Size:L;Filter:Size:M;Filter:Size:S;Maintenance:ColorwayProduct;master-accessories-all;master-accessories-men;master-man-all;m
2026-07-13,M,mens-bestsellers,43,Chill Short - Black,SHORTS/SKIRT,SS,Men:Bottoms:Shorts,78.0,,False,1,https://cdn.shopify.com/s/files/1/2185/2813/files/M6122R_01_b1_s1_a2_dSP26_m214_6bf38e0e-c727-4b06-96df-d5881f65680e.jpg?v=1780513270,m6122r-chill-short-black,b:1:Best Seller;BVCategory:Men;Color:Black:Color;ColorGroup:Black;EcomVideo-Shomari;Filter:DisplaySize:3:Small;Filter:DisplaySize:4:Medium;Filter:DisplaySize:5:Large;Filter:DisplaySize:6:XL - 2XL;Filt
2026-07-13,M,mens-bestsellers,44,Keep It Cool Gym Towel - Gravel,ACC,SEASONLESS,Accessories:Equipment:Towels,38.0,,False,1,https://cdn.shopify.com/s/files/1/2185/2813/files/A0457U_05438_b1_s1_a3_dSU26.jpg?v=1776857083,a0457u-keep-it-cool-gym-towel-gravel,b:1:Best Seller;BVCategory:Accessories;ChinaCatalog;Color:Gravel:Color;ColorGroup:Beige;JustDropped:New This Season;Maintenance:ColorwayProduct;master-accessories-all;master-accessories-men;master-man
2026-07-13,M,mens-bestsellers,45,Double Take Short Sleeve - White,SHORTS/SKIRT,SS,Men:Tops:Short Sleeves,88.0,,False,1,https://cdn.shopify.com/s/files/1/2185/2813/files/M1224R_05594_b1_s1_a1_m221.jpg?v=1761941985,m1224r-double-take-short-sleeve-white,b:1:Best Seller;bis-paused;BuilderDropzoneStyle:DBLTK;BVCategory:Men;Color:White:Color;ColorGroup:White;Content:Builder;Fabric:Double Take;Filter:DisplaySize:3:Small;Filter:DisplaySize:4:Medium;Filter
2026-07-13,M,mens-bestsellers,46,Sports Club Sweater Knit Polo - Ivory,FLEECE/KNIT,FW,Men:Tops:Short Sleeves,168.0,,False,1,https://cdn.shopify.com/s/files/1/2185/2813/files/M1250R_03299_b1_s1_a1_m243.jpg?v=1747108191,m1250r-sports-club-sweater-knit-polo-ivory,b:1:Best Seller;BVCategory:Men;ChinaCatalog;Color:Ivory:Color;ColorGroup:White;Filter:DisplaySize:3:Small;Filter:DisplaySize:4:Medium;Filter:DisplaySize:5:Large;Filter:DisplaySize:6:XL - 2XL;Filter:Si
2026-07-13,M,mens-bestsellers,47,ALO Vapor Crewneck Short Sleeve - Navy,SHORTS/SKIRT,SS,Men:Tops:Short Sleeves,68.0,,False,1,https://cdn.shopify.com/s/files/1/2185/2813/files/M1228R_03842_b1_s1_a1_m180.jpg?v=1754469666,m1228r-alo-vapor-crewneck-short-sleeve-navy,b:1:Best Seller;BuilderDropzoneStyle:VAPR;BVCategory:Men;ChinaCatalog;Color:Navy:Color;ColorGroup:Blue;ColorwayType:Limited;Content:Builder;FA25MBridge-family;Fabric:ALO Vapor;Filter:DisplaySize:3:Sma
2026-07-13,M,mens-bestsellers,48,Conquer 1/4 Zip Reform Long Sleeve - Black,TOP,SEASONLESS,Men:Tops:Long Sleeves,108.0,,False,1,https://cdn.shopify.com/s/files/1/2185/2813/files/M3193R_01_b1_s1_a1_dSP26_m243.jpg?v=1774387522,m3193r-conquer-1-4-zip-reform-long-sleeve-black,b:1:Best Seller;BuilderDropzoneStyle:CNQR;BVCategory:Men;ChinaCatalog;Color:Black:Color;ColorGroup:Black;Content:Builder;FA24MD3-FAMILY;Fabric:Conquer;Filter:DisplaySize:3:Small;Filter:DisplaySize:4:M
2026-07-13,M,mens-bestsellers,49,Off-Duty Cap - Black/Black,ACC,SEASONLESS,Accessories:Hats:Caps,64.0,,False,1,https://cdn.shopify.com/s/files/1/2185/2813/products/W7112R_0101_b1_a1.jpg?v=1672871437,w7112r-off-duty-cap-black-black,aloversary20off;b:1:Best Seller;BVCategory:Accessories;ChinaCatalog;Color:Black:Color;ColorGroup:Black;Maintenance:ColorWayBot_insert;Maintenance:ColorWayBot_upserted_me;Maintenance:ColorwayProduct;ma
2026-07-13,M,mens-bestsellers,50,ALO Vapor Crewneck Short Sleeve - Black,SHORTS/SKIRT,SS,Men:Tops:Short Sleeves,68.0,,False,1,https://cdn.shopify.com/s/files/1/2185/2813/files/M1228R_01_b2_s3_a3_dFA25_m245.jpg?v=1776888215,m1228r-alo-vapor-crewneck-short-sleeve-black,b:1:Best Seller;BuilderDropzoneStyle:VAPR;BVCategory:Men;ChinaCatalog;Color:Black:Color;ColorGroup:Black;Content:Builder;FA25MBridge-family;Fabric:ALO Vapor;Filter:DisplaySize:3:Small;Filter:DisplaySi
2026-07-20,W,bestsellers,1,Match Point Tennis Skirt - White,SHORTS/SKIRT,SS,Women:Bottoms:Skirts,78.0,,False,1,https://cdn.shopify.com/s/files/1/2185/2813/files/W6240R_05594_b2_s1_a1_dSP26_m54.jpg?v=1770056609,w6240r-match-point-tennis-skirt-white,aloversary20off;b:1:Best Seller;BVCategory:Women;ChinaCatalog;Color:White:Color;ColorGroup:White;Filter:DisplaySize:1:XXS - XS;Filter:DisplaySize:3:Small;Filter:DisplaySize:4:Medium;Filter:DisplaySize
2026-07-20,W,bestsellers,2,Sway My Way Micro Short - White Heather,SHORTS/SKIRT,SS,Women:Bottoms:Shorts,68.0,,False,1,https://cdn.shopify.com/s/files/1/2185/2813/files/W6562R_10060_b2_s1_a1_dSU26_m143.jpg?v=1782940219,w6562r-sway-my-way-micro-short-white-heather,b:1:Best Seller;b:3:New;BVCategory:Women;Color:White Heather:Color;ColorGroup:White;ColorwayType:Limited;Filter:DisplaySize:1:XXS - XS;Filter:DisplaySize:3:Small;Filter:DisplaySize:4:Medium;Filter:Dis
2026-07-20,W,bestsellers,3,Unisex Half-Crew Throwback Sock - White/Azure Blue,ACC,SEASONLESS,Accessories:Socks,34.0,,False,1,https://cdn.shopify.com/s/files/1/2185/2813/files/A0480U_08028_b1_s1_a3_dSU26.jpg?v=1780653200,a0480u-unisex-half-crew-throwback-sock-white-azure-blue-2,b:1:Best Seller;BVCategory:Accessories;Color:White:Color;ColorGroup:White;ColorwayType:Limited;FA25AHG/WhiteCodeUpdate;Filter:Size:L;Filter:Size:M;Filter:Size:S;JustDropped:New This Month;JustDropped:
2026-07-20,W,bestsellers,4,Accolade 1/4 Zip Pullover - Black,FLEECE/KNIT,FW,Women:Outerwear:Coverups:Pullovers,148.0,,False,1,https://cdn.shopify.com/s/files/1/2185/2813/files/U3040RG_01_b2_s1_a1_1_m210.jpg?v=1770144016,u3040rg-accolade-1-4-zip-pullover-black,AA25-PDPselects;AccoladeBoostBury;b:1:Best Seller;BISCollection;BR:unisex;BVCategory:Women;Color:Black:Color;ColorGroup:Black;Filter:DisplaySize:1:XXS - XS;Filter:DisplaySize:3:Small;Filter:DisplaySiz
2026-07-20,W,bestsellers,5,Suit Up Trouser (Regular) - Navy,ETC,UNTAGGED,Women:Bottoms:Pants,148.0,,False,1,https://cdn.shopify.com/s/files/1/2185/2813/files/W51432R_04893_b2_s1_a1_dSU26_m191.jpg?v=1777663637,w51432r-suit-up-trouser-regular-navy,AA25-PDPselects;b:1:Best Seller;BIScollection;BuilderDropzoneStyle:SUTRSER;BVCategory:Women;ChinaCatalog;Color:Navy:Color;ColorGroup:Blue;Content:Builder;Filter:DisplaySize:1:XXS - XS;Filter:DisplaySi
2026-07-20,W,bestsellers,6,Goddess Ribbed First Pick Bra Tank - Azure Blue/White,BRA/TANK,SS,Women:Tops:Tanks,88.0,,False,1,https://cdn.shopify.com/s/files/1/2185/2813/files/W9960R_08039_b2_s1_a1_dSU26_m143.jpg?v=1782424708,w9960r-goddess-ribbed-first-pick-bra-tank-azure-blue-white,b:1:Best Seller;BVCategory:Women;Color:Azure Blue:Color;ColorGroup:Blue;ColorwayType:Limited;Computed:IsAlmostGone;Computed:UnderInventoryThreshold:5:for:M;Computed:UnderInventoryThreshold:5:for:S;Fab
2026-07-20,W,bestsellers,7,Goddess Ribbed High-Waist First Pick Short - Azure Blue/White,SHORTS/SKIRT,SS,Women:Bottoms:Shorts,74.0,,False,1,https://cdn.shopify.com/s/files/1/2185/2813/files/W6597R_08039_b2_s1_a1_dSU26_m143.jpg?v=1782424988,w6597r-goddess-ribbed-high-waist-first-pick-short-azure-blue-white,b:1:Best Seller;BVCategory:Women;Color:Azure Blue:Color;ColorGroup:Blue;ColorwayType:Limited;Fabric:Ribbed;Filter:DisplaySize:1:XXS - XS;Filter:DisplaySize:3:Small;Filter:DisplaySize:4:Medium;Filter:D
2026-07-20,W,bestsellers,8,Double Or Nothing Tennis Skirt - Black,SHORTS/SKIRT,SS,Women:Bottoms:Skirts,88.0,,False,1,https://cdn.shopify.com/s/files/1/2185/2813/files/W6574R_01_b2_s1_a1_dSP26_m191.jpg?v=1771232430,w6574r-double-or-nothing-tennis-skirt-black,b:1:Back in Stock;b:1:Best Seller;BISCollection;BVCategory:Women;ChinaCatalog;Color:Black:Color;ColorGroup:Black;Filter:DisplaySize:1:XXS - XS;Filter:DisplaySize:3:Small;Filter:DisplaySize:4:Medium;Fi
2026-07-20,W,bestsellers,9,Alosoft Crop Finesse Short Sleeve - Azure Blue,SHORTS/SKIRT,SS,Women:Tops:Short Sleeves,68.0,,False,1,https://cdn.shopify.com/s/files/1/2185/2813/files/W1406R_04830_b1_s1_a2_dSU26_m241.jpg?v=1780653454,w1406r-alosoft-crop-finesse-short-sleeve-azure-blue,b:1:Best Seller;BuilderDropzoneStyle:ALOSOFT;BVCategory:Women;Color:Azure Blue:Color;ColorGroup:Blue;ColorwayType:Limited;Content:Builder;Fabric:Alosoft;Filter:DisplaySize:1:XXS - XS;Filter:DisplaySiz
2026-07-20,W,bestsellers,10,Splendor Bra - Black,BRA/TANK,SS,Women:Bras,68.0,,False,1,https://cdn.shopify.com/s/files/1/2185/2813/files/W9351RG_01_b2_s1_a1_dSU26_m241.png?v=1778517031,w9351rg-splendor-bra-black,b:1:Best Seller;BISCollection;BuilderDropzoneStyle:AIRBRUSH;BVCategory:Women;ChinaCatalog;Color:Black:Color;ColorGroup:Black;Content:Builder;Fabric:Airbrush;Filter:DisplaySize:1:XXS - XS;Filter:Displa
2026-07-20,W,bestsellers,11,Airbrush High-Waist Heart Throb Legging - Black/White,LEGGING,SEASONLESS,Women:Bottoms:Leggings,134.0,,False,1,https://cdn.shopify.com/s/files/1/2185/2813/files/W51298R_0100_b2_s1_a1_dSP26_m210.jpg?v=1770668689,w51298r-airbrush-high-waist-heart-throb-legging-black-white,b:1:Best Seller;BIScollection;BuilderDropzoneStyle:ABRSHRISE;BVCategory:Women;ChinaCatalog;Color:Black:Color;ColorGroup:Black;Content:Builder;FA23;FA23D3-family;Filter:DisplaySize:1:XXS - XS;Filter:Di
2026-07-20,W,bestsellers,12,Suit Up Trouser (Regular) - Espresso,ETC,UNTAGGED,Women:Bottoms:Pants,148.0,,False,1,https://cdn.shopify.com/s/files/1/2185/2813/files/W51432R_04064_b2_s1_a1_dSU26_m190.jpg?v=1777663548,w51432r-suit-up-trouser-regular-espresso,b:1:Best Seller;BuilderDropzoneStyle:SUTRSER;BVCategory:Women;ChinaCatalog;Color:Espresso:Color;ColorGroup:Brown;Content:Builder;Filter:DisplaySize:1:XXS - XS;Filter:DisplaySize:3:Small;Filter:Display
2026-07-20,W,bestsellers,13,Accolade Crew Neck Pullover - Black,FLEECE/KNIT,FW,Women:Outerwear:Coverups:Pullovers,138.0,,False,1,https://cdn.shopify.com/s/files/1/2185/2813/files/U3031RG_01_b2_s1_a1_dSU26_m191.png?v=1780950591,u3031rg-accolade-crew-neck-pullover-black,AccoladeBoostBury;b:1:Best Seller;BR:unisex;builderdropzonestyle:FYFACREW;BVCategory:Women;Color:Black:Color;ColorGroup:Black;Content:Builder;Filter:DisplaySize:1:XXS - XS;Filter:DisplaySize:3:Small;F
2026-07-20,W,bestsellers,14,Match Point Tennis Skirt - Black,SHORTS/SKIRT,SS,Women:Bottoms:Skirts,78.0,,False,1,https://cdn.shopify.com/s/files/1/2185/2813/files/W6240R_01_b2_s1_a1_dSU26_m269.jpg?v=1779409804,w6240r-match-point-tennis-skirt-black,aloversary20off;b:1:Best Seller;BIScollection;blackskirt;BVCategory:Women;ChinaCatalog;Color:Black:Color;ColorGroup:Black;Filter:DisplaySize:1:XXS - XS;Filter:DisplaySize:3:Small;Filter:DisplaySize:4:
2026-07-20,W,bestsellers,15,7/8 High-Waist Airlift Legging - Black,LEGGING,SEASONLESS,Women:Bottoms:Leggings,134.0,,False,1,https://cdn.shopify.com/s/files/1/2185/2813/files/W5766R_01_b2_s1_a1_1_m18.jpg?v=1762820993,w5766r-7-8-high-waist-airlift-legging-black,7/8 Length;AA25-PDPselects;aloversary20off;B&W;b:1:Best Seller;Bluemoon-family;bronzed-family;BuilderDropzoneStyle:ARLTRISE;BVCategory:Women;ChinaCatalog;Color:Black:Color;ColorGroup:Black;Content:Bui
2026-07-20,W,bestsellers,16,Match Point Short - Black,SHORTS/SKIRT,SS,Women:Bottoms:Shorts,78.0,,False,1,https://cdn.shopify.com/s/files/1/2185/2813/files/W6334R_01_b1_s1_a1_1_m76.jpg?v=1768261305,w6334r-match-point-short-black,b:1:Best Seller;BIScollection;BVCategory:Women;ChinaCatalog;Color:Black:Color;ColorGroup:Black;FA23;FA23D1-family;Filter:DisplaySize:1:XXS - XS;Filter:DisplaySize:3:Small;Filter:DisplaySize:4:Medium;F
2026-07-20,W,bestsellers,17,Airbrush Heart Throb Bra - Black/White,LEGGING,SS,Women:Bras,88.0,,False,1,https://cdn.shopify.com/s/files/1/2185/2813/files/W9680R_0100_b2_s1_a1_dSU26_m191.jpg?v=1777665639,w9680r-airbrush-heart-throb-bra-black-white,b:1:Best Seller;BIScollection;BuilderDropzoneStyle:AIRBRUSH;BVCategory:Women;ChinaCatalog;Color:Black:Color;ColorGroup:Black;Content:Builder;FA23;FA23D3-family;Filter:DisplaySize:1:XXS - XS;Filter:Dis
2026-07-20,W,bestsellers,18,Alosoft Crop Finesse Short Sleeve - Navy,SHORTS/SKIRT,SS,Women:Tops:Short Sleeves,68.0,,False,1,https://cdn.shopify.com/s/files/1/2185/2813/files/W1406R_03842_b2_s1_a1_dSP26_m262.jpg?v=1770053935,w1406r-alosoft-crop-finesse-short-sleeve-navy,b:1:Best Seller;bis-paused;BuilderDropzoneStyle:ALOSOFT;BVCategory:Women;ChinaCatalog;Color:Navy:Color;ColorGroup:Blue;ColorwayType:Limited;Content:Builder;Fabric:Alosoft;Filter:DisplaySize:1:XXS - XS
2026-07-20,W,bestsellers,19,Suit Up Trouser (Regular) - Black,ETC,UNTAGGED,Women:Bottoms:Pants,148.0,,False,1,https://cdn.shopify.com/s/files/1/2185/2813/files/W54187R_01_b2_s1_a1_dSU26_m270.png?v=1778515662,w51432r-suit-up-trouser-black,AA25-PDPselects;b:1:Best Seller;BuilderDropzoneStyle:SUTRSER;BVCategory:Women;ChinaCatalog;Color:Black:Color;ColorGroup:Black;Content:Builder;Filter:DisplaySize:1:XXS - XS;Filter:DisplaySize:3:Small;F
2026-07-20,W,bestsellers,20,Accolade Crew Neck Pullover - Azure Blue,FLEECE/KNIT,FW,Women:Outerwear:Coverups:Pullovers,138.0,,False,1,https://cdn.shopify.com/s/files/1/2185/2813/files/U3031RG_04830_b2_s1_a1_dSU26_m269.png?v=1781007239,u3031rg-accolade-crew-neck-pullover-azure-blue,AccoladeBoostBury;b:1:Best Seller;BR:unisex;builderdropzonestyle:FYFACREW;BVCategory:Women;Color:Azure Blue:Color;ColorGroup:Blue;ColorwayType:Limited;Content:Builder;Filter:DisplaySize:1:XXS - XS;Fil
2026-07-20,W,bestsellers,21,Airbrush Better Together Bra - Black/White,LEGGING,SS,Women:Bras,88.0,,False,1,https://cdn.shopify.com/s/files/1/2185/2813/files/W9918R_0100_b2_s1_a1_dSU26_m190_4067b697-bb23-4089-bc9b-24c146b2dff6.jpg?v=1779830662,w9918r-airbrush-better-together-bra-black-white,b:1:Best Seller;BISCollection;BuilderDropzoneStyle:AIRBRUSH;BVCategory:Women;ChinaCatalog;Color:Black:Color;ColorGroup:Black;Content:Builder;Fabric:Airbrush;Filter:DisplaySize:1:XXS - XS;Filter:Displa
2026-07-20,W,bestsellers,22,Suit Up Trouser (Regular) - White/Black,ETC,UNTAGGED,Women:Bottoms:Pants,148.0,,False,1,https://cdn.shopify.com/s/files/1/2185/2813/files/W51432R_06092_b2_s1_a1_dSU26_m270.png?v=1778019824,w51432r-suit-up-trouser-regular-white-black,b:1:Best Seller;BuilderDropzoneStyle:SUTRSER;BVCategory:Women;ChinaCatalog;Color:White:Color;ColorGroup:White;Content:Builder;Filter:DisplaySize:1:XXS - XS;Filter:DisplaySize:3:Small;Filter:DisplaySiz
2026-07-20,W,bestsellers,23,90's Claw Clip - White Pearl,ETC,UNTAGGED,Women:Accessories:Hair Management:Hair Ties,38.0,,False,1,https://cdn.shopify.com/s/files/1/2185/2813/files/A0286W_05201_b1_s1_a1_3036804a-e348-4f82-a26c-a3fd8aa67121.jpg?v=1698259388,a0286w-90s-claw-clip-white-pearl,b:1:Best Seller;BVCategory:Accessories;ChinaCatalog;Color:White Pearl:Color;ColorGroup:White;FA23;FA23D1-family;Maintenance:ColorwayProduct;master-accessories-all;master-woman-all;not_clearance;pricin
2026-07-20,W,bestsellers,24,Aspire Tank - White/Black,BRA/TANK,SS,Women:Tops:Tanks,68.0,,False,1,https://cdn.shopify.com/s/files/1/2185/2813/files/W2675RG_0001_b2_s1_a1_dSU26_m91.jpg?v=1777664664,w2675rg-aspire-tank-white-black,AA25-PDPselects;aloversary20off;b:1:Best Seller;bis-paused;bluequartz-family;BVCategory:Women;ChinaCatalog;Color:White:Color;ColorGroup:White;Filter:DisplaySize:1:XXS - XS;Filter:DisplaySize:3:Small;F
2026-07-20,W,bestsellers,25,Match Point Short - Emerald Isle,SHORTS/SKIRT,SS,Women:Bottoms:Shorts,78.0,,False,1,https://cdn.shopify.com/s/files/1/2185/2813/files/W6334R_07951_b2_s1_a1_dSU26_191.jpg?v=1782774361,w6334r-match-point-short-emerald-isle,b:1:Best Seller;b:3:New;BVCategory:Women;Color:Emerald Isle:Color;ColorGroup:Green;ColorwayType:Limited;Filter:DisplaySize:1:XXS - XS;Filter:DisplaySize:3:Small;Filter:DisplaySize:4:Medium;Filter:Disp
2026-07-20,W,bestsellers,26,All Day Short Sleeve - White,SHORTS/SKIRT,SS,Women:Tops:Short Sleeves,68.0,,False,1,https://cdn.shopify.com/s/files/1/2185/2813/files/W1430R_05594_b2_s1_a1_dSP26_m54.jpg?v=1770052626,w1430r-all-day-short-sleeve-white,b:1:Best Seller;BVCategory:Women;Color:White:Color;ColorGroup:White;Filter:DisplaySize:1:XXS - XS;Filter:DisplaySize:3:Small;Filter:DisplaySize:4:Medium;Filter:DisplaySize:5:L - XL;Filter:Size:L;Filte
2026-07-20,W,bestsellers,27,Suit Up Trouser (Short) - Navy,SHORTS/SKIRT,SS,Women:Bottoms:Pants,148.0,,False,1,https://cdn.shopify.com/s/files/1/2185/2813/files/W54428R_03842_b2_s1_a2_dSU25_m191.jpg?v=1779925983,w54428r-suit-up-trouser-short-navy,b:1:Best Seller;BuilderDropzoneStyle:SUTRSER;BVCategory:Women;ChinaCatalog;Color:Navy:Color;ColorGroup:Blue;Content:Builder;Filter:DisplaySize:1:XXS - XS;Filter:DisplaySize:3:Small;Filter:DisplaySize:
2026-07-20,W,bestsellers,28,Airlift Skyglow Bra - Emerald Isle,LEGGING,SS,Women:Bras,88.0,,False,1,https://cdn.shopify.com/s/files/1/2185/2813/files/W9951R_07951_b2_s1_a1_dSU26_m191_9072a327-a7ba-4137-9dc0-5ed8bc2b81a6.jpg?v=1783017039,w9951r-airlift-skyglow-bra-emerald-isle,b:1:Best Seller;b:3:New;BuilderDropzoneStyle:AIRLIFT;BVCategory:Women;Color:Emerald Isle:Color;ColorGroup:Green;ColorwayType:Limited;Content:Builder;Fabric:Airlift;Filter:DisplaySize:1:XXS - XS;Filter
2026-07-20,W,bestsellers,29,Accolade Straight Leg Sweatpant - Summer Romance Red,BOTTOM-WARM,FW,Women:Bottoms:Sweatpants,138.0,,False,1,https://cdn.shopify.com/s/files/1/2185/2813/files/U5012RG_07952_b1_s1_a1_dSU26_m191.jpg?v=1779686163,u5012rg-accolade-straight-leg-sweatpant-summer-romance-red,AccoladeBoostBury;b:1:Best Seller;BR:unisex;builderdropzonestyle:FYFASL;BVCategory:Women;Color:Summer Romance Red:Color;ColorGroup:Red;ColorwayType:Limited;Content:Builder;Filter:DisplaySize:1:XXS - X
2026-07-20,W,bestsellers,30,Accolade Short - Black,SHORTS/SKIRT,SS,Women:Bottoms:Shorts,78.0,,False,1,https://cdn.shopify.com/s/files/1/2185/2813/files/W6472RG_01_b2_s1_a1_dWT25_m265.jpg?v=1776890407,w6472rg-accolade-short-black,AccoladeBoostBury;b:1:Best Seller;BVCategory:Women;Color:Black:Color;ColorGroup:Black;Filter:DisplaySize:1:XXS - XS;Filter:DisplaySize:3:Small;Filter:DisplaySize:4:Medium;Filter:DisplaySize:5:L - XL;F
2026-07-20,W,bestsellers,31,Seamless Ribbed Favorite Bra Tank - Azure Blue,BRA/TANK,SS,Women:Tops:Tanks,84.0,,False,1,https://cdn.shopify.com/s/files/1/2185/2813/files/W9730R_04830_b1_s1_a1_dSU26_m241_27284091-af74-43fd-9b12-081eec0c4a13.jpg?v=1781545172,w9730r-seamless-ribbed-favorite-bra-tank-azure-blue,b:1:Best Seller;BVCategory:Women;Color:Azure Blue:Color;ColorGroup:Blue;ColorwayType:Limited;Fabric:Ribbed;Filter:DisplaySize:1:XXS - XS;Filter:DisplaySize:3:Small;Filter:DisplaySize:4:Medium;Filter:D
2026-07-20,W,bestsellers,32,ALO Softsculpt Amp It Up Bra - Black,BRA/TANK,SS,Women:Bras,78.0,,False,1,https://cdn.shopify.com/s/files/1/2185/2813/files/W9968R_01_b2_s1_a1_dSU26_m269.png?v=1778044824,w9968r-alo-softsculpt-amp-it-up-bra-black,b:1:Best Seller;BuilderDropzoneStyle:SOFTSCULPT;BVCategory:Women;ChinaCatalog;Color:Black:Color;ColorGroup:Black;Content:Builder;Fabric:ALO Softsculpt;Filter:DisplaySize:1:XXS - XS;Filter:DisplaySize:
2026-07-20,W,bestsellers,33,Timeless Tee - Black,SHORTS/SKIRT,SS,Women:Tops:Short Sleeves,68.0,,False,1,https://cdn.shopify.com/s/files/1/2185/2813/files/W1509R_01_b1_s1_a3_dSU26_m191.jpg?v=1778656366,w1509r-timeless-tee-black,b:1:Best Seller;BVCategory:Women;ChinaCatalog;Color:Black:Color;ColorGroup:Black;Filter:DisplaySize:1:XXS - XS;Filter:DisplaySize:3:Small;Filter:DisplaySize:4:Medium;Filter:DisplaySize:5:L - XL;Filter
2026-07-20,W,bestsellers,34,7/8 High-Waist Airlift Legging - Emerald Isle,LEGGING,SEASONLESS,Women:Bottoms:Leggings,134.0,,False,1,https://cdn.shopify.com/s/files/1/2185/2813/files/W5766R_07951_b2_s1_a2_dSU26_m191.jpg?v=1783017481,w5766r-7-8-high-waist-airlift-legging-emerald-isle,b:1:Best Seller;b:3:New;BuilderDropzoneStyle:ARLTRISE;BVCategory:Women;Color:Emerald Isle:Color;ColorGroup:Green;ColorwayType:Limited;Content:Builder;Fabric:Airlift;Filter:DisplaySize:1:XXS - XS;Filte
2026-07-20,W,bestsellers,35,Airbrush Splendor Dress - Black,LEGGING,SS,Women:One Piece:Dresses,138.0,,False,1,https://cdn.shopify.com/s/files/1/2185/2813/files/W8346R_01_b2_s1_a3_m240_aa615dd0-7a3a-4c55-89e4-442cbe33aa5f.jpg?v=1753980228,w8346r-airbrush-splendor-dress-black,b:1:Best Seller;BISCollection;BuilderDropzoneStyle:AIRBRUSH;BVCategory:Women;ChinaCatalog;Color:Black:Color;ColorGroup:Black;Content:Builder;FA25D1-1-family;FA25Drops-family;Fabric:Airbrush;Filter:Dis
2026-07-20,W,bestsellers,36,Accolade 1/4 Zip Pullover - Athletic Heather Grey,FLEECE/KNIT,FW,Women:Outerwear:Coverups:Pullovers,148.0,,False,1,https://cdn.shopify.com/s/files/1/2185/2813/files/U3040RG_02910_b2_s1_a1_dSU26_m91.jpg?v=1777666153,u3040rg-accolade-1-4-zip-pullover-athletic-heather-grey,AccoladeBoostBury;b:1:Best Seller;BR:unisex;BVCategory:Women;Color:Athletic Grey:Color;ColorGroup:Grey;Filter:DisplaySize:1:XXS - XS;Filter:DisplaySize:3:Small;Filter:DisplaySize:4:Medium;Filter:Displ
2026-07-20,W,bestsellers,37,Airbrush Splendor Dress - Azure Blue,LEGGING,SS,Women:One Piece:Dresses,138.0,,False,1,https://cdn.shopify.com/s/files/1/2185/2813/files/W8346R_04830_b2_s1_a1_dSU26_m269.png?v=1781007749,w8346r-airbrush-splendor-dress-azure-blue,b:1:Best Seller;BuilderDropzoneStyle:AIRBRUSH;BVCategory:Women;Color:Azure Blue:Color;ColorGroup:Blue;ColorwayType:Limited;Content:Builder;Fabric:Airbrush;Filter:DisplaySize:1:XXS - XS;Filter:DisplayS
2026-07-20,W,bestsellers,38,Ribbed Prosper Tank - Black,BRA/TANK,SS,Women:Tops:Tanks,78.0,,False,1,https://cdn.shopify.com/s/files/1/2185/2813/files/W2799R_01_b2_s1_a1_dSU26_m269.png?v=1778516609,w2799r-ribbed-prosper-tank-black,b:1:Best Seller;BIScollection;BVCategory:Women;Color:Black:Color;ColorGroup:Black;Fabric:Ribbed;Filter:DisplaySize:1:XXS - XS;Filter:DisplaySize:3:Small;Filter:DisplaySize:4:Medium;Filter:DisplaySize:
2026-07-20,W,bestsellers,39,Match Point Short - Navy,SHORTS/SKIRT,SS,Women:Bottoms:Shorts,78.0,,False,1,https://cdn.shopify.com/s/files/1/2185/2813/files/W6344R_03842_b2_s1_a1_dSP26_m54.jpg?v=1782250851,w6334r-match-point-short-navy,b:1:Best Seller;BIScollection;BVCategory:Women;ChinaCatalog;Color:Navy:Color;ColorGroup:Blue;ColorwayType:Limited;Filter:DisplaySize:1:XXS - XS;Filter:DisplaySize:3:Small;Filter:DisplaySize:4:Medium;F
2026-07-20,W,bestsellers,40,Seamless Ribbed Favorite Full Length Bra Tank - Black,BRA/TANK,SS,Women:Tops:Tanks,88.0,,False,1,https://cdn.shopify.com/s/files/1/2185/2813/files/W9698R_01_b2_s1_a5_m240_68cdb616-8e07-4d53-9a5b-fc61bffd7538.jpg?v=1753980289,w9698r-seamless-ribbed-favorite-full-length-bra-tank-black,b:1:Best Seller;BIScollection;BVCategory:Women;ChinaCatalog;Color:Black:Color;ColorGroup:Black;FA25D1-family;FA25Drops-family;Fabric:Seamless;Filter:DisplaySize:1:XXS - XS;Filter:DisplaySize:3:Small;F
2026-07-20,W,bestsellers,41,Off-Duty Cap - Black/Black,ACC,SEASONLESS,Accessories:Hats:Caps,64.0,,False,1,https://cdn.shopify.com/s/files/1/2185/2813/products/W7112R_0101_b1_a1.jpg?v=1672871437,w7112r-off-duty-cap-black-black,aloversary20off;b:1:Best Seller;BVCategory:Accessories;ChinaCatalog;Color:Black:Color;ColorGroup:Black;Maintenance:ColorWayBot_insert;Maintenance:ColorWayBot_upserted_me;Maintenance:ColorwayProduct;ma
2026-07-20,W,bestsellers,42,Sway On The Go Jacket - White Heather,OUTERWEAR,FW,Women:Outerwear:Jackets,138.0,,False,1,https://cdn.shopify.com/s/files/1/2185/2813/files/W31104R_10060_b2_s1_a1_dSU26_m270_0d5f2e3c-6ea1-4139-b2c7-f7dd4990f81d.jpg?v=1783017166,w31104r-sway-on-the-go-jacket-white-heather,b:1:Best Seller;b:3:New;BVCategory:Women;Color:White Heather:Color;ColorGroup:White;ColorwayType:Limited;Filter:DisplaySize:1:XXS - XS;Filter:DisplaySize:3:Small;Filter:DisplaySize:4:Medium;Filter:Dis
2026-07-20,W,bestsellers,43,ALO Softsculpt Amp It Up Tennis Skirt - Emerald Isle,SHORTS/SKIRT,SS,Women:Bottoms:Skirts,98.0,,False,1,https://cdn.shopify.com/s/files/1/2185/2813/files/W6604R_07951_b2_s1_a2_dSU26_m191.jpg?v=1783017423,w6604r-alo-softsculpt-amp-it-up-tennis-skirt-emerald-isle,b:1:Best Seller;b:3:New;BuilderDropzoneStyle:SOFTSCULPT;BVCategory:Women;Color:Emerald Isle:Color;ColorGroup:Green;ColorwayType:Limited;Content:Builder;Fabric:ALO Softsculpt;Filter:DisplaySize:1:XXS -
2026-07-20,W,bestsellers,44,Accolade Straight Leg Sweatpant - White Heather,BOTTOM-WARM,FW,Women:Bottoms:Sweatpants,138.0,,False,1,https://cdn.shopify.com/s/files/1/2185/2813/files/U5012RG_10060_b1_s1_a2_dSU26_m246.jpg?v=1782933732,u5012rg-accolade-straight-leg-sweatpant-white-heather,AccoladeBoostBury;b:1:Best Seller;BR:unisex;builderdropzonestyle:FYFASL;BVCategory:Women;Color:White Heather:Color;ColorGroup:White;ColorwayType:Limited;Content:Builder;Filter:DisplaySize:1:XXS - XS;F
2026-07-20,W,bestsellers,45,Airbrush Heart Throb Bra - White/Black,LEGGING,SS,Women:Bras,88.0,,False,1,https://cdn.shopify.com/s/files/1/2185/2813/files/W9680R_0001_b2_s1_a1_dSU26_m18.png?v=1778516809,w9680r-airbrush-heart-throb-bra-white-black,b:1:Best Seller;BIScollection;BuilderDropzoneStyle:AIRBRUSH;BVCategory:Women;ChinaCatalog;Color:White:Color;ColorGroup:White;Content:Builder;Fabric:Airbrush;Filter:DisplaySize:1:XXS - XS;Filter:Displa
2026-07-20,W,bestsellers,46,Accolade 1/4 Zip Pullover - Navy,FLEECE/KNIT,FW,Women:Outerwear:Coverups:Pullovers,148.0,,False,1,https://cdn.shopify.com/s/files/1/2185/2813/files/U3040RG_03842_b2_s1_a1_m54.jpg?v=1752221229,u3040rg-accolade-1-4-zip-pullover-navy,AccoladeBoostBury;b:1:Best Seller;BR:unisex;BVCategory:Women;Color:Navy:Color;ColorGroup:Blue;ColorwayType:Limited;Filter:DisplaySize:1:XXS - XS;Filter:DisplaySize:3:Small;Filter:DisplaySize:4:Medium;
2026-07-20,W,bestsellers,47,Aspire Tank - Navy/White,BRA/TANK,SS,Women:Tops:Tanks,68.0,,False,1,https://cdn.shopify.com/s/files/1/2185/2813/files/W2675RG_06639_b1_s1_a2_dSP26_m246.jpg?v=1775175455,w2675rg-aspire-tank-navy-white,b:1:Best Seller;BVCategory:Women;ChinaCatalog;Color:Navy:Color;ColorGroup:Blue;Filter:DisplaySize:1:XXS - XS;Filter:DisplaySize:3:Small;Filter:DisplaySize:4:Medium;Filter:DisplaySize:5:L - XL;Filter:S
2026-07-20,W,bestsellers,48,Accolade Crew Neck Pullover - Summer Romance Red,FLEECE/KNIT,FW,Women:Outerwear:Coverups:Pullovers,138.0,,False,1,https://cdn.shopify.com/s/files/1/2185/2813/files/U3031RG_07952_b2_s1_a1_dSU26_m122.png?v=1779860852,u3031rg-accolade-crew-neck-pullover-summer-romance-red,AccoladeBoostBury;b:1:Best Seller;BR:unisex;builderdropzonestyle:FYFACREW;BVCategory:Women;Color:Summer Romance Red:Color;ColorGroup:Red;ColorwayType:Limited;Content:Builder;Filter:DisplaySize:1:XXS -
2026-07-20,W,bestsellers,49,Aspire Tank - Azure Blue/White,BRA/TANK,SS,Women:Tops:Tanks,68.0,,False,1,https://cdn.shopify.com/s/files/1/2185/2813/files/W2675RG_05594_b2_s1_a1_dSU26_m269.png?v=1781007307,w2675rg-aspire-tank-azure-blue-white,b:1:Best Seller;BVCategory:Women;Color:Azure Blue:Color;ColorGroup:Blue;ColorwayType:Limited;Filter:DisplaySize:1:XXS - XS;Filter:DisplaySize:3:Small;Filter:DisplaySize:4:Medium;Filter:DisplaySize:5:L
2026-07-20,W,bestsellers,50,Keep It Cool Gym Towel - Gravel,ACC,SEASONLESS,Accessories:Equipment:Towels,38.0,,False,1,https://cdn.shopify.com/s/files/1/2185/2813/files/A0457U_05438_b1_s1_a3_dSU26.jpg?v=1776857083,a0457u-keep-it-cool-gym-towel-gravel,b:1:Best Seller;BVCategory:Accessories;ChinaCatalog;Color:Gravel:Color;ColorGroup:Beige;JustDropped:New This Season;Maintenance:ColorwayProduct;master-accessories-all;master-accessories-men;master-man
2026-07-20,M,mens-bestsellers,1,Linen Days Short Sleeve Button Up - Bone,SHORTS/SKIRT,SS,Men:Tops:Short Sleeves,198.0,,False,1,https://cdn.shopify.com/s/files/1/2185/2813/files/M1270R_03040_b2_s1_a1_dSU26_m276.jpg?v=1780925077,m1270r-linen-days-short-sleeve-button-up-bone,b:1:Best Seller;BVCategory:Men;ChinaCatalog;Color:Bone:Color;ColorGroup:Beige;Filter:DisplaySize:3:Small;Filter:DisplaySize:4:Medium;Filter:DisplaySize:5:Large;Filter:DisplaySize:6:XL - 2XL;Filter:Siz
2026-07-20,M,mens-bestsellers,2,"7"" Linen Days Short - Bone",SHORTS/SKIRT,SS,Men:Bottoms:Shorts,168.0,,False,1,https://cdn.shopify.com/s/files/1/2185/2813/files/M6194R_03040_b1_s1_a1_dSU26_m214.jpg?v=1779879527,m6194r-7-linen-days-short-bone,b:1:Best Seller;BVCategory:Men;ChinaCatalog;Color:Bone:Color;ColorGroup:Beige;Filter:DisplaySize:3:Small;Filter:DisplaySize:4:Medium;Filter:DisplaySize:5:Large;Filter:DisplaySize:6:XL - 2XL;Filter:Siz
2026-07-20,M,mens-bestsellers,3,ALO Vapor Crewneck Short Sleeve - Black,SHORTS/SKIRT,SS,Men:Tops:Short Sleeves,68.0,,False,1,https://cdn.shopify.com/s/files/1/2185/2813/files/M1228R_01_b2_s3_a3_dFA25_m245.jpg?v=1776888215,m1228r-alo-vapor-crewneck-short-sleeve-black,b:1:Best Seller;BuilderDropzoneStyle:VAPR;BVCategory:Men;ChinaCatalog;Color:Black:Color;ColorGroup:Black;Content:Builder;FA25MBridge-family;Fabric:ALO Vapor;Filter:DisplaySize:3:Small;Filter:DisplaySi
2026-07-20,M,mens-bestsellers,4,"5"" Circuit Short - Black",SHORTS/SKIRT,SS,Men:Bottoms:Shorts,68.0,,False,1,https://cdn.shopify.com/s/files/1/2185/2813/files/M6158R_01_b2_s1_a1_1_m276.png?v=1778632075,m6158r-5-circuit-short-black,b:1:Best Seller;BVCategory:Men;ChinaCatalog;Color:Black:Color;ColorGroup:Black;FA25Drops-family;FA25MBridge-family;Filter:DisplaySize:3:Small;Filter:DisplaySize:4:Medium;Filter:DisplaySize:5:Large;Fil
2026-07-20,M,mens-bestsellers,5,Conquer Reform Crewneck Short Sleeve - Navy,SHORTS/SKIRT,SS,Men:Tops:Short Sleeves,78.0,,False,1,https://cdn.shopify.com/s/files/1/2185/2813/files/M1205R_03842_b2_s1_a1_1_m214.jpg?v=1761533071,m1205r-conquer-reform-crewneck-short-sleeve-navy,b:1:Best Seller;BuilderDropzoneStyle:CNQR;BVCategory:Men;ChinaCatalog;Color:Navy:Color;ColorGroup:Blue;Content:Builder;FA24MD1-family;Fabric:Conquer;Filter:DisplaySize:3:Small;Filter:DisplaySize:4:Med
2026-07-20,M,mens-bestsellers,6,"7"" Repetition Short - Navy",SHORTS/SKIRT,SS,Men:Bottoms:Shorts,78.0,,False,1,https://cdn.shopify.com/s/files/1/2185/2813/files/M6154R_03842_b2_s1_a1_dSU26_m257.jpg?v=1777661145,m6154r-7-repetition-short-navy,b:1:Best Seller;BVCategory:Men;ChinaCatalog;Color:Navy:Color;ColorGroup:Blue;FA24;FA24Drops-family;Filter:DisplaySize:3:Small;Filter:DisplaySize:4:Medium;Filter:DisplaySize:5:Large;Filter:DisplaySize:
2026-07-20,M,mens-bestsellers,7,Double Take Short Sleeve - Bone,SHORTS/SKIRT,SS,Men:Tops:Short Sleeves,88.0,,False,1,https://cdn.shopify.com/s/files/1/2185/2813/files/M1224R_03040_b1_s1_a2_1_m221.jpg?v=1759331778,m1224r-double-take-short-sleeve-bone,b:1:Best Seller;BuilderDropzoneStyle:DBLTK;BVCategory:Men;ChinaCatalog;Color:Bone:Color;ColorGroup:Beige;Content:Builder;Fabric:Double Take;Filter:DisplaySize:3:Small;Filter:DisplaySize:4:Medium;Filte
2026-07-20,M,mens-bestsellers,8,"7"" Double Take Short - Bone",SHORTS/SKIRT,SS,Men:Bottoms:Shorts,88.0,,False,1,https://cdn.shopify.com/s/files/1/2185/2813/files/M6143R_03040_b1_s1_a1_1_m243.jpg?v=1746630480,m6143r-7-double-take-short-bone,b:1:Best Seller;BVCategory:Men;ChinaCatalog;Color:Bone:Color;ColorGroup:Beige;Fabric:Double Take;Filter:DisplaySize:3:Small;Filter:DisplaySize:4:Medium;Filter:DisplaySize:5:Large;Filter:DisplaySize:6:
2026-07-20,M,mens-bestsellers,9,Light Weight Takeaway Track Pullover - Black,FLEECE/KNIT,FW,Men:Outerwear:Coverups:Pullovers,148.0,,False,1,https://cdn.shopify.com/s/files/1/2185/2813/files/M3259R_01_b2_s1_a1_dSU26_m275.png?v=1778520221,m3259r-light-weight-takeaway-track-pullover-black,b:1:Best Seller;BVCategory:Men;Color:Black:Color;ColorGroup:Black;EcomVideo-Dale;Filter:DisplaySize:3:Small;Filter:DisplaySize:4:Medium;Filter:DisplaySize:5:Large;Filter:DisplaySize:6:XL - 2XL;Filter:
2026-07-20,M,mens-bestsellers,10,Co-Op Pant (Regular) - Black,ETC,UNTAGGED,Men:Bottoms:Pants,138.0,,False,1,https://cdn.shopify.com/s/files/1/2185/2813/files/M5144R_01_b1_s1_a2_m243.jpg?v=1775153771,m5144r-co-op-pant-regular-black,b:1:Best Seller;BVCategory:Men;ChinaCatalog;Color:Black:Color;ColorGroup:Black;FA25Drops-family;FA25MBridge-family;Filter:DisplaySize:3:Small;Filter:DisplaySize:4:Medium;Filter:DisplaySize:5:Large;Fil
2026-07-20,M,mens-bestsellers,11,Sports Club Sweater Knit Polo - Ivory,FLEECE/KNIT,FW,Men:Tops:Short Sleeves,168.0,,False,1,https://cdn.shopify.com/s/files/1/2185/2813/files/M1250R_03299_b1_s1_a1_m243.jpg?v=1747108191,m1250r-sports-club-sweater-knit-polo-ivory,b:1:Best Seller;BVCategory:Men;ChinaCatalog;Color:Ivory:Color;ColorGroup:White;Filter:DisplaySize:3:Small;Filter:DisplaySize:4:Medium;Filter:DisplaySize:5:Large;Filter:DisplaySize:6:XL - 2XL;Filter:Si
2026-07-20,M,mens-bestsellers,12,"7"" Sports Club Sweater Knit Short - Ivory",FLEECE/KNIT,FW,Men:Bottoms:Shorts,168.0,,False,1,https://cdn.shopify.com/s/files/1/2185/2813/files/M6171R_03299_b1_s1_a1_m243.jpg?v=1747108210,m6171r-7-sports-club-sweater-knit-short-ivory,b:1:Best Seller;BVCategory:Men;ChinaCatalog;Color:Ivory:Color;ColorGroup:White;Filter:DisplaySize:3:Small;Filter:DisplaySize:4:Medium;Filter:DisplaySize:5:Large;Filter:DisplaySize:6:XL - 2XL;Filter:Si
2026-07-20,M,mens-bestsellers,13,Conquer Muscle Tank - White,BRA/TANK,SS,Men:Tops:Tanks,68.0,,False,1,https://cdn.shopify.com/s/files/1/2185/2813/files/M2066R_00_b2_s1_a1_dSU26_m257.jpg?v=1777661651,m2066r-conquer-muscle-tank-white,b:1:Best Seller;BuilderDropzoneStyle:CNQR;BVCategory:Men;ChinaCatalog;Color:White:Color;ColorGroup:White;Content:Builder;FA23;FA23-ConquerTank;Fabric:Conquer;Filter:DisplaySize:3:Small;Filter:DisplayS
2026-07-20,M,mens-bestsellers,14,"7"" Conquer React Performance Short - Black",SHORTS/SKIRT,SS,Men:Bottoms:Shorts,68.0,,False,1,https://cdn.shopify.com/s/files/1/2185/2813/files/M6131R_01_b1_s1_a1_1_m243.jpg?v=1747861552,m6131r-conquer-react-performance-short-black,b:1:Best Seller;BVCategory:Men;ChinaCatalog;Color:Black:Color;ColorGroup:Black;EcomVideo-Shomari;Fabric:Conquer;Filter:DisplaySize:3:Small;Filter:DisplaySize:4:Medium;Filter:DisplaySize:5:Large;Filter
2026-07-20,M,mens-bestsellers,15,Accolade 1/4 Zip Pullover - Athletic Heather Grey,FLEECE/KNIT,FW,Men:Outerwear:Coverups:Pullovers,148.0,,False,1,https://cdn.shopify.com/s/files/1/2185/2813/files/U3040RG_06501_b1_s1_a5_dSP26_m243.jpg?v=1775179606,u3040rg-accolade-1-4-zip-pullover-athletic-heather-grey-mens,AccoladeBoostBury;b:1:Best Seller;BIScollection;BR:unisex;BVCategory:Men;Color:Athletic Grey:Color;ColorGroup:Grey;Filter:DisplaySize:1:XXS - XS;Filter:DisplaySize:3:Small;Filter:DisplaySize:4:Medium;
2026-07-20,M,mens-bestsellers,16,Accolade Straight Leg Sweatpant - Athletic Heather Grey,BOTTOM-WARM,FW,Men:Bottoms:Sweatpants,138.0,,False,1,https://cdn.shopify.com/s/files/1/2185/2813/files/U5012RG_02910_b1_s1_a1_1_m214.jpg?v=1747424514,u5012rg-accolade-straight-leg-swtpnt-athletic-heather-grey-mens,AccoladeBoostBury;b:1:Best Seller;BR:unisex;BVCategory:Men;Color:Athletic Grey:Color;ColorGroup:Grey;Filter:DisplaySize:1:XXS - XS;Filter:DisplaySize:3:Small;Filter:DisplaySize:4:Medium;Filter:Display
2026-07-20,M,mens-bestsellers,17,Triumph Tee - Black,SHORTS/SKIRT,SS,Men:Tops:Short Sleeves,58.0,,False,1,https://cdn.shopify.com/s/files/1/2185/2813/files/M1257R_01_b1_s1_a4_dSP26_m214.jpg?v=1775244311,m1257r-triumph-tee-black,b:1:Best Seller;BuilderDropzoneStyle:TRMPH;BVCategory:Men;ChinaCatalog;Color:Black:Color;ColorGroup:Black;Content:Builder;FA24;FA24Drops-family;FA24MD6-family;Fabric:Triumph;Filter:DisplaySize:3:Small
2026-07-20,M,mens-bestsellers,18,Chill Short - Black,SHORTS/SKIRT,SS,Men:Bottoms:Shorts,78.0,,False,1,https://cdn.shopify.com/s/files/1/2185/2813/files/M6122R_01_b1_s1_a2_dSP26_m214_6bf38e0e-c727-4b06-96df-d5881f65680e.jpg?v=1780513270,m6122r-chill-short-black,b:1:Best Seller;BVCategory:Men;Color:Black:Color;ColorGroup:Black;EcomVideo-Shomari;Filter:DisplaySize:3:Small;Filter:DisplaySize:4:Medium;Filter:DisplaySize:5:Large;Filter:DisplaySize:6:XL - 2XL;Filt
2026-07-20,M,mens-bestsellers,19,Conquer 1/4 Zip Reform Long Sleeve - Navy,TOP,SEASONLESS,Men:Tops:Long Sleeves,108.0,,False,1,https://cdn.shopify.com/s/files/1/2185/2813/files/M3193R_03842_b1_s1_a1_m263.jpg?v=1762563261,m3193r-conquer-1-4-zip-reform-long-sleeve-navy,b:1:Best Seller;BuilderDropzoneStyle:CNQR;BVCategory:Men;ChinaCatalog;Color:Navy:Color;ColorGroup:Blue;Content:Builder;FA24MD1-family;Fabric:Conquer;Filter:DisplaySize:3:Small;Filter:DisplaySize:4:Med
2026-07-20,M,mens-bestsellers,20,Conquer Max Performance Jogger - Navy,BOTTOM-WARM,FW,Men:Bottoms:Pants,128.0,,False,1,https://cdn.shopify.com/s/files/1/2185/2813/files/M5226R_03842_b2_s1_a1_m214.jpg?v=1761532990,m5226r-conquer-max-performance-jogger-navy,b:1:Best Seller;BVCategory:Men;ChinaCatalog;Color:Navy:Color;ColorGroup:Blue;FA25-Campaign;FA25Drops-family;FA25MBridge-family;Fabric:Conquer;Filter:DisplaySize:3:Small;Filter:DisplaySize:4:Medium;Fil
2026-07-20,M,mens-bestsellers,21,ALO Vapor Crewneck Short Sleeve - Blue Breeze,SHORTS/SKIRT,SS,Men:Tops:Short Sleeves,68.0,,False,1,https://cdn.shopify.com/s/files/1/2185/2813/files/M1228R_07948_b2_s1_a1_dSU26_m243.png?v=1778242176,m1228r-alo-vapor-crewneck-short-sleeve-blue-breeze,b:1:Best Seller;BuilderDropzoneStyle:VAPR;BVCategory:Men;ChinaCatalog;Color:Blue Breeze:Color;ColorGroup:Blue;ColorwayType:Limited;Content:Builder;Fabric:ALO Vapor;Filter:DisplaySize:3:Small;Filter:Di
2026-07-20,M,mens-bestsellers,22,"5"" Repetition Short - Titanium",SHORTS/SKIRT,SS,Men:Bottoms:Shorts,78.0,,False,1,https://cdn.shopify.com/s/files/1/2185/2813/files/M6155R_01320_b1_s1_a1_dSU26_m274.jpg?v=1778235654,m6155r-5-repetition-short-titanium,b:1:Best Seller;BVCategory:Men;ChinaCatalog;Color:Titanium:Color;ColorGroup:Grey;ColorwayType:Limited;Filter:DisplaySize:3:Small;Filter:DisplaySize:4:Medium;Filter:DisplaySize:5:Large;Filter:DisplaySi
2026-07-20,M,mens-bestsellers,23,Double Take Short Sleeve - White,SHORTS/SKIRT,SS,Men:Tops:Short Sleeves,88.0,,False,1,https://cdn.shopify.com/s/files/1/2185/2813/files/M1224R_05594_b1_s1_a1_m221.jpg?v=1761941985,m1224r-double-take-short-sleeve-white,b:1:Best Seller;bis-paused;BuilderDropzoneStyle:DBLTK;BVCategory:Men;Color:White:Color;ColorGroup:White;Content:Builder;Fabric:Double Take;Filter:DisplaySize:3:Small;Filter:DisplaySize:4:Medium;Filter
2026-07-20,M,mens-bestsellers,24,"7"" Double Take Short - Black",SHORTS/SKIRT,SS,Men:Bottoms:Shorts,88.0,,False,1,https://cdn.shopify.com/s/files/1/2185/2813/files/M6143R_01_b2_s1_a2_1_m245.jpg?v=1756316493,m6143r-7-double-take-short-black,b:1:Best Seller;BIScollection;BVCategory:Men;ChinaCatalog;Color:Black:Color;ColorGroup:Black;Fabric:Double Take;Filter:DisplaySize:3:Small;Filter:DisplaySize:4:Medium;Filter:DisplaySize:5:Large;Filter
2026-07-20,M,mens-bestsellers,25,"7"" Repetition Short - Black",SHORTS/SKIRT,SS,Men:Bottoms:Shorts,78.0,,False,1,https://cdn.shopify.com/s/files/1/2185/2813/files/M6154R_01_b1_s1_a1_1_m203.jpg?v=1734054413,m6154r-7-repetition-short-black,b:1:Best Seller;BVCategory:Men;ChinaCatalog;Color:Black:Color;ColorGroup:Black;FA24;FA24Drops-family;Filter:DisplaySize:3:Small;Filter:DisplaySize:4:Medium;Filter:DisplaySize:5:Large;Filter:DisplaySiz
2026-07-20,M,mens-bestsellers,26,Conquer Reform Crewneck Short Sleeve - Black,SHORTS/SKIRT,SS,Men:Tops:Short Sleeves,78.0,,False,1,https://cdn.shopify.com/s/files/1/2185/2813/files/M1205R_01_b1_s1_a1_1_m180.jpg?v=1736364701,m1205r-conquer-reform-crewneck-short-sleeve-black,b:1:Best Seller;BuilderDropzoneStyle:CNQR;BVCategory:Men;ChinaCatalog;Color:Black:Color;ColorGroup:Black;Content:Builder;FA24MD3-FAMILY;Fabric:Conquer;Filter:DisplaySize:3:Small;Filter:DisplaySize:4:M
2026-07-20,M,mens-bestsellers,27,Double Take Short Sleeve - Black,SHORTS/SKIRT,SS,Men:Tops:Short Sleeves,88.0,,False,1,https://cdn.shopify.com/s/files/1/2185/2813/files/M1224R_01_b1_s1_a4_dSU26_m245.jpg?v=1773246432,m1224r-double-take-short-sleeve-black,b:1:Best Seller;BuilderDropzoneStyle:DBLTK;BVCategory:Men;ChinaCatalog;Color:Black:Color;ColorGroup:Black;Content:Builder;Fabric:Double Take;Filter:DisplaySize:3:Small;Filter:DisplaySize:4:Medium;Filt
2026-07-20,M,mens-bestsellers,28,Unisex Half-Crew Throwback Sock - White/Black,ACC,SEASONLESS,Accessories:Socks,34.0,,False,1,https://cdn.shopify.com/s/files/1/2185/2813/products/A0480U_0001_b1_a1.jpg?v=1669748933,a0480u-unisex-half-crew-throwback-sock-white-black,b:1:Best Seller;BVCategory:Socks;Color:White:Color;ColorGroup:White;Filter:Size:L;Filter:Size:M;Filter:Size:S;Maintenance:ColorwayProduct;master-accessories-all;master-accessories-men;master-man-all;m
2026-07-20,M,mens-bestsellers,29,ALO Vapor Crewneck Short Sleeve - Navy,SHORTS/SKIRT,SS,Men:Tops:Short Sleeves,68.0,,False,1,https://cdn.shopify.com/s/files/1/2185/2813/files/M1228R_03842_b1_s1_a1_m180.jpg?v=1754469666,m1228r-alo-vapor-crewneck-short-sleeve-navy,b:1:Best Seller;BuilderDropzoneStyle:VAPR;BVCategory:Men;ChinaCatalog;Color:Navy:Color;ColorGroup:Blue;ColorwayType:Limited;Content:Builder;FA25MBridge-family;Fabric:ALO Vapor;Filter:DisplaySize:3:Sma
2026-07-20,M,mens-bestsellers,30,Double Take Straight Leg Pant - Black,ETC,UNTAGGED,Men:Bottoms:Pants,128.0,,False,1,https://cdn.shopify.com/s/files/1/2185/2813/files/M5259R_01_b1_s1_a1_dSP26_m243.jpg?v=1769503610,m5259r-double-take-straight-leg-pant-black,b:1:Best Seller;BVCategory:Men;ChinaCatalog;Color:Black:Color;ColorGroup:Black;Fabric:Double Take;Filter:DisplaySize:3:Small;Filter:DisplaySize:4:Medium;Filter:DisplaySize:5:Large;Filter:DisplaySize:6
2026-07-20,M,mens-bestsellers,31,Conquer Reform Long Sleeve With Hood - Navy,TOP,SEASONLESS,Men:Tops:Long Sleeves,108.0,,False,1,https://cdn.shopify.com/s/files/1/2185/2813/files/M3199R_03842_b2_s1_a1_1_m252.jpg?v=1756135986,m3199r-conquer-reform-long-sleeve-with-hood-navy,b:1:Best Seller;BuilderDropzoneStyle:CNQR;BVCategory:Men;ChinaCatalog;Color:Navy:Color;ColorGroup:Blue;Content:Builder;Fabric:Conquer;Filter:DisplaySize:3:Small;Filter:DisplaySize:4:Medium;Filter:Disp
2026-07-20,M,mens-bestsellers,32,Performance Off-Duty Cap - Black/Black,ACC,SEASONLESS,Accessories:Hats:Caps,68.0,,False,1,https://cdn.shopify.com/s/files/1/2185/2813/files/A0543U_0101_b1_s1_a1.jpg?v=1747806926,a0543u-performance-off-duty-cap-black-black,b:1:Best Seller;BIScollection;BVCategory:Accessories;ChinaCatalog;Color:Black:Color;ColorGroup:Black;Maintenance:ColorwayProduct;master-accessories-all;master-man-all;master-woman-all;not_clearance;pr
2026-07-20,M,mens-bestsellers,33,Conquer Reform Crewneck Short Sleeve - Espresso,SHORTS/SKIRT,SS,Men:Tops:Short Sleeves,78.0,,False,1,https://cdn.shopify.com/s/files/1/2185/2813/files/M1205R_04064_b2_s1_a1_m275.png?v=1782497506,m1205r-conquer-reform-crewneck-short-sleeve-espresso,b:1:Best Seller;BuilderDropzoneStyle:CNQR;BVCategory:Men;ChinaCatalog;Color:Espresso:Color;ColorGroup:Brown;Content:Builder;FA24MD5-family;Fabric:Conquer;Filter:DisplaySize:3:Small;Filter:DisplaySize:
2026-07-20,M,mens-bestsellers,34,Conquer 1/4 Zip Reform Long Sleeve - White,TOP,SEASONLESS,Men:Tops:Long Sleeves,108.0,,False,1,https://cdn.shopify.com/s/files/1/2185/2813/files/M3193R_00_b2_s1_a1_dSU26_m243.png?v=1778519952,m3193r-conquer-1-4-zip-reform-long-sleeve-white,b:1:Best Seller;BuilderDropzoneStyle:CNQR;BVCategory:Men;Color:White:Color;ColorGroup:White;Content:Builder;FA24MD3-FAMILY;Fabric:Conquer;Filter:DisplaySize:3:Small;Filter:DisplaySize:4:Medium;Filter:
2026-07-20,M,mens-bestsellers,35,Conquer Reform Crewneck Short Sleeve - White,SHORTS/SKIRT,SS,Men:Tops:Short Sleeves,78.0,,False,1,https://cdn.shopify.com/s/files/1/2185/2813/files/M1205R_00_b1_s1_a1_1_m226.jpg?v=1775153685,m1205r-conquer-reform-crewneck-short-sleeve-white,b:1:Best Seller;BuilderDropzoneStyle:CNQR;BVCategory:Men;ChinaCatalog;Color:White:Color;ColorGroup:White;Content:Builder;FA24MD3-FAMILY;Fabric:Conquer;Filter:DisplaySize:3:Small;Filter:DisplaySize:4:M
2026-07-20,M,mens-bestsellers,36,"7"" Sports Club Sweater Knit Short - Black",FLEECE/KNIT,FW,Men:Bottoms:Shorts,168.0,,False,1,https://cdn.shopify.com/s/files/1/2185/2813/files/M6171R_01_b1_s1_a2_m221_e7212db8-19e7-4c79-a75a-4dd40dc40c85.jpg?v=1754504026,m6171r-7-sports-club-sweater-knit-short-black,b:1:Best Seller;BVCategory:Men;ChinaCatalog;Color:Black:Color;ColorGroup:Black;FA25MBridge-family;Filter:DisplaySize:3:Small;Filter:DisplaySize:4:Medium;Filter:DisplaySize:5:Large;Filter:DisplaySize:6
2026-07-20,M,mens-bestsellers,37,Conquer Max Mock Neck Full Zip - Black,FLEECE/KNIT,FW,Men:Outerwear:Coverups:Pullovers,138.0,,False,1,https://cdn.shopify.com/s/files/1/2185/2813/files/M3262R_01_b2_s1_a1_dWT25_m214.jpg?v=1776888259,m3262r-conquer-max-mock-neck-full-zip-black,b:1:Best Seller;BuilderDropzoneStyle:CNQR;BVCategory:Men;ChinaCatalog;Color:Black:Color;ColorGroup:Black;Content:Builder;Fabric:Conquer;Filter:DisplaySize:3:Small;Filter:DisplaySize:4:Medium;Filter:Di
2026-07-20,M,mens-bestsellers,38,"5"" Repetition Short - Black",SHORTS/SKIRT,SS,Men:Bottoms:Shorts,78.0,,False,1,https://cdn.shopify.com/s/files/1/2185/2813/files/M6155R_01_b1_s1_a1_1_m214.jpg?v=1731969573,m6155r-5-repetition-short-black,b:1:Best Seller;BVCategory:Men;ChinaCatalog;Color:Black:Color;ColorGroup:Black;Filter:DisplaySize:3:Small;Filter:DisplaySize:4:Medium;Filter:DisplaySize:5:Large;Filter:DisplaySize:6:XL - 2XL;Filter:Si
2026-07-20,M,mens-bestsellers,39,ALO Vapor Crewneck Short Sleeve - White,SHORTS/SKIRT,SS,Men:Tops:Short Sleeves,68.0,,False,1,https://cdn.shopify.com/s/files/1/2185/2813/files/M1228R_00_b2_s1_a1_dSU26_m257.jpg?v=1777661502,m1228r-alo-vapor-crewneck-short-sleeve-white,b:1:Best Seller;BuilderDropzoneStyle:VAPR;BVCategory:Men;ChinaCatalog;Color:White:Color;ColorGroup:White;Content:Builder;FA25MBridge-family;Fabric:ALO Vapor;Filter:DisplaySize:3:Small;Filter:DisplaySi
2026-07-20,M,mens-bestsellers,40,"7"" Repetition Short - Gravel",SHORTS/SKIRT,SS,Men:Bottoms:Shorts,78.0,,False,1,https://cdn.shopify.com/s/files/1/2185/2813/files/M6154R_05438_b2_s1_a1_dSU26_m243.png?v=1778517531,m6154r-7-repetition-short-gravel,b:1:Best Seller;BISCollection;BVCategory:Men;Color:Gravel:Color;ColorGroup:Beige;FA24;FA24Drops-family;Filter:DisplaySize:3:Small;Filter:DisplaySize:4:Medium;Filter:DisplaySize:5:Large;Filter:DisplayS
2026-07-20,M,mens-bestsellers,41,"7"" Linen Days Short - White",SHORTS/SKIRT,SS,Men:Bottoms:Shorts,168.0,,False,1,https://cdn.shopify.com/s/files/1/2185/2813/files/M6194R_05594_b1_s1_a1_dSU26_m214.jpg?v=1779879557,m6194r-7-linen-days-short-white,b:1:Best Seller;BVCategory:Men;ChinaCatalog;Color:White:Color;ColorGroup:White;Filter:DisplaySize:3:Small;Filter:DisplaySize:4:Medium;Filter:DisplaySize:5:Large;Filter:DisplaySize:6:XL - 2XL;Filter:Si
2026-07-20,M,mens-bestsellers,42,Conquer 1/4 Zip Reform Long Sleeve - Black,TOP,SEASONLESS,Men:Tops:Long Sleeves,108.0,,False,1,https://cdn.shopify.com/s/files/1/2185/2813/files/M3193R_01_b1_s1_a1_dSP26_m243.jpg?v=1774387522,m3193r-conquer-1-4-zip-reform-long-sleeve-black,b:1:Best Seller;BuilderDropzoneStyle:CNQR;BVCategory:Men;ChinaCatalog;Color:Black:Color;ColorGroup:Black;Content:Builder;FA24MD3-FAMILY;Fabric:Conquer;Filter:DisplaySize:3:Small;Filter:DisplaySize:4:M
2026-07-20,M,mens-bestsellers,43,Double Take Hoodie - Black,FLEECE/KNIT,FW,Men:Outerwear:Coverups:Hoodies,128.0,,False,1,https://cdn.shopify.com/s/files/1/2185/2813/files/M3245R_01_b1_s1_a2_dSP26_m214.jpg?v=1774388969,m3245r-double-take-hoodie-black,b:1:Best Seller;BVCategory:Men;Color:Black:Color;ColorGroup:Black;Fabric:Double Take;Filter:DisplaySize:3:Small;Filter:DisplaySize:4:Medium;Filter:DisplaySize:5:Large;Filter:DisplaySize:6:XL - 2XL;Fil
2026-07-20,M,mens-bestsellers,44,"5"" Repetition Short - Navy",SHORTS/SKIRT,SS,Men:Bottoms:Shorts,78.0,,False,1,https://cdn.shopify.com/s/files/1/2185/2813/files/M6155R_03842_b1_s1_a1_m214_b338d51f-ea34-4a5d-b0b3-b0d1fbd1b052.jpg?v=1763166161,m6155r-5-repetition-short-navy,b:1:Best Seller;BVCategory:Men;ChinaCatalog;Color:Navy:Color;ColorGroup:Blue;Filter:DisplaySize:3:Small;Filter:DisplaySize:4:Medium;Filter:DisplaySize:5:Large;Filter:DisplaySize:6:XL - 2XL;Filter:Size
2026-07-20,M,mens-bestsellers,45,"7"" Double Take Short - Espresso",SHORTS/SKIRT,SS,Men:Bottoms:Shorts,88.0,,False,1,https://cdn.shopify.com/s/files/1/2185/2813/files/M6143R_04064_b1_s1_a1_1_m214.jpg?v=1746630421,m6143r-7-double-take-short-espresso,b:1:Best Seller;BVCategory:Men;ChinaCatalog;Color:Espresso:Color;ColorGroup:Brown;Fabric:Double Take;Filter:DisplaySize:3:Small;Filter:DisplaySize:4:Medium;Filter:DisplaySize:5:Large;Filter:DisplaySiz
2026-07-20,M,mens-bestsellers,46,Off-Duty Cap - Black/Black,ACC,SEASONLESS,Accessories:Hats:Caps,64.0,,False,1,https://cdn.shopify.com/s/files/1/2185/2813/products/W7112R_0101_b1_a1.jpg?v=1672871437,w7112r-off-duty-cap-black-black,aloversary20off;b:1:Best Seller;BVCategory:Accessories;ChinaCatalog;Color:Black:Color;ColorGroup:Black;Maintenance:ColorWayBot_insert;Maintenance:ColorWayBot_upserted_me;Maintenance:ColorwayProduct;ma
2026-07-20,M,mens-bestsellers,47,Repetition Pant - Black,ETC,UNTAGGED,Men:Bottoms:Pants,128.0,,False,1,https://cdn.shopify.com/s/files/1/2185/2813/files/M5230R_01_b2_s1_a1_dSU26_m257.jpg?v=1777660630,m5230r-repetition-pant-black,b:1:Back in Stock;b:1:Best Seller;BISCollection;BVCategory:Men;Color:Black:Color;ColorGroup:Black;Filter:DisplaySize:3:Small;Filter:DisplaySize:4:Medium;Filter:DisplaySize:5:Large;Filter:DisplaySize:6
2026-07-20,M,mens-bestsellers,48,Double Take Short Sleeve - White Heather,SHORTS/SKIRT,SS,Men:Tops:Short Sleeves,88.0,,False,1,https://cdn.shopify.com/s/files/1/2185/2813/files/M1224R_10060_b1_s1_a1_dSU26_m245_jpg.png?v=1778271493,m1224r-double-take-short-sleeve-white-heather,b:1:Best Seller;BR:unisex;BuilderDropzoneStyle:DBLTK;BVCategory:Men;Color:White Heather:Color;ColorGroup:White;ColorwayType:Limited;Content:Builder;Fabric:Double Take;Filter:DisplaySize:3:Small;Filter
2026-07-20,M,mens-bestsellers,49,Conquer Max Mock Neck Full Zip - Navy,FLEECE/KNIT,FW,Men:Outerwear:Coverups:Pullovers,138.0,,False,1,https://cdn.shopify.com/s/files/1/2185/2813/files/M3262R_03842_b1_s1_a001_1_m221.jpg?v=1742097611,m3262r-conquer-max-mock-neck-full-zip-navy,b:1:Best Seller;BuilderDropzoneStyle:CNQR;BVCategory:Men;ChinaCatalog;Color:Navy:Color;ColorGroup:Blue;ColorwayType:Limited;Content:Builder;Fabric:Conquer;Filter:DisplaySize:3:Small;Filter:DisplaySize
2026-07-20,M,mens-bestsellers,50,"5"" Circuit Short - Navy",SHORTS/SKIRT,SS,Men:Bottoms:Shorts,68.0,,False,1,https://cdn.shopify.com/s/files/1/2185/2813/files/M6158R_03842_b1_s1_a1_1_m236.jpg?v=1746747607,m6158r-5-circuit-short-navy,b:1:Best Seller;BISCollection;BVCategory:Men;Color:Navy:Color;ColorGroup:Blue;FA25Drops-family;FA25MBridge-family;Filter:DisplaySize:3:Small;Filter:DisplaySize:4:Medium;Filter:DisplaySize:5:Large;Filt
2026-07-21,W,bestsellers,1,Match Point Tennis Skirt - White,SHORTS/SKIRT,SS,Women:Bottoms:Skirts,78.0,,False,1,https://cdn.shopify.com/s/files/1/2185/2813/files/W6240R_05594_b2_s1_a1_dSP26_m54.jpg?v=1770056609,w6240r-match-point-tennis-skirt-white,aloversary20off;b:1:Best Seller;BVCategory:Women;ChinaCatalog;Color:White:Color;ColorGroup:White;Filter:DisplaySize:1:XXS - XS;Filter:DisplaySize:3:Small;Filter:DisplaySize:4:Medium;Filter:DisplaySize
2026-07-21,W,bestsellers,2,Sway My Way Micro Short - White Heather,SHORTS/SKIRT,SS,Women:Bottoms:Shorts,68.0,,False,1,https://cdn.shopify.com/s/files/1/2185/2813/files/W6562R_10060_b2_s1_a1_dSU26_m143.jpg?v=1782940219,w6562r-sway-my-way-micro-short-white-heather,b:1:Best Seller;BVCategory:Women;Color:White Heather:Color;ColorGroup:White;ColorwayType:Limited;Filter:DisplaySize:1:XXS - XS;Filter:DisplaySize:3:Small;Filter:DisplaySize:4:Medium;Filter:DisplaySize
2026-07-21,W,bestsellers,3,Unisex Half-Crew Throwback Sock - White/Azure Blue,ACC,SEASONLESS,Accessories:Socks,34.0,,False,1,https://cdn.shopify.com/s/files/1/2185/2813/files/A0480U_08028_b1_s1_a3_dSU26.jpg?v=1780653200,a0480u-unisex-half-crew-throwback-sock-white-azure-blue-2,b:1:Best Seller;BVCategory:Accessories;Color:White:Color;ColorGroup:White;ColorwayType:Limited;FA25AHG/WhiteCodeUpdate;Filter:Size:L;Filter:Size:M;Filter:Size:S;JustDropped:New This Season;Maintenance
2026-07-21,W,bestsellers,4,Accolade 1/4 Zip Pullover - Black,FLEECE/KNIT,FW,Women:Outerwear:Coverups:Pullovers,148.0,,False,1,https://cdn.shopify.com/s/files/1/2185/2813/files/U3040RG_01_b2_s1_a1_1_m210.jpg?v=1770144016,u3040rg-accolade-1-4-zip-pullover-black,AA25-PDPselects;AccoladeBoostBury;b:1:Best Seller;BISCollection;BR:unisex;BVCategory:Women;Color:Black:Color;ColorGroup:Black;Filter:DisplaySize:1:XXS - XS;Filter:DisplaySize:3:Small;Filter:DisplaySiz
2026-07-21,W,bestsellers,5,Suit Up Trouser (Regular) - Navy,ETC,UNTAGGED,Women:Bottoms:Pants,148.0,,False,1,https://cdn.shopify.com/s/files/1/2185/2813/files/W51432R_04893_b2_s1_a1_dSU26_m191.jpg?v=1777663637,w51432r-suit-up-trouser-regular-navy,AA25-PDPselects;b:1:Best Seller;BIScollection;BuilderDropzoneStyle:SUTRSER;BVCategory:Women;ChinaCatalog;Color:Navy:Color;ColorGroup:Blue;Content:Builder;Filter:DisplaySize:1:XXS - XS;Filter:DisplaySi
2026-07-21,W,bestsellers,6,Goddess Ribbed First Pick Bra Tank - Azure Blue/White,BRA/TANK,SS,Women:Tops:Tanks,88.0,,False,1,https://cdn.shopify.com/s/files/1/2185/2813/files/W9960R_08039_b2_s1_a1_dSU26_m143.jpg?v=1782424708,w9960r-goddess-ribbed-first-pick-bra-tank-azure-blue-white,b:1:Best Seller;BVCategory:Women;Color:Azure Blue:Color;ColorGroup:Blue;ColorwayType:Limited;Computed:IsAlmostGone;Computed:UnderInventoryThreshold:5:for:M;Computed:UnderInventoryThreshold:5:for:S;Fab
2026-07-21,W,bestsellers,7,Goddess Ribbed High-Waist First Pick Short - Azure Blue/White,SHORTS/SKIRT,SS,Women:Bottoms:Shorts,74.0,,False,1,https://cdn.shopify.com/s/files/1/2185/2813/files/W6597R_08039_b2_s1_a1_dSU26_m143.jpg?v=1782424988,w6597r-goddess-ribbed-high-waist-first-pick-short-azure-blue-white,b:1:Best Seller;BVCategory:Women;Color:Azure Blue:Color;ColorGroup:Blue;ColorwayType:Limited;Fabric:Ribbed;Filter:DisplaySize:1:XXS - XS;Filter:DisplaySize:3:Small;Filter:DisplaySize:4:Medium;Filter:D
2026-07-21,W,bestsellers,8,Double Or Nothing Tennis Skirt - Black,SHORTS/SKIRT,SS,Women:Bottoms:Skirts,88.0,,False,1,https://cdn.shopify.com/s/files/1/2185/2813/files/W6574R_01_b2_s1_a1_dSP26_m191.jpg?v=1771232430,w6574r-double-or-nothing-tennis-skirt-black,b:1:Back in Stock;b:1:Best Seller;BISCollection;BVCategory:Women;ChinaCatalog;Color:Black:Color;ColorGroup:Black;Filter:DisplaySize:1:XXS - XS;Filter:DisplaySize:3:Small;Filter:DisplaySize:4:Medium;Fi
2026-07-21,W,bestsellers,9,Alosoft Crop Finesse Short Sleeve - Azure Blue,SHORTS/SKIRT,SS,Women:Tops:Short Sleeves,68.0,,False,1,https://cdn.shopify.com/s/files/1/2185/2813/files/W1406R_04830_b1_s1_a2_dSU26_m241.jpg?v=1780653454,w1406r-alosoft-crop-finesse-short-sleeve-azure-blue,b:1:Best Seller;BuilderDropzoneStyle:ALOSOFT;BVCategory:Women;Color:Azure Blue:Color;ColorGroup:Blue;ColorwayType:Limited;Content:Builder;Fabric:Alosoft;Filter:DisplaySize:1:XXS - XS;Filter:DisplaySiz
2026-07-21,W,bestsellers,10,Splendor Bra - Black,BRA/TANK,SS,Women:Bras,68.0,,False,1,https://cdn.shopify.com/s/files/1/2185/2813/files/W9351RG_01_b2_s1_a1_dSU26_m241.png?v=1778517031,w9351rg-splendor-bra-black,b:1:Best Seller;BISCollection;BuilderDropzoneStyle:AIRBRUSH;BVCategory:Women;ChinaCatalog;Color:Black:Color;ColorGroup:Black;Content:Builder;Fabric:Airbrush;Filter:DisplaySize:1:XXS - XS;Filter:Displa
2026-07-21,W,bestsellers,11,Airbrush High-Waist Heart Throb Legging - Black/White,LEGGING,SEASONLESS,Women:Bottoms:Leggings,134.0,,False,1,https://cdn.shopify.com/s/files/1/2185/2813/files/W51298R_0100_b2_s1_a1_dSP26_m210.jpg?v=1770668689,w51298r-airbrush-high-waist-heart-throb-legging-black-white,b:1:Best Seller;BIScollection;BuilderDropzoneStyle:ABRSHRISE;BVCategory:Women;ChinaCatalog;Color:Black:Color;ColorGroup:Black;Content:Builder;FA23;FA23D3-family;Filter:DisplaySize:1:XXS - XS;Filter:Di
2026-07-21,W,bestsellers,12,Suit Up Trouser (Regular) - Espresso,ETC,UNTAGGED,Women:Bottoms:Pants,148.0,,False,1,https://cdn.shopify.com/s/files/1/2185/2813/files/W51432R_04064_b2_s1_a1_dSU26_m190.jpg?v=1777663548,w51432r-suit-up-trouser-regular-espresso,b:1:Best Seller;BuilderDropzoneStyle:SUTRSER;BVCategory:Women;ChinaCatalog;Color:Espresso:Color;ColorGroup:Brown;Content:Builder;Filter:DisplaySize:1:XXS - XS;Filter:DisplaySize:3:Small;Filter:Display
2026-07-21,W,bestsellers,13,Accolade Crew Neck Pullover - Black,FLEECE/KNIT,FW,Women:Outerwear:Coverups:Pullovers,138.0,,False,1,https://cdn.shopify.com/s/files/1/2185/2813/files/U3031RG_01_b2_s1_a1_dSU26_m191.png?v=1780950591,u3031rg-accolade-crew-neck-pullover-black,AccoladeBoostBury;b:1:Best Seller;BR:unisex;builderdropzonestyle:FYFACREW;BVCategory:Women;Color:Black:Color;ColorGroup:Black;Content:Builder;Filter:DisplaySize:1:XXS - XS;Filter:DisplaySize:3:Small;F
2026-07-21,W,bestsellers,14,Match Point Tennis Skirt - Black,SHORTS/SKIRT,SS,Women:Bottoms:Skirts,78.0,,False,1,https://cdn.shopify.com/s/files/1/2185/2813/files/W6240R_01_b2_s1_a1_dSU26_m269.jpg?v=1779409804,w6240r-match-point-tennis-skirt-black,aloversary20off;b:1:Best Seller;BIScollection;blackskirt;BVCategory:Women;ChinaCatalog;Color:Black:Color;ColorGroup:Black;Filter:DisplaySize:1:XXS - XS;Filter:DisplaySize:3:Small;Filter:DisplaySize:4:
2026-07-21,W,bestsellers,15,7/8 High-Waist Airlift Legging - Black,LEGGING,SEASONLESS,Women:Bottoms:Leggings,134.0,,False,1,https://cdn.shopify.com/s/files/1/2185/2813/files/W5766R_01_b2_s1_a1_1_m18.jpg?v=1762820993,w5766r-7-8-high-waist-airlift-legging-black,7/8 Length;AA25-PDPselects;aloversary20off;B&W;b:1:Best Seller;Bluemoon-family;bronzed-family;BuilderDropzoneStyle:ARLTRISE;BVCategory:Women;ChinaCatalog;Color:Black:Color;ColorGroup:Black;Content:Bui
2026-07-21,W,bestsellers,16,Match Point Short - Black,SHORTS/SKIRT,SS,Women:Bottoms:Shorts,78.0,,False,1,https://cdn.shopify.com/s/files/1/2185/2813/files/W6334R_01_b1_s1_a1_1_m76.jpg?v=1768261305,w6334r-match-point-short-black,b:1:Best Seller;BIScollection;BVCategory:Women;ChinaCatalog;Color:Black:Color;ColorGroup:Black;FA23;FA23D1-family;Filter:DisplaySize:1:XXS - XS;Filter:DisplaySize:3:Small;Filter:DisplaySize:4:Medium;F
2026-07-21,W,bestsellers,17,Airbrush Heart Throb Bra - Black/White,LEGGING,SS,Women:Bras,88.0,,False,1,https://cdn.shopify.com/s/files/1/2185/2813/files/W9680R_0100_b2_s1_a1_dSU26_m191.jpg?v=1777665639,w9680r-airbrush-heart-throb-bra-black-white,b:1:Best Seller;BIScollection;BuilderDropzoneStyle:AIRBRUSH;BVCategory:Women;ChinaCatalog;Color:Black:Color;ColorGroup:Black;Content:Builder;FA23;FA23D3-family;Filter:DisplaySize:1:XXS - XS;Filter:Dis
2026-07-21,W,bestsellers,18,Alosoft Crop Finesse Short Sleeve - Navy,SHORTS/SKIRT,SS,Women:Tops:Short Sleeves,68.0,,False,1,https://cdn.shopify.com/s/files/1/2185/2813/files/W1406R_03842_b2_s1_a1_dSP26_m262.jpg?v=1770053935,w1406r-alosoft-crop-finesse-short-sleeve-navy,b:1:Best Seller;bis-paused;BuilderDropzoneStyle:ALOSOFT;BVCategory:Women;ChinaCatalog;Color:Navy:Color;ColorGroup:Blue;ColorwayType:Limited;Content:Builder;Fabric:Alosoft;Filter:DisplaySize:1:XXS - XS
2026-07-21,W,bestsellers,19,Suit Up Trouser (Regular) - Black,ETC,UNTAGGED,Women:Bottoms:Pants,148.0,,False,1,https://cdn.shopify.com/s/files/1/2185/2813/files/W54187R_01_b2_s1_a1_dSU26_m270.png?v=1778515662,w51432r-suit-up-trouser-black,AA25-PDPselects;b:1:Best Seller;BuilderDropzoneStyle:SUTRSER;BVCategory:Women;ChinaCatalog;Color:Black:Color;ColorGroup:Black;Content:Builder;Filter:DisplaySize:1:XXS - XS;Filter:DisplaySize:3:Small;F
2026-07-21,W,bestsellers,20,Accolade Crew Neck Pullover - Azure Blue,FLEECE/KNIT,FW,Women:Outerwear:Coverups:Pullovers,138.0,,False,1,https://cdn.shopify.com/s/files/1/2185/2813/files/U3031RG_04830_b2_s1_a1_dSU26_m269.png?v=1781007239,u3031rg-accolade-crew-neck-pullover-azure-blue,AccoladeBoostBury;b:1:Best Seller;BR:unisex;builderdropzonestyle:FYFACREW;BVCategory:Women;Color:Azure Blue:Color;ColorGroup:Blue;ColorwayType:Limited;Content:Builder;Filter:DisplaySize:1:XXS - XS;Fil
2026-07-21,W,bestsellers,21,Airbrush Better Together Bra - Black/White,LEGGING,SS,Women:Bras,88.0,,False,1,https://cdn.shopify.com/s/files/1/2185/2813/files/W9918R_0100_b2_s1_a1_dSU26_m190_4067b697-bb23-4089-bc9b-24c146b2dff6.jpg?v=1779830662,w9918r-airbrush-better-together-bra-black-white,b:1:Best Seller;BISCollection;BuilderDropzoneStyle:AIRBRUSH;BVCategory:Women;ChinaCatalog;Color:Black:Color;ColorGroup:Black;Content:Builder;Fabric:Airbrush;Filter:DisplaySize:1:XXS - XS;Filter:Displa
2026-07-21,W,bestsellers,22,Suit Up Trouser (Regular) - White/Black,ETC,UNTAGGED,Women:Bottoms:Pants,148.0,,False,1,https://cdn.shopify.com/s/files/1/2185/2813/files/W51432R_06092_b2_s1_a1_dSU26_m270.png?v=1778019824,w51432r-suit-up-trouser-regular-white-black,b:1:Best Seller;BuilderDropzoneStyle:SUTRSER;BVCategory:Women;ChinaCatalog;Color:White:Color;ColorGroup:White;Content:Builder;Filter:DisplaySize:1:XXS - XS;Filter:DisplaySize:3:Small;Filter:DisplaySiz
2026-07-21,W,bestsellers,23,90's Claw Clip - White Pearl,ETC,UNTAGGED,Women:Accessories:Hair Management:Hair Ties,38.0,,False,1,https://cdn.shopify.com/s/files/1/2185/2813/files/A0286W_05201_b1_s1_a1_3036804a-e348-4f82-a26c-a3fd8aa67121.jpg?v=1698259388,a0286w-90s-claw-clip-white-pearl,b:1:Best Seller;BVCategory:Accessories;ChinaCatalog;Color:White Pearl:Color;ColorGroup:White;FA23;FA23D1-family;Maintenance:ColorwayProduct;master-accessories-all;master-woman-all;not_clearance;pricin
2026-07-21,W,bestsellers,24,Aspire Tank - White/Black,BRA/TANK,SS,Women:Tops:Tanks,68.0,,False,1,https://cdn.shopify.com/s/files/1/2185/2813/files/W2675RG_0001_b2_s1_a1_dSU26_m91.jpg?v=1777664664,w2675rg-aspire-tank-white-black,AA25-PDPselects;aloversary20off;b:1:Best Seller;bis-paused;bluequartz-family;BVCategory:Women;ChinaCatalog;Color:White:Color;ColorGroup:White;Filter:DisplaySize:1:XXS - XS;Filter:DisplaySize:3:Small;F
2026-07-21,W,bestsellers,25,Match Point Short - Emerald Isle,SHORTS/SKIRT,SS,Women:Bottoms:Shorts,78.0,,False,1,https://cdn.shopify.com/s/files/1/2185/2813/files/W6334R_07951_b2_s1_a1_dSU26_191.jpg?v=1782774361,w6334r-match-point-short-emerald-isle,b:1:Best Seller;BVCategory:Women;Color:Emerald Isle:Color;ColorGroup:Green;ColorwayType:Limited;Filter:DisplaySize:1:XXS - XS;Filter:DisplaySize:3:Small;Filter:DisplaySize:4:Medium;Filter:DisplaySize:
2026-07-21,W,bestsellers,26,All Day Short Sleeve - White,SHORTS/SKIRT,SS,Women:Tops:Short Sleeves,68.0,,False,1,https://cdn.shopify.com/s/files/1/2185/2813/files/W1430R_05594_b2_s1_a1_dSP26_m54.jpg?v=1770052626,w1430r-all-day-short-sleeve-white,b:1:Best Seller;BVCategory:Women;Color:White:Color;ColorGroup:White;Filter:DisplaySize:1:XXS - XS;Filter:DisplaySize:3:Small;Filter:DisplaySize:4:Medium;Filter:DisplaySize:5:L - XL;Filter:Size:L;Filte
2026-07-21,W,bestsellers,27,Suit Up Trouser (Short) - Navy,SHORTS/SKIRT,SS,Women:Bottoms:Pants,148.0,,False,1,https://cdn.shopify.com/s/files/1/2185/2813/files/W54428R_03842_b2_s1_a2_dSU25_m191.jpg?v=1779925983,w54428r-suit-up-trouser-short-navy,b:1:Best Seller;BuilderDropzoneStyle:SUTRSER;BVCategory:Women;ChinaCatalog;Color:Navy:Color;ColorGroup:Blue;Content:Builder;Filter:DisplaySize:1:XXS - XS;Filter:DisplaySize:3:Small;Filter:DisplaySize:
2026-07-21,W,bestsellers,28,Airlift Skyglow Bra - Emerald Isle,LEGGING,SS,Women:Bras,88.0,,False,1,https://cdn.shopify.com/s/files/1/2185/2813/files/W9951R_07951_b2_s1_a1_dSU26_m191_9072a327-a7ba-4137-9dc0-5ed8bc2b81a6.jpg?v=1783017039,w9951r-airlift-skyglow-bra-emerald-isle,b:1:Best Seller;BuilderDropzoneStyle:AIRLIFT;BVCategory:Women;Color:Emerald Isle:Color;ColorGroup:Green;ColorwayType:Limited;Content:Builder;Fabric:Airlift;Filter:DisplaySize:1:XXS - XS;Filter:Display
2026-07-21,W,bestsellers,29,Accolade Straight Leg Sweatpant - Summer Romance Red,BOTTOM-WARM,FW,Women:Bottoms:Sweatpants,138.0,,False,1,https://cdn.shopify.com/s/files/1/2185/2813/files/U5012RG_07952_b1_s1_a1_dSU26_m191.jpg?v=1779686163,u5012rg-accolade-straight-leg-sweatpant-summer-romance-red,AccoladeBoostBury;b:1:Best Seller;BR:unisex;builderdropzonestyle:FYFASL;BVCategory:Women;Color:Summer Romance Red:Color;ColorGroup:Red;ColorwayType:Limited;Content:Builder;Filter:DisplaySize:1:XXS - X
2026-07-21,W,bestsellers,30,Accolade Short - Black,SHORTS/SKIRT,SS,Women:Bottoms:Shorts,78.0,,False,1,https://cdn.shopify.com/s/files/1/2185/2813/files/W6472RG_01_b2_s1_a1_dWT25_m265.jpg?v=1776890407,w6472rg-accolade-short-black,AccoladeBoostBury;b:1:Best Seller;BVCategory:Women;Color:Black:Color;ColorGroup:Black;Filter:DisplaySize:1:XXS - XS;Filter:DisplaySize:3:Small;Filter:DisplaySize:4:Medium;Filter:DisplaySize:5:L - XL;F
2026-07-21,W,bestsellers,31,Seamless Ribbed Favorite Bra Tank - Azure Blue,BRA/TANK,SS,Women:Tops:Tanks,84.0,,False,1,https://cdn.shopify.com/s/files/1/2185/2813/files/W9730R_04830_b1_s1_a1_dSU26_m241_27284091-af74-43fd-9b12-081eec0c4a13.jpg?v=1781545172,w9730r-seamless-ribbed-favorite-bra-tank-azure-blue,b:1:Best Seller;BVCategory:Women;Color:Azure Blue:Color;ColorGroup:Blue;ColorwayType:Limited;Fabric:Ribbed;Filter:DisplaySize:1:XXS - XS;Filter:DisplaySize:3:Small;Filter:DisplaySize:4:Medium;Filter:D
2026-07-21,W,bestsellers,32,ALO Softsculpt Amp It Up Bra - Black,BRA/TANK,SS,Women:Bras,78.0,,False,1,https://cdn.shopify.com/s/files/1/2185/2813/files/W9968R_01_b2_s1_a1_dSU26_m269.png?v=1778044824,w9968r-alo-softsculpt-amp-it-up-bra-black,b:1:Best Seller;BuilderDropzoneStyle:SOFTSCULPT;BVCategory:Women;ChinaCatalog;Color:Black:Color;ColorGroup:Black;Content:Builder;Fabric:ALO Softsculpt;Filter:DisplaySize:1:XXS - XS;Filter:DisplaySize:
2026-07-21,W,bestsellers,33,Timeless Tee - Black,SHORTS/SKIRT,SS,Women:Tops:Short Sleeves,68.0,,False,1,https://cdn.shopify.com/s/files/1/2185/2813/files/W1509R_01_b1_s1_a3_dSU26_m191.jpg?v=1778656366,w1509r-timeless-tee-black,b:1:Best Seller;BVCategory:Women;ChinaCatalog;Color:Black:Color;ColorGroup:Black;Computed:UnderInventoryThreshold:5:for:L;Filter:DisplaySize:1:XXS - XS;Filter:DisplaySize:3:Small;Filter:DisplaySize:4:
2026-07-21,W,bestsellers,34,7/8 High-Waist Airlift Legging - Emerald Isle,LEGGING,SEASONLESS,Women:Bottoms:Leggings,134.0,,False,1,https://cdn.shopify.com/s/files/1/2185/2813/files/W5766R_07951_b2_s1_a2_dSU26_m191.jpg?v=1783017481,w5766r-7-8-high-waist-airlift-legging-emerald-isle,b:1:Best Seller;BuilderDropzoneStyle:ARLTRISE;BVCategory:Women;Color:Emerald Isle:Color;ColorGroup:Green;ColorwayType:Limited;Content:Builder;Fabric:Airlift;Filter:DisplaySize:1:XXS - XS;Filter:Displa
2026-07-21,W,bestsellers,35,Airbrush Splendor Dress - Black,LEGGING,SS,Women:One Piece:Dresses,138.0,,False,1,https://cdn.shopify.com/s/files/1/2185/2813/files/W8346R_01_b2_s1_a3_m240_aa615dd0-7a3a-4c55-89e4-442cbe33aa5f.jpg?v=1753980228,w8346r-airbrush-splendor-dress-black,b:1:Best Seller;BISCollection;BuilderDropzoneStyle:AIRBRUSH;BVCategory:Women;ChinaCatalog;Color:Black:Color;ColorGroup:Black;Content:Builder;FA25D1-1-family;FA25Drops-family;Fabric:Airbrush;Filter:Dis
2026-07-21,W,bestsellers,36,Accolade 1/4 Zip Pullover - Athletic Heather Grey,FLEECE/KNIT,FW,Women:Outerwear:Coverups:Pullovers,148.0,,False,1,https://cdn.shopify.com/s/files/1/2185/2813/files/U3040RG_02910_b2_s1_a1_dSU26_m91.jpg?v=1777666153,u3040rg-accolade-1-4-zip-pullover-athletic-heather-grey,AccoladeBoostBury;b:1:Best Seller;BR:unisex;BVCategory:Women;Color:Athletic Grey:Color;ColorGroup:Grey;Filter:DisplaySize:1:XXS - XS;Filter:DisplaySize:3:Small;Filter:DisplaySize:4:Medium;Filter:Displ
2026-07-21,W,bestsellers,37,Airbrush Splendor Dress - Azure Blue,LEGGING,SS,Women:One Piece:Dresses,138.0,,False,1,https://cdn.shopify.com/s/files/1/2185/2813/files/W8346R_04830_b2_s1_a1_dSU26_m269.png?v=1781007749,w8346r-airbrush-splendor-dress-azure-blue,b:1:Best Seller;BuilderDropzoneStyle:AIRBRUSH;BVCategory:Women;Color:Azure Blue:Color;ColorGroup:Blue;ColorwayType:Limited;Content:Builder;Fabric:Airbrush;Filter:DisplaySize:1:XXS - XS;Filter:DisplayS
2026-07-21,W,bestsellers,38,Ribbed Prosper Tank - Black,BRA/TANK,SS,Women:Tops:Tanks,78.0,,False,1,https://cdn.shopify.com/s/files/1/2185/2813/files/W2799R_01_b2_s1_a1_dSU26_m269.png?v=1778516609,w2799r-ribbed-prosper-tank-black,b:1:Best Seller;BIScollection;BVCategory:Women;Color:Black:Color;ColorGroup:Black;Fabric:Ribbed;Filter:DisplaySize:1:XXS - XS;Filter:DisplaySize:3:Small;Filter:DisplaySize:4:Medium;Filter:DisplaySize:
2026-07-21,W,bestsellers,39,Match Point Short - Navy,SHORTS/SKIRT,SS,Women:Bottoms:Shorts,78.0,,False,1,https://cdn.shopify.com/s/files/1/2185/2813/files/W6344R_03842_b2_s1_a1_dSP26_m54.jpg?v=1782250851,w6334r-match-point-short-navy,b:1:Best Seller;BIScollection;BVCategory:Women;ChinaCatalog;Color:Navy:Color;ColorGroup:Blue;ColorwayType:Limited;Filter:DisplaySize:1:XXS - XS;Filter:DisplaySize:3:Small;Filter:DisplaySize:4:Medium;F
2026-07-21,W,bestsellers,40,Seamless Ribbed Favorite Full Length Bra Tank - Black,BRA/TANK,SS,Women:Tops:Tanks,88.0,,False,1,https://cdn.shopify.com/s/files/1/2185/2813/files/W9698R_01_b2_s1_a5_m240_68cdb616-8e07-4d53-9a5b-fc61bffd7538.jpg?v=1753980289,w9698r-seamless-ribbed-favorite-full-length-bra-tank-black,b:1:Best Seller;BIScollection;BVCategory:Women;ChinaCatalog;Color:Black:Color;ColorGroup:Black;FA25D1-family;FA25Drops-family;Fabric:Seamless;Filter:DisplaySize:1:XXS - XS;Filter:DisplaySize:3:Small;F
2026-07-21,W,bestsellers,41,Off-Duty Cap - Black/Black,ACC,SEASONLESS,Accessories:Hats:Caps,64.0,,False,1,https://cdn.shopify.com/s/files/1/2185/2813/products/W7112R_0101_b1_a1.jpg?v=1672871437,w7112r-off-duty-cap-black-black,aloversary20off;b:1:Best Seller;BVCategory:Accessories;ChinaCatalog;Color:Black:Color;ColorGroup:Black;Maintenance:ColorWayBot_insert;Maintenance:ColorWayBot_upserted_me;Maintenance:ColorwayProduct;ma
2026-07-21,W,bestsellers,42,Sway On The Go Jacket - White Heather,OUTERWEAR,FW,Women:Outerwear:Jackets,138.0,,False,1,https://cdn.shopify.com/s/files/1/2185/2813/files/W31104R_10060_b2_s1_a1_dSU26_m270_0d5f2e3c-6ea1-4139-b2c7-f7dd4990f81d.jpg?v=1783017166,w31104r-sway-on-the-go-jacket-white-heather,b:1:Best Seller;BVCategory:Women;Color:White Heather:Color;ColorGroup:White;ColorwayType:Limited;Filter:DisplaySize:1:XXS - XS;Filter:DisplaySize:3:Small;Filter:DisplaySize:4:Medium;Filter:DisplaySize
2026-07-21,W,bestsellers,43,ALO Softsculpt Amp It Up Tennis Skirt - Emerald Isle,SHORTS/SKIRT,SS,Women:Bottoms:Skirts,98.0,,False,1,https://cdn.shopify.com/s/files/1/2185/2813/files/W6604R_07951_b2_s1_a2_dSU26_m191.jpg?v=1783017423,w6604r-alo-softsculpt-amp-it-up-tennis-skirt-emerald-isle,b:1:Best Seller;BuilderDropzoneStyle:SOFTSCULPT;BVCategory:Women;Color:Emerald Isle:Color;ColorGroup:Green;ColorwayType:Limited;Content:Builder;Fabric:ALO Softsculpt;Filter:DisplaySize:1:XXS - XS;Filt
2026-07-21,W,bestsellers,44,Accolade Straight Leg Sweatpant - White Heather,BOTTOM-WARM,FW,Women:Bottoms:Sweatpants,138.0,,False,1,https://cdn.shopify.com/s/files/1/2185/2813/files/U5012RG_10060_b1_s1_a2_dSU26_m246.jpg?v=1782933732,u5012rg-accolade-straight-leg-sweatpant-white-heather,AccoladeBoostBury;b:1:Best Seller;BR:unisex;builderdropzonestyle:FYFASL;BVCategory:Women;Color:White Heather:Color;ColorGroup:White;ColorwayType:Limited;Content:Builder;Filter:DisplaySize:1:XXS - XS;F
2026-07-21,W,bestsellers,45,Airbrush Heart Throb Bra - White/Black,LEGGING,SS,Women:Bras,88.0,,False,1,https://cdn.shopify.com/s/files/1/2185/2813/files/W9680R_0001_b2_s1_a1_dSU26_m18.png?v=1778516809,w9680r-airbrush-heart-throb-bra-white-black,b:1:Best Seller;BIScollection;BuilderDropzoneStyle:AIRBRUSH;BVCategory:Women;ChinaCatalog;Color:White:Color;ColorGroup:White;Content:Builder;Fabric:Airbrush;Filter:DisplaySize:1:XXS - XS;Filter:Displa
2026-07-21,W,bestsellers,46,Accolade 1/4 Zip Pullover - Navy,FLEECE/KNIT,FW,Women:Outerwear:Coverups:Pullovers,148.0,,False,1,https://cdn.shopify.com/s/files/1/2185/2813/files/U3040RG_03842_b2_s1_a1_m54.jpg?v=1752221229,u3040rg-accolade-1-4-zip-pullover-navy,AccoladeBoostBury;b:1:Best Seller;BR:unisex;BVCategory:Women;Color:Navy:Color;ColorGroup:Blue;ColorwayType:Limited;Filter:DisplaySize:1:XXS - XS;Filter:DisplaySize:3:Small;Filter:DisplaySize:4:Medium;
2026-07-21,W,bestsellers,47,Aspire Tank - Navy/White,BRA/TANK,SS,Women:Tops:Tanks,68.0,,False,1,https://cdn.shopify.com/s/files/1/2185/2813/files/W2675RG_06639_b1_s1_a2_dSP26_m246.jpg?v=1775175455,w2675rg-aspire-tank-navy-white,b:1:Best Seller;BVCategory:Women;ChinaCatalog;Color:Navy:Color;ColorGroup:Blue;Filter:DisplaySize:1:XXS - XS;Filter:DisplaySize:3:Small;Filter:DisplaySize:4:Medium;Filter:DisplaySize:5:L - XL;Filter:S
2026-07-21,W,bestsellers,48,Accolade Crew Neck Pullover - Summer Romance Red,FLEECE/KNIT,FW,Women:Outerwear:Coverups:Pullovers,138.0,,False,1,https://cdn.shopify.com/s/files/1/2185/2813/files/U3031RG_07952_b2_s1_a1_dSU26_m122.png?v=1779860852,u3031rg-accolade-crew-neck-pullover-summer-romance-red,AccoladeBoostBury;b:1:Best Seller;BR:unisex;builderdropzonestyle:FYFACREW;BVCategory:Women;Color:Summer Romance Red:Color;ColorGroup:Red;ColorwayType:Limited;Content:Builder;Filter:DisplaySize:1:XXS -
2026-07-21,W,bestsellers,49,Aspire Tank - Azure Blue/White,BRA/TANK,SS,Women:Tops:Tanks,68.0,,False,1,https://cdn.shopify.com/s/files/1/2185/2813/files/W2675RG_05594_b2_s1_a1_dSU26_m269.png?v=1781007307,w2675rg-aspire-tank-azure-blue-white,b:1:Best Seller;BVCategory:Women;Color:Azure Blue:Color;ColorGroup:Blue;ColorwayType:Limited;Filter:DisplaySize:1:XXS - XS;Filter:DisplaySize:3:Small;Filter:DisplaySize:4:Medium;Filter:DisplaySize:5:L
2026-07-21,W,bestsellers,50,Keep It Cool Gym Towel - Gravel,ACC,SEASONLESS,Accessories:Equipment:Towels,38.0,,False,1,https://cdn.shopify.com/s/files/1/2185/2813/files/A0457U_05438_b1_s1_a3_dSU26.jpg?v=1776857083,a0457u-keep-it-cool-gym-towel-gravel,b:1:Best Seller;BVCategory:Accessories;ChinaCatalog;Color:Gravel:Color;ColorGroup:Beige;JustDropped:New This Season;Maintenance:ColorwayProduct;master-accessories-all;master-accessories-men;master-man
2026-07-21,M,mens-bestsellers,1,Linen Days Short Sleeve Button Up - Bone,SHORTS/SKIRT,SS,Men:Tops:Short Sleeves,198.0,,False,1,https://cdn.shopify.com/s/files/1/2185/2813/files/M1270R_03040_b2_s1_a1_dSU26_m276.jpg?v=1780925077,m1270r-linen-days-short-sleeve-button-up-bone,b:1:Best Seller;BVCategory:Men;ChinaCatalog;Color:Bone:Color;ColorGroup:Beige;Filter:DisplaySize:3:Small;Filter:DisplaySize:4:Medium;Filter:DisplaySize:5:Large;Filter:DisplaySize:6:XL - 2XL;Filter:Siz
2026-07-21,M,mens-bestsellers,2,"7"" Linen Days Short - Bone",SHORTS/SKIRT,SS,Men:Bottoms:Shorts,168.0,,False,1,https://cdn.shopify.com/s/files/1/2185/2813/files/M6194R_03040_b1_s1_a1_dSU26_m214.jpg?v=1779879527,m6194r-7-linen-days-short-bone,b:1:Best Seller;BVCategory:Men;ChinaCatalog;Color:Bone:Color;ColorGroup:Beige;Filter:DisplaySize:3:Small;Filter:DisplaySize:4:Medium;Filter:DisplaySize:5:Large;Filter:DisplaySize:6:XL - 2XL;Filter:Siz
2026-07-21,M,mens-bestsellers,3,ALO Vapor Crewneck Short Sleeve - Black,SHORTS/SKIRT,SS,Men:Tops:Short Sleeves,68.0,,False,1,https://cdn.shopify.com/s/files/1/2185/2813/files/M1228R_01_b2_s3_a3_dFA25_m245.jpg?v=1776888215,m1228r-alo-vapor-crewneck-short-sleeve-black,b:1:Best Seller;BuilderDropzoneStyle:VAPR;BVCategory:Men;ChinaCatalog;Color:Black:Color;ColorGroup:Black;Content:Builder;FA25MBridge-family;Fabric:ALO Vapor;Filter:DisplaySize:3:Small;Filter:DisplaySi
2026-07-21,M,mens-bestsellers,4,"5"" Circuit Short - Black",SHORTS/SKIRT,SS,Men:Bottoms:Shorts,68.0,,False,1,https://cdn.shopify.com/s/files/1/2185/2813/files/M6158R_01_b2_s1_a1_1_m276.png?v=1778632075,m6158r-5-circuit-short-black,b:1:Best Seller;BVCategory:Men;ChinaCatalog;Color:Black:Color;ColorGroup:Black;FA25Drops-family;FA25MBridge-family;Filter:DisplaySize:3:Small;Filter:DisplaySize:4:Medium;Filter:DisplaySize:5:Large;Fil
2026-07-21,M,mens-bestsellers,5,Conquer Reform Crewneck Short Sleeve - Navy,SHORTS/SKIRT,SS,Men:Tops:Short Sleeves,78.0,,False,1,https://cdn.shopify.com/s/files/1/2185/2813/files/M1205R_03842_b2_s1_a1_1_m214.jpg?v=1761533071,m1205r-conquer-reform-crewneck-short-sleeve-navy,b:1:Best Seller;BuilderDropzoneStyle:CNQR;BVCategory:Men;ChinaCatalog;Color:Navy:Color;ColorGroup:Blue;Content:Builder;FA24MD1-family;Fabric:Conquer;Filter:DisplaySize:3:Small;Filter:DisplaySize:4:Med
2026-07-21,M,mens-bestsellers,6,"7"" Repetition Short - Navy",SHORTS/SKIRT,SS,Men:Bottoms:Shorts,78.0,,False,1,https://cdn.shopify.com/s/files/1/2185/2813/files/M6154R_03842_b2_s1_a1_dSU26_m257.jpg?v=1777661145,m6154r-7-repetition-short-navy,b:1:Best Seller;BVCategory:Men;ChinaCatalog;Color:Navy:Color;ColorGroup:Blue;FA24;FA24Drops-family;Filter:DisplaySize:3:Small;Filter:DisplaySize:4:Medium;Filter:DisplaySize:5:Large;Filter:DisplaySize:
2026-07-21,M,mens-bestsellers,7,Double Take Short Sleeve - Bone,SHORTS/SKIRT,SS,Men:Tops:Short Sleeves,88.0,,False,1,https://cdn.shopify.com/s/files/1/2185/2813/files/M1224R_03040_b1_s1_a2_1_m221.jpg?v=1759331778,m1224r-double-take-short-sleeve-bone,b:1:Best Seller;BuilderDropzoneStyle:DBLTK;BVCategory:Men;ChinaCatalog;Color:Bone:Color;ColorGroup:Beige;Content:Builder;Fabric:Double Take;Filter:DisplaySize:3:Small;Filter:DisplaySize:4:Medium;Filte
2026-07-21,M,mens-bestsellers,8,"7"" Double Take Short - Bone",SHORTS/SKIRT,SS,Men:Bottoms:Shorts,88.0,,False,1,https://cdn.shopify.com/s/files/1/2185/2813/files/M6143R_03040_b1_s1_a1_1_m243.jpg?v=1746630480,m6143r-7-double-take-short-bone,b:1:Best Seller;BVCategory:Men;ChinaCatalog;Color:Bone:Color;ColorGroup:Beige;Fabric:Double Take;Filter:DisplaySize:3:Small;Filter:DisplaySize:4:Medium;Filter:DisplaySize:5:Large;Filter:DisplaySize:6:
2026-07-21,M,mens-bestsellers,9,Light Weight Takeaway Track Pullover - Black,FLEECE/KNIT,FW,Men:Outerwear:Coverups:Pullovers,148.0,,False,1,https://cdn.shopify.com/s/files/1/2185/2813/files/M3259R_01_b2_s1_a1_dSU26_m275.png?v=1778520221,m3259r-light-weight-takeaway-track-pullover-black,b:1:Best Seller;BVCategory:Men;Color:Black:Color;ColorGroup:Black;EcomVideo-Dale;Filter:DisplaySize:3:Small;Filter:DisplaySize:4:Medium;Filter:DisplaySize:5:Large;Filter:DisplaySize:6:XL - 2XL;Filter:
2026-07-21,M,mens-bestsellers,10,Co-Op Pant (Regular) - Black,ETC,UNTAGGED,Men:Bottoms:Pants,138.0,,False,1,https://cdn.shopify.com/s/files/1/2185/2813/files/M5144R_01_b1_s1_a2_m243.jpg?v=1775153771,m5144r-co-op-pant-regular-black,b:1:Best Seller;BVCategory:Men;ChinaCatalog;Color:Black:Color;ColorGroup:Black;FA25Drops-family;FA25MBridge-family;Filter:DisplaySize:3:Small;Filter:DisplaySize:4:Medium;Filter:DisplaySize:5:Large;Fil
2026-07-21,M,mens-bestsellers,11,Sports Club Sweater Knit Polo - Ivory,FLEECE/KNIT,FW,Men:Tops:Short Sleeves,168.0,,False,1,https://cdn.shopify.com/s/files/1/2185/2813/files/M1250R_03299_b1_s1_a1_m243.jpg?v=1747108191,m1250r-sports-club-sweater-knit-polo-ivory,b:1:Best Seller;BVCategory:Men;ChinaCatalog;Color:Ivory:Color;ColorGroup:White;Filter:DisplaySize:3:Small;Filter:DisplaySize:4:Medium;Filter:DisplaySize:5:Large;Filter:DisplaySize:6:XL - 2XL;Filter:Si
2026-07-21,M,mens-bestsellers,12,"7"" Sports Club Sweater Knit Short - Ivory",FLEECE/KNIT,FW,Men:Bottoms:Shorts,168.0,,False,1,https://cdn.shopify.com/s/files/1/2185/2813/files/M6171R_03299_b1_s1_a1_m243.jpg?v=1747108210,m6171r-7-sports-club-sweater-knit-short-ivory,b:1:Best Seller;BVCategory:Men;ChinaCatalog;Color:Ivory:Color;ColorGroup:White;Filter:DisplaySize:3:Small;Filter:DisplaySize:4:Medium;Filter:DisplaySize:5:Large;Filter:DisplaySize:6:XL - 2XL;Filter:Si
2026-07-21,M,mens-bestsellers,13,Conquer Muscle Tank - White,BRA/TANK,SS,Men:Tops:Tanks,68.0,,False,1,https://cdn.shopify.com/s/files/1/2185/2813/files/M2066R_00_b2_s1_a1_dSU26_m257.jpg?v=1777661651,m2066r-conquer-muscle-tank-white,b:1:Best Seller;BuilderDropzoneStyle:CNQR;BVCategory:Men;ChinaCatalog;Color:White:Color;ColorGroup:White;Content:Builder;FA23;FA23-ConquerTank;Fabric:Conquer;Filter:DisplaySize:3:Small;Filter:DisplayS
2026-07-21,M,mens-bestsellers,14,"7"" Conquer React Performance Short - Black",SHORTS/SKIRT,SS,Men:Bottoms:Shorts,68.0,,False,1,https://cdn.shopify.com/s/files/1/2185/2813/files/M6131R_01_b1_s1_a1_1_m243.jpg?v=1747861552,m6131r-conquer-react-performance-short-black,b:1:Best Seller;BVCategory:Men;ChinaCatalog;Color:Black:Color;ColorGroup:Black;EcomVideo-Shomari;Fabric:Conquer;Filter:DisplaySize:3:Small;Filter:DisplaySize:4:Medium;Filter:DisplaySize:5:Large;Filter
2026-07-21,M,mens-bestsellers,15,Accolade 1/4 Zip Pullover - Athletic Heather Grey,FLEECE/KNIT,FW,Men:Outerwear:Coverups:Pullovers,148.0,,False,1,https://cdn.shopify.com/s/files/1/2185/2813/files/U3040RG_06501_b1_s1_a5_dSP26_m243.jpg?v=1775179606,u3040rg-accolade-1-4-zip-pullover-athletic-heather-grey-mens,AccoladeBoostBury;b:1:Best Seller;BIScollection;BR:unisex;BVCategory:Men;Color:Athletic Grey:Color;ColorGroup:Grey;Filter:DisplaySize:1:XXS - XS;Filter:DisplaySize:3:Small;Filter:DisplaySize:4:Medium;
2026-07-21,M,mens-bestsellers,16,Accolade Straight Leg Sweatpant - Athletic Heather Grey,BOTTOM-WARM,FW,Men:Bottoms:Sweatpants,138.0,,False,1,https://cdn.shopify.com/s/files/1/2185/2813/files/U5012RG_02910_b1_s1_a1_1_m214.jpg?v=1747424514,u5012rg-accolade-straight-leg-swtpnt-athletic-heather-grey-mens,AccoladeBoostBury;b:1:Best Seller;BR:unisex;BVCategory:Men;Color:Athletic Grey:Color;ColorGroup:Grey;Filter:DisplaySize:1:XXS - XS;Filter:DisplaySize:3:Small;Filter:DisplaySize:4:Medium;Filter:Display
2026-07-21,M,mens-bestsellers,17,Triumph Tee - Black,SHORTS/SKIRT,SS,Men:Tops:Short Sleeves,58.0,,False,1,https://cdn.shopify.com/s/files/1/2185/2813/files/M1257R_01_b1_s1_a4_dSP26_m214.jpg?v=1775244311,m1257r-triumph-tee-black,b:1:Best Seller;BuilderDropzoneStyle:TRMPH;BVCategory:Men;ChinaCatalog;Color:Black:Color;ColorGroup:Black;Content:Builder;FA24;FA24Drops-family;FA24MD6-family;Fabric:Triumph;Filter:DisplaySize:3:Small
2026-07-21,M,mens-bestsellers,18,Chill Short - Black,SHORTS/SKIRT,SS,Men:Bottoms:Shorts,78.0,,False,1,https://cdn.shopify.com/s/files/1/2185/2813/files/M6122R_01_b1_s1_a2_dSP26_m214_6bf38e0e-c727-4b06-96df-d5881f65680e.jpg?v=1780513270,m6122r-chill-short-black,b:1:Best Seller;BVCategory:Men;Color:Black:Color;ColorGroup:Black;EcomVideo-Shomari;Filter:DisplaySize:3:Small;Filter:DisplaySize:4:Medium;Filter:DisplaySize:5:Large;Filter:DisplaySize:6:XL - 2XL;Filt
2026-07-21,M,mens-bestsellers,19,Conquer 1/4 Zip Reform Long Sleeve - Navy,TOP,SEASONLESS,Men:Tops:Long Sleeves,108.0,,False,1,https://cdn.shopify.com/s/files/1/2185/2813/files/M3193R_03842_b1_s1_a1_m263.jpg?v=1762563261,m3193r-conquer-1-4-zip-reform-long-sleeve-navy,b:1:Best Seller;BuilderDropzoneStyle:CNQR;BVCategory:Men;ChinaCatalog;Color:Navy:Color;ColorGroup:Blue;Content:Builder;FA24MD1-family;Fabric:Conquer;Filter:DisplaySize:3:Small;Filter:DisplaySize:4:Med
2026-07-21,M,mens-bestsellers,20,Conquer Max Performance Jogger - Navy,BOTTOM-WARM,FW,Men:Bottoms:Pants,128.0,,False,1,https://cdn.shopify.com/s/files/1/2185/2813/files/M5226R_03842_b2_s1_a1_m214.jpg?v=1761532990,m5226r-conquer-max-performance-jogger-navy,b:1:Best Seller;BVCategory:Men;ChinaCatalog;Color:Navy:Color;ColorGroup:Blue;FA25-Campaign;FA25Drops-family;FA25MBridge-family;Fabric:Conquer;Filter:DisplaySize:3:Small;Filter:DisplaySize:4:Medium;Fil
2026-07-21,M,mens-bestsellers,21,ALO Vapor Crewneck Short Sleeve - Blue Breeze,SHORTS/SKIRT,SS,Men:Tops:Short Sleeves,68.0,,False,1,https://cdn.shopify.com/s/files/1/2185/2813/files/M1228R_07948_b2_s1_a1_dSU26_m243.png?v=1778242176,m1228r-alo-vapor-crewneck-short-sleeve-blue-breeze,b:1:Best Seller;BuilderDropzoneStyle:VAPR;BVCategory:Men;ChinaCatalog;Color:Blue Breeze:Color;ColorGroup:Blue;ColorwayType:Limited;Content:Builder;Fabric:ALO Vapor;Filter:DisplaySize:3:Small;Filter:Di
2026-07-21,M,mens-bestsellers,22,"5"" Repetition Short - Titanium",SHORTS/SKIRT,SS,Men:Bottoms:Shorts,78.0,,False,1,https://cdn.shopify.com/s/files/1/2185/2813/files/M6155R_01320_b1_s1_a1_dSU26_m274.jpg?v=1778235654,m6155r-5-repetition-short-titanium,b:1:Best Seller;BVCategory:Men;ChinaCatalog;Color:Titanium:Color;ColorGroup:Grey;ColorwayType:Limited;Filter:DisplaySize:3:Small;Filter:DisplaySize:4:Medium;Filter:DisplaySize:5:Large;Filter:DisplaySi
2026-07-21,M,mens-bestsellers,23,Double Take Short Sleeve - White,SHORTS/SKIRT,SS,Men:Tops:Short Sleeves,88.0,,False,1,https://cdn.shopify.com/s/files/1/2185/2813/files/M1224R_05594_b1_s1_a1_m221.jpg?v=1761941985,m1224r-double-take-short-sleeve-white,b:1:Best Seller;bis-paused;BuilderDropzoneStyle:DBLTK;BVCategory:Men;Color:White:Color;ColorGroup:White;Content:Builder;Fabric:Double Take;Filter:DisplaySize:3:Small;Filter:DisplaySize:4:Medium;Filter
2026-07-21,M,mens-bestsellers,24,"7"" Double Take Short - Black",SHORTS/SKIRT,SS,Men:Bottoms:Shorts,88.0,,False,1,https://cdn.shopify.com/s/files/1/2185/2813/files/M6143R_01_b2_s1_a2_1_m245.jpg?v=1756316493,m6143r-7-double-take-short-black,b:1:Best Seller;BIScollection;BVCategory:Men;ChinaCatalog;Color:Black:Color;ColorGroup:Black;Fabric:Double Take;Filter:DisplaySize:3:Small;Filter:DisplaySize:4:Medium;Filter:DisplaySize:5:Large;Filter
2026-07-21,M,mens-bestsellers,25,"7"" Repetition Short - Black",SHORTS/SKIRT,SS,Men:Bottoms:Shorts,78.0,,False,1,https://cdn.shopify.com/s/files/1/2185/2813/files/M6154R_01_b1_s1_a1_1_m203.jpg?v=1734054413,m6154r-7-repetition-short-black,b:1:Best Seller;BVCategory:Men;ChinaCatalog;Color:Black:Color;ColorGroup:Black;FA24;FA24Drops-family;Filter:DisplaySize:3:Small;Filter:DisplaySize:4:Medium;Filter:DisplaySize:5:Large;Filter:DisplaySiz
2026-07-21,M,mens-bestsellers,26,Double Take Short Sleeve - Black,SHORTS/SKIRT,SS,Men:Tops:Short Sleeves,88.0,,False,1,https://cdn.shopify.com/s/files/1/2185/2813/files/M1224R_01_b1_s1_a4_dSU26_m245.jpg?v=1773246432,m1224r-double-take-short-sleeve-black,b:1:Best Seller;BuilderDropzoneStyle:DBLTK;BVCategory:Men;ChinaCatalog;Color:Black:Color;ColorGroup:Black;Content:Builder;Fabric:Double Take;Filter:DisplaySize:3:Small;Filter:DisplaySize:4:Medium;Filt
2026-07-21,M,mens-bestsellers,27,Conquer Reform Crewneck Short Sleeve - Black,SHORTS/SKIRT,SS,Men:Tops:Short Sleeves,78.0,,False,1,https://cdn.shopify.com/s/files/1/2185/2813/files/M1205R_01_b1_s1_a1_1_m180.jpg?v=1736364701,m1205r-conquer-reform-crewneck-short-sleeve-black,b:1:Best Seller;BuilderDropzoneStyle:CNQR;BVCategory:Men;ChinaCatalog;Color:Black:Color;ColorGroup:Black;Content:Builder;FA24MD3-FAMILY;Fabric:Conquer;Filter:DisplaySize:3:Small;Filter:DisplaySize:4:M
2026-07-21,M,mens-bestsellers,28,ALO Vapor Crewneck Short Sleeve - Navy,SHORTS/SKIRT,SS,Men:Tops:Short Sleeves,68.0,,False,1,https://cdn.shopify.com/s/files/1/2185/2813/files/M1228R_03842_b1_s1_a1_m180.jpg?v=1754469666,m1228r-alo-vapor-crewneck-short-sleeve-navy,b:1:Best Seller;BuilderDropzoneStyle:VAPR;BVCategory:Men;ChinaCatalog;Color:Navy:Color;ColorGroup:Blue;ColorwayType:Limited;Content:Builder;FA25MBridge-family;Fabric:ALO Vapor;Filter:DisplaySize:3:Sma
2026-07-21,M,mens-bestsellers,29,Unisex Half-Crew Throwback Sock - White/Black,ACC,SEASONLESS,Accessories:Socks,34.0,,False,1,https://cdn.shopify.com/s/files/1/2185/2813/products/A0480U_0001_b1_a1.jpg?v=1669748933,a0480u-unisex-half-crew-throwback-sock-white-black,b:1:Best Seller;BVCategory:Socks;Color:White:Color;ColorGroup:White;Filter:Size:L;Filter:Size:M;Filter:Size:S;Maintenance:ColorwayProduct;master-accessories-all;master-accessories-men;master-man-all;m
2026-07-21,M,mens-bestsellers,30,Performance Off-Duty Cap - Black/Black,ACC,SEASONLESS,Accessories:Hats:Caps,68.0,,False,1,https://cdn.shopify.com/s/files/1/2185/2813/files/A0543U_0101_b1_s1_a1.jpg?v=1747806926,a0543u-performance-off-duty-cap-black-black,b:1:Best Seller;BIScollection;BVCategory:Accessories;ChinaCatalog;Color:Black:Color;ColorGroup:Black;Maintenance:ColorwayProduct;master-accessories-all;master-man-all;master-woman-all;not_clearance;pr
2026-07-21,M,mens-bestsellers,31,"7"" Repetition Short - Gravel",SHORTS/SKIRT,SS,Men:Bottoms:Shorts,78.0,,False,1,https://cdn.shopify.com/s/files/1/2185/2813/files/M6154R_05438_b2_s1_a1_dSU26_m243.png?v=1778517531,m6154r-7-repetition-short-gravel,b:1:Best Seller;BISCollection;BVCategory:Men;Color:Gravel:Color;ColorGroup:Beige;FA24;FA24Drops-family;Filter:DisplaySize:3:Small;Filter:DisplaySize:4:Medium;Filter:DisplaySize:5:Large;Filter:DisplayS
2026-07-21,M,mens-bestsellers,32,ALO Vapor Crewneck Short Sleeve - White,SHORTS/SKIRT,SS,Men:Tops:Short Sleeves,68.0,,False,1,https://cdn.shopify.com/s/files/1/2185/2813/files/M1228R_00_b2_s1_a1_dSU26_m257.jpg?v=1777661502,m1228r-alo-vapor-crewneck-short-sleeve-white,b:1:Best Seller;BuilderDropzoneStyle:VAPR;BVCategory:Men;ChinaCatalog;Color:White:Color;ColorGroup:White;Content:Builder;FA25MBridge-family;Fabric:ALO Vapor;Filter:DisplaySize:3:Small;Filter:DisplaySi
2026-07-21,M,mens-bestsellers,33,"7"" Sports Club Sweater Knit Short - Black",FLEECE/KNIT,FW,Men:Bottoms:Shorts,168.0,,False,1,https://cdn.shopify.com/s/files/1/2185/2813/files/M6171R_01_b1_s1_a2_m221_e7212db8-19e7-4c79-a75a-4dd40dc40c85.jpg?v=1754504026,m6171r-7-sports-club-sweater-knit-short-black,b:1:Best Seller;BVCategory:Men;ChinaCatalog;Color:Black:Color;ColorGroup:Black;FA25MBridge-family;Filter:DisplaySize:3:Small;Filter:DisplaySize:4:Medium;Filter:DisplaySize:5:Large;Filter:DisplaySize:6
2026-07-21,M,mens-bestsellers,34,Double Take Short Sleeve - White Heather,SHORTS/SKIRT,SS,Men:Tops:Short Sleeves,88.0,,False,1,https://cdn.shopify.com/s/files/1/2185/2813/files/M1224R_10060_b1_s1_a1_dSU26_m245_jpg.png?v=1778271493,m1224r-double-take-short-sleeve-white-heather,b:1:Best Seller;BR:unisex;BuilderDropzoneStyle:DBLTK;BVCategory:Men;Color:White Heather:Color;ColorGroup:White;ColorwayType:Limited;Content:Builder;Fabric:Double Take;Filter:DisplaySize:3:Small;Filter
2026-07-21,M,mens-bestsellers,35,Conquer Reform Crewneck Short Sleeve - White,SHORTS/SKIRT,SS,Men:Tops:Short Sleeves,78.0,,False,1,https://cdn.shopify.com/s/files/1/2185/2813/files/M1205R_00_b1_s1_a1_1_m226.jpg?v=1775153685,m1205r-conquer-reform-crewneck-short-sleeve-white,b:1:Best Seller;BuilderDropzoneStyle:CNQR;BVCategory:Men;ChinaCatalog;Color:White:Color;ColorGroup:White;Content:Builder;FA24MD3-FAMILY;Fabric:Conquer;Filter:DisplaySize:3:Small;Filter:DisplaySize:4:M
2026-07-21,M,mens-bestsellers,36,Double Take Hoodie - Black,FLEECE/KNIT,FW,Men:Outerwear:Coverups:Hoodies,128.0,,False,1,https://cdn.shopify.com/s/files/1/2185/2813/files/M3245R_01_b1_s1_a2_dSP26_m214.jpg?v=1774388969,m3245r-double-take-hoodie-black,b:1:Best Seller;BVCategory:Men;Color:Black:Color;ColorGroup:Black;Fabric:Double Take;Filter:DisplaySize:3:Small;Filter:DisplaySize:4:Medium;Filter:DisplaySize:5:Large;Filter:DisplaySize:6:XL - 2XL;Fil
2026-07-21,M,mens-bestsellers,37,Linen Days Short Sleeve Button Up - Black,SHORTS/SKIRT,SS,Men:Tops:Short Sleeves,198.0,,False,1,https://cdn.shopify.com/s/files/1/2185/2813/files/M1270R_01_b2_s1_a1_dSU26_m276.jpg?v=1780925114,m1270r-linen-days-short-sleeve-button-up-black,b:1:Best Seller;BVCategory:Men;ChinaCatalog;Color:Black:Color;ColorGroup:Black;Filter:DisplaySize:3:Small;Filter:DisplaySize:4:Medium;Filter:DisplaySize:5:Large;Filter:DisplaySize:6:XL - 2XL;Filter:Si
2026-07-21,M,mens-bestsellers,38,Conquer Muscle Tank - Black,BRA/TANK,SS,Men:Tops:Tanks,68.0,,False,1,https://cdn.shopify.com/s/files/1/2185/2813/files/M2066R_01_b1_s1_a5_dSP26_m243.jpg?v=1774385765,m2066r-conquer-muscle-tank-black,b:1:Best Seller;BuilderDropzoneStyle:CNQR;BVCategory:Men;ChinaCatalog;Color:Black:Color;ColorGroup:Black;Content:Builder;FA23;FA23-ConquerTank;Fabric:Conquer;Filter:DisplaySize:3:Small;Filter:DisplayS
2026-07-21,M,mens-bestsellers,39,"5"" Repetition Short - Black",SHORTS/SKIRT,SS,Men:Bottoms:Shorts,78.0,,False,1,https://cdn.shopify.com/s/files/1/2185/2813/files/M6155R_01_b1_s1_a2_dSU26_m245.jpg?v=1784588238,m6155r-5-repetition-short-black,b:1:Best Seller;BVCategory:Men;ChinaCatalog;Color:Black:Color;ColorGroup:Black;Filter:DisplaySize:3:Small;Filter:DisplaySize:4:Medium;Filter:DisplaySize:5:Large;Filter:DisplaySize:6:XL - 2XL;Filter:Si
2026-07-21,M,mens-bestsellers,40,Conquer Reform Crewneck Short Sleeve - Espresso,SHORTS/SKIRT,SS,Men:Tops:Short Sleeves,78.0,,False,1,https://cdn.shopify.com/s/files/1/2185/2813/files/M1205R_04064_b2_s1_a1_m275.png?v=1782497506,m1205r-conquer-reform-crewneck-short-sleeve-espresso,b:1:Best Seller;BuilderDropzoneStyle:CNQR;BVCategory:Men;ChinaCatalog;Color:Espresso:Color;ColorGroup:Brown;Content:Builder;FA24MD5-family;Fabric:Conquer;Filter:DisplaySize:3:Small;Filter:DisplaySize:
2026-07-21,M,mens-bestsellers,41,"7"" Double Take Short - Espresso",SHORTS/SKIRT,SS,Men:Bottoms:Shorts,88.0,,False,1,https://cdn.shopify.com/s/files/1/2185/2813/files/M6143R_04064_b1_s1_a1_1_m214.jpg?v=1746630421,m6143r-7-double-take-short-espresso,b:1:Best Seller;BVCategory:Men;ChinaCatalog;Color:Espresso:Color;ColorGroup:Brown;Fabric:Double Take;Filter:DisplaySize:3:Small;Filter:DisplaySize:4:Medium;Filter:DisplaySize:5:Large;Filter:DisplaySiz
2026-07-21,M,mens-bestsellers,42,Conquer Reform Long Sleeve With Hood - Navy,TOP,SEASONLESS,Men:Tops:Long Sleeves,108.0,,False,1,https://cdn.shopify.com/s/files/1/2185/2813/files/M3199R_03842_b2_s1_a1_1_m252.jpg?v=1756135986,m3199r-conquer-reform-long-sleeve-with-hood-navy,b:1:Best Seller;BuilderDropzoneStyle:CNQR;BVCategory:Men;ChinaCatalog;Color:Navy:Color;ColorGroup:Blue;Content:Builder;Fabric:Conquer;Filter:DisplaySize:3:Small;Filter:DisplaySize:4:Medium;Filter:Disp
2026-07-21,M,mens-bestsellers,43,"7"" Circuit Short - Espresso",SHORTS/SKIRT,SS,Men:Bottoms:Shorts,68.0,,False,1,https://cdn.shopify.com/s/files/1/2185/2813/files/M6123R_04064_b2_s1_a1_dSU26_m257.jpg?v=1777694577,m6123r-7-circuit-short-espresso,b:1:Best Seller;BVCategory:Men;Color:Espresso:Color;ColorGroup:Brown;EcomVideo-Shomari;Filter:DisplaySize:3:Small;Filter:DisplaySize:4:Medium;Filter:DisplaySize:5:Large;Filter:DisplaySize:6:XL - 2XL;F
2026-07-21,M,mens-bestsellers,44,Off-Duty Cap - Black/Black,ACC,SEASONLESS,Accessories:Hats:Caps,64.0,,False,1,https://cdn.shopify.com/s/files/1/2185/2813/products/W7112R_0101_b1_a1.jpg?v=1672871437,w7112r-off-duty-cap-black-black,aloversary20off;b:1:Best Seller;BVCategory:Accessories;ChinaCatalog;Color:Black:Color;ColorGroup:Black;Maintenance:ColorWayBot_insert;Maintenance:ColorWayBot_upserted_me;Maintenance:ColorwayProduct;ma
2026-07-21,M,mens-bestsellers,45,Repetition Pant - Black,ETC,UNTAGGED,Men:Bottoms:Pants,128.0,,False,1,https://cdn.shopify.com/s/files/1/2185/2813/files/M5230R_01_b2_s1_a1_dSU26_m257.jpg?v=1777660630,m5230r-repetition-pant-black,b:1:Back in Stock;b:1:Best Seller;BISCollection;BVCategory:Men;Color:Black:Color;ColorGroup:Black;Filter:DisplaySize:3:Small;Filter:DisplaySize:4:Medium;Filter:DisplaySize:5:Large;Filter:DisplaySize:6
2026-07-21,M,mens-bestsellers,46,Conquer 1/4 Zip Reform Long Sleeve - Black,TOP,SEASONLESS,Men:Tops:Long Sleeves,108.0,,False,1,https://cdn.shopify.com/s/files/1/2185/2813/files/M3193R_01_b1_s1_a1_dSP26_m243.jpg?v=1774387522,m3193r-conquer-1-4-zip-reform-long-sleeve-black,b:1:Best Seller;BuilderDropzoneStyle:CNQR;BVCategory:Men;ChinaCatalog;Color:Black:Color;ColorGroup:Black;Content:Builder;FA24MD3-FAMILY;Fabric:Conquer;Filter:DisplaySize:3:Small;Filter:DisplaySize:4:M
2026-07-21,M,mens-bestsellers,47,Co-Op Pant (Regular) - Navy,ETC,UNTAGGED,Men:Bottoms:Pants,138.0,,False,1,https://cdn.shopify.com/s/files/1/2185/2813/files/M5144R_03842_b1_s1_a2_m253.jpg?v=1754696433,m5144r-co-op-pant-regular-navy,b:1:Best Seller;BVCategory:Men;ChinaCatalog;Color:Navy:Color;ColorGroup:Blue;FA25Drops-family;FA25MBridge-family;Filter:DisplaySize:3:Small;Filter:DisplaySize:4:Medium;Filter:DisplaySize:5:Large;Filte
2026-07-21,M,mens-bestsellers,48,Double Take Straight Leg Pant - Black,ETC,UNTAGGED,Men:Bottoms:Pants,128.0,,False,1,https://cdn.shopify.com/s/files/1/2185/2813/files/M5259R_01_b1_s1_a1_dSP26_m243.jpg?v=1769503610,m5259r-double-take-straight-leg-pant-black,b:1:Best Seller;BVCategory:Men;ChinaCatalog;Color:Black:Color;ColorGroup:Black;Fabric:Double Take;Filter:DisplaySize:3:Small;Filter:DisplaySize:4:Medium;Filter:DisplaySize:5:Large;Filter:DisplaySize:6
2026-07-21,M,mens-bestsellers,49,Conquer 1/4 Zip Reform Long Sleeve - White,TOP,SEASONLESS,Men:Tops:Long Sleeves,108.0,,False,1,https://cdn.shopify.com/s/files/1/2185/2813/files/M3193R_00_b2_s1_a1_dSU26_m243.png?v=1778519952,m3193r-conquer-1-4-zip-reform-long-sleeve-white,b:1:Best Seller;BuilderDropzoneStyle:CNQR;BVCategory:Men;Color:White:Color;ColorGroup:White;Content:Builder;FA24MD3-FAMILY;Fabric:Conquer;Filter:DisplaySize:3:Small;Filter:DisplaySize:4:Medium;Filter:
2026-07-21,M,mens-bestsellers,50,Conquer Max Mock Neck Full Zip - Black,FLEECE/KNIT,FW,Men:Outerwear:Coverups:Pullovers,138.0,,False,1,https://cdn.shopify.com/s/files/1/2185/2813/files/M3262R_01_b2_s1_a1_dWT25_m214.jpg?v=1776888259,m3262r-conquer-max-mock-neck-full-zip-black,b:1:Best Seller;BuilderDropzoneStyle:CNQR;BVCategory:Men;ChinaCatalog;Color:Black:Color;ColorGroup:Black;Content:Builder;Fabric:Conquer;Filter:DisplaySize:3:Small;Filter:DisplaySize:4:Medium;Filter:Di
2026-07-27,W,bestsellers,1,Sway My Way Micro Short - White Heather,SHORTS/SKIRT,SS,Women:Bottoms:Shorts,68.0,,False,1,https://cdn.shopify.com/s/files/1/2185/2813/files/W6562R_10060_b2_s1_a1_dSU26_m241.jpg?v=1784653310,w6562r-sway-my-way-micro-short-white-heather,b:1:Best Seller;BVCategory:Women;Color:White Heather:Color;ColorGroup:White;ColorwayType:Limited;Filter:DisplaySize:1:XXS - XS;Filter:DisplaySize:3:Small;Filter:DisplaySize:4:Medium;Filter:DisplaySize
2026-07-27,W,bestsellers,2,7/8 High-Waist Airlift Legging - Black,LEGGING,SEASONLESS,Women:Bottoms:Leggings,134.0,,False,1,https://cdn.shopify.com/s/files/1/2185/2813/files/W5766R_01_b2_s1_a1_1_m18.jpg?v=1762820993,w5766r-7-8-high-waist-airlift-legging-black,7/8 Length;AA25-PDPselects;aloversary20off;B&W;b:1:Best Seller;Bluemoon-family;bronzed-family;BuilderDropzoneStyle:ARLTRISE;BVCategory:Women;ChinaCatalog;Color:Black:Color;ColorGroup:Black;Content:Bui
2026-07-27,W,bestsellers,3,Accolade Crew Neck Pullover - Azure Blue,FLEECE/KNIT,FW,Women:Outerwear:Coverups:Pullovers,138.0,,False,1,https://cdn.shopify.com/s/files/1/2185/2813/files/U3031RG_04830_b2_s1_a1_dSU26_m269.png?v=1781007239,u3031rg-accolade-crew-neck-pullover-azure-blue,AccoladeBoostBury;b:1:Best Seller;BR:unisex;builderdropzonestyle:FYFACREW;BVCategory:Women;Color:Azure Blue:Color;ColorGroup:Blue;ColorwayType:Limited;Content:Builder;Filter:DisplaySize:1:XXS - XS;Fil
2026-07-27,W,bestsellers,4,Match Point Short - Emerald Isle,SHORTS/SKIRT,SS,Women:Bottoms:Shorts,78.0,,False,1,https://cdn.shopify.com/s/files/1/2185/2813/files/W6334R_07951_b2_s1_a1_dSU26_191.jpg?v=1782774361,w6334r-match-point-short-emerald-isle,b:1:Best Seller;BVCategory:Women;Color:Emerald Isle:Color;ColorGroup:Green;ColorwayType:Limited;Filter:DisplaySize:1:XXS - XS;Filter:DisplaySize:3:Small;Filter:DisplaySize:4:Medium;Filter:DisplaySize:
2026-07-27,W,bestsellers,5,Airlift Skyglow Bra - Emerald Isle,LEGGING,SS,Women:Bras,88.0,,False,1,https://cdn.shopify.com/s/files/1/2185/2813/files/W9951R_07951_b2_s1_a1_dSU26_m191_9072a327-a7ba-4137-9dc0-5ed8bc2b81a6.jpg?v=1783017039,w9951r-airlift-skyglow-bra-emerald-isle,BuilderDropzoneStyle:AIRLIFT;BVCategory:Women;Color:Emerald Isle:Color;ColorGroup:Green;ColorwayType:Limited;Content:Builder;Fabric:Airlift;Filter:DisplaySize:1:XXS - XS;Filter:DisplaySize:3:Small;Fil
2026-07-27,W,bestsellers,6,7/8 High-Waist Airlift Legging - Emerald Isle,LEGGING,SEASONLESS,Women:Bottoms:Leggings,134.0,,False,1,https://cdn.shopify.com/s/files/1/2185/2813/files/W5766R_07951_b2_s1_a2_dSU26_m191.jpg?v=1783017481,w5766r-7-8-high-waist-airlift-legging-emerald-isle,BuilderDropzoneStyle:ARLTRISE;BVCategory:Women;Color:Emerald Isle:Color;ColorGroup:Green;ColorwayType:Limited;Content:Builder;Fabric:Airlift;Filter:DisplaySize:1:XXS - XS;Filter:DisplaySize:3:Small;Fi
2026-07-27,W,bestsellers,7,Sway On The Go Jacket - White Heather,OUTERWEAR,FW,Women:Outerwear:Jackets,138.0,,False,1,https://cdn.shopify.com/s/files/1/2185/2813/files/W31104R_10060_b2_s1_a1_dSU26_m270_0d5f2e3c-6ea1-4139-b2c7-f7dd4990f81d.jpg?v=1783017166,w31104r-sway-on-the-go-jacket-white-heather,b:1:Best Seller;BVCategory:Women;Color:White Heather:Color;ColorGroup:White;ColorwayType:Limited;Filter:DisplaySize:1:XXS - XS;Filter:DisplaySize:3:Small;Filter:DisplaySize:4:Medium;Filter:DisplaySize
2026-07-27,W,bestsellers,8,ALO Softsculpt Amp It Up Tennis Skirt - Emerald Isle,SHORTS/SKIRT,SS,Women:Bottoms:Skirts,98.0,,False,1,https://cdn.shopify.com/s/files/1/2185/2813/files/W6604R_07951_b2_s1_a2_dSU26_m191.jpg?v=1783017423,w6604r-alo-softsculpt-amp-it-up-tennis-skirt-emerald-isle,BuilderDropzoneStyle:SOFTSCULPT;BVCategory:Women;Color:Emerald Isle:Color;ColorGroup:Green;ColorwayType:Limited;Content:Builder;Fabric:ALO Softsculpt;Filter:DisplaySize:1:XXS - XS;Filter:DisplaySize:3
2026-07-27,W,bestsellers,9,Accolade Straight Leg Sweatpant - White Heather,BOTTOM-WARM,FW,Women:Bottoms:Sweatpants,138.0,,False,1,https://cdn.shopify.com/s/files/1/2185/2813/files/U5012RG_10060_b1_s1_a2_dSU26_m246.jpg?v=1782933732,u5012rg-accolade-straight-leg-sweatpant-white-heather,AccoladeBoostBury;b:1:Best Seller;BR:unisex;builderdropzonestyle:FYFASL;BVCategory:Women;Color:White Heather:Color;ColorGroup:White;ColorwayType:Limited;Content:Builder;Filter:DisplaySize:1:XXS - XS;F
2026-07-27,W,bestsellers,10,ALO Softsculpt Amp It Up Tennis Skirt - Black,SHORTS/SKIRT,SS,Women:Bottoms:Skirts,98.0,,False,1,https://cdn.shopify.com/s/files/1/2185/2813/files/W6604R_01_b2_s1_a2_dSU26_m143.jpg?v=1783018180,w6604r-alo-softsculpt-amp-it-up-tennis-skirt-black,b:1:Best Seller;BuilderDropzoneStyle:SOFTSCULPT;BVCategory:Women;ChinaCatalog;Color:Black:Color;ColorGroup:Black;Content:Builder;Fabric:ALO Softsculpt;Filter:DisplaySize:1:XXS - XS;Filter:DisplaySize:
2026-07-27,W,bestsellers,11,Tennis Club Sweater Knit Dress - Emerald Isle/Ivory,FLEECE/KNIT,FW,Women:One Piece:Dresses,148.0,,False,1,https://cdn.shopify.com/s/files/1/2185/2813/files/W8277R_08017_b2_s1_a1_dSU26_m143_3ad98011-9b09-4b36-b8a2-43eebdaac54a.jpg?v=1783017137,w8277r-tennis-club-sweater-knit-dress-emerald-isle-ivory,BVCategory:Women;Color:Emerald Isle:Color;ColorGroup:Green;ColorwayType:Limited;Filter:DisplaySize:1:XXS - XS;Filter:DisplaySize:3:Small;Filter:DisplaySize:4:Medium;Filter:DisplaySize:5:L - XL;Filter:
2026-07-27,W,bestsellers,12,Airlift High-Waist Skyglow Legging - Emerald Isle,LEGGING,SEASONLESS,Women:Bottoms:Leggings,138.0,,False,1,https://cdn.shopify.com/s/files/1/2185/2813/files/W54368R_07951_b2_s1_a2_dSU26_m191.jpg?v=1783018282,w54368r-airlift-high-waist-skyglow-legging-emerald-isle,BuilderDropzoneStyle:ARLTRISE;BVCategory:Women;Color:Emerald Isle:Color;ColorGroup:Green;ColorwayType:Limited;Content:Builder;Fabric:Airlift;Filter:DisplaySize:1:XXS - XS;Filter:DisplaySize:3:Small;Fi
2026-07-27,W,bestsellers,13,Accolade Short - White Heather,SHORTS/SKIRT,SS,Women:Bottoms:Shorts,78.0,,False,1,https://cdn.shopify.com/s/files/1/2185/2813/files/W6472RG_10060_b2_s1_a2_dSU26_m191.jpg?v=1783017573,w6472rg-accolade-short-white-heather,AccoladeBoostBury;b:1:Best Seller;BVCategory:Women;Color:White Heather:Color;ColorGroup:White;ColorwayType:Limited;Filter:DisplaySize:1:XXS - XS;Filter:DisplaySize:3:Small;Filter:DisplaySize:4:Medium;
2026-07-27,W,bestsellers,14,Ribbed En Pointe Tank - White,BRA/TANK,SS,Women:Tops:Tanks,78.0,,False,1,https://cdn.shopify.com/s/files/1/2185/2813/files/W9777R_05594_b1_s1_a1_dSU26_m191.jpg?v=1781602360,w9777r-ribbed-en-pointe-tank-white,b:1:Best Seller;BVCategory:Women;ChinaCatalog;Color:White:Color;ColorGroup:White;Fabric:Ribbed;Filter:DisplaySize:1:XXS - XS;Filter:DisplaySize:3:Small;Filter:DisplaySize:4:Medium;Filter:DisplaySize:5
2026-07-27,W,bestsellers,15,ALO Softsculpt Topspin Tennis Skirt - Emerald Isle,SHORTS/SKIRT,SS,Women:Bottoms:Skirts,98.0,,False,1,https://cdn.shopify.com/s/files/1/2185/2813/files/W6596R_07951_b2_s1_a2_dSU26_m143.jpg?v=1783017351,w6596r-alo-softsculpt-topspin-tennis-skirt-emerald-isle,BuilderDropzoneStyle:SOFTSCULPT;BVCategory:Women;Color:Emerald Isle:Color;ColorGroup:Green;ColorwayType:Limited;Content:Builder;Fabric:ALO Softsculpt;Filter:DisplaySize:1:XXS - XS;Filter:DisplaySize:3
2026-07-27,W,bestsellers,16,ALO Softsculpt Amp It Up Short Sleeve Bra - Emerald Isle,BRA/TANK,SS,Women:Bras,98.0,,False,1,https://cdn.shopify.com/s/files/1/2185/2813/files/W9972R_07951_b2_s1_a1_dSU26_m191_0f1bd992-8d29-47cb-9d25-257a44c2d794.jpg?v=1783016849,w9972r-alo-softsculpt-amp-it-up-short-sleeve-bra-emerald-isle,BuilderDropzoneStyle:SOFTSCULPT;BVCategory:Women;Color:Emerald Isle:Color;ColorGroup:Green;ColorwayType:Limited;Content:Builder;Fabric:ALO Softsculpt;Filter:DisplaySize:1:XXS - XS;Filter:DisplaySize:3
2026-07-27,W,bestsellers,17,ALO Softsculpt Precision Bra - Emerald Isle,BRA/TANK,SS,Women:Bras,78.0,,False,1,https://cdn.shopify.com/s/files/1/2185/2813/files/W9858R_07951_b2_s1_a1_dSU26_143.jpg?v=1782943226,w9858r-alo-softsculpt-precision-bra-emerald-isle,BuilderDropzoneStyle:SOFTSCULPT;BVCategory:Women;Color:Emerald Isle:Color;ColorGroup:Green;ColorwayType:Limited;Content:Builder;Fabric:ALO Softsculpt;Filter:DisplaySize:1:XXS - XS;Filter:DisplaySize:3
2026-07-27,W,bestsellers,18,Accolade 1/4 Zip Pullover - White Heather,FLEECE/KNIT,FW,Women:Outerwear:Coverups:Pullovers,148.0,,False,1,https://cdn.shopify.com/s/files/1/2185/2813/files/U3040RG_10060_b2_s1_a1_dSU26_m191_5ce88d6d-56a9-42dd-bde1-37a55b7faba1.jpg?v=1783017241,u3040rg-accolade-1-4-zip-pullover-white-heather,AccoladeBoostBury;b:1:Best Seller;BR:unisex;BVCategory:Women;Color:White Heather:Color;ColorGroup:White;ColorwayType:Limited;Filter:DisplaySize:1:XXS - XS;Filter:DisplaySize:3:Small;Filter:DisplaySize
2026-07-27,W,bestsellers,19,Bio NAD+ Recovery Eye Masks - 6 Pack,ETC,UNTAGGED,Beauty:Skin,55.0,,False,1,https://cdn.shopify.com/s/files/1/2185/2813/files/B34AC1F_00_b1_s1_a143_dSU26.jpg?v=1781740748,b34ac1f-us-can-bio-nad-recovery-eye-masks-6-pk,2026BeautyWellness;b:1:Best Seller;BuilderDropzoneStyle:NADMSK;BVCategory:Beauty;CANBeautyLaunch;Content:Builder;JustDropped:New This Season;Maintenance:ColorwayProduct;not_clearance;Policy:SuppressPr
2026-07-27,W,bestsellers,20,Splendor Bra - Emerald Isle/White,BRA/TANK,SS,Women:Bras,68.0,,False,1,https://cdn.shopify.com/s/files/1/2185/2813/files/W9351RG_08019_b2_s1_a1_dSU26_m143_04f2ad8a-718a-4c84-b010-e058d184bed1.jpg?v=1783016747,w9351rg-splendor-bra-emerald-isle-white,BuilderDropzoneStyle:AIRBRUSH;BVCategory:Women;Color:Emerald Isle:Color;ColorGroup:Green;ColorwayType:Limited;Content:Builder;Fabric:Airbrush;Filter:DisplaySize:1:XXS - XS;Filter:DisplaySize:3:Small;F
2026-07-27,W,bestsellers,21,ALO Softsculpt Precision Short Sleeve Top - Black,SHORTS/SKIRT,SS,Women:Tops:Short Sleeves,78.0,,False,1,https://cdn.shopify.com/s/files/1/2185/2813/files/W1479R_01_b2_s1_a1_dSU26_m143.jpg?v=1783356090,w1479r-alo-softsculpt-precision-short-sleeve-top-black,b:1:Best Seller;BuilderDropzoneStyle:SOFTSCULPT;BVCategory:Women;ChinaCatalog;Color:Black:Color;ColorGroup:Black;Content:Builder;FA25D1-family;FA25Drops-family;Fabric:ALO Softsculpt;Filter:DisplaySize
2026-07-27,W,bestsellers,22,Goddess Ribbed High-Waist First Pick Short - Black/White,SHORTS/SKIRT,SS,Women:Bottoms:Shorts,74.0,,False,1,https://cdn.shopify.com/s/files/1/2185/2813/files/W6597R_06401_b2_s1_a1_dSU26_m241.jpg?v=1782494034,w6597r-goddess-ribbed-high-waist-first-pick-short-black-white,BVCategory:Women;Color:Black:Color;ColorGroup:Black;Fabric:Ribbed;Filter:DisplaySize:1:XXS - XS;Filter:DisplaySize:3:Small;Filter:DisplaySize:4:Medium;Filter:DisplaySize:5:L - XL;Filter:Size:L;Filter:
2026-07-27,W,bestsellers,23,ALO Softsculpt Full Zip Short Sleeve - Black,SHORTS/SKIRT,SS,Women:Tops:Short Sleeves,84.0,,False,1,https://cdn.shopify.com/s/files/1/2185/2813/files/W1506R_01_b1_s1_a4_dSU26_m246.jpg?v=1781599508,w1506r-alo-softsculpt-full-zip-short-sleeve-black,b:1:Best Seller;BuilderDropzoneStyle:SOFTSCULPT;BVCategory:Women;ChinaCatalog;Color:Black:Color;ColorGroup:Black;Content:Builder;Fabric:ALO Softsculpt;Filter:DisplaySize:1:XXS - XS;Filter:DisplaySize:
2026-07-27,W,bestsellers,24,Airlift Intrigue Bra - Emerald Isle,LEGGING,SS,Women:Bras,78.0,,False,1,https://cdn.shopify.com/s/files/1/2185/2813/files/W9557R_07951_b2_s1_a1_dSU26_m191_17e0e9f7-9874-4298-b65a-45f6e21648f3.jpg?v=1783016787,w9557r-airlift-intrigue-bra-emerald-isle,BuilderDropzoneStyle:AIRLIFT;BVCategory:Women;Color:Emerald Isle:Color;ColorGroup:Green;ColorwayType:Limited;Content:Builder;Fabric:Airlift;Filter:DisplaySize:1:XXS - XS;Filter:DisplaySize:3:Small;Fil
2026-07-27,W,bestsellers,25,Performance Off-Duty Cap - Black/Black,ACC,SEASONLESS,Accessories:Hats:Caps,68.0,,False,1,https://cdn.shopify.com/s/files/1/2185/2813/files/A0543U_0101_b1_s1_a1.jpg?v=1747806926,a0543u-performance-off-duty-cap-black-black,b:1:Best Seller;BIScollection;BVCategory:Accessories;ChinaCatalog;Color:Black:Color;ColorGroup:Black;Maintenance:ColorwayProduct;master-accessories-all;master-man-all;master-woman-all;MBestSeller;not_
2026-07-27,W,bestsellers,26,Unisex Half-Crew Throwback Sock - White/Emerald Isle,ACC,SEASONLESS,Accessories:Socks,34.0,,False,1,https://cdn.shopify.com/s/files/1/2185/2813/files/A0480U_08083_b1_s1_a3_dSU26_jpg.jpg?v=1781811575,a0480u-unisex-half-crew-throwback-sock-white-emerald-isle,BVCategory:Accessories;Color:White:Color;ColorGroup:White;ColorwayType:Limited;Filter:Size:L;Filter:Size:M;Filter:Size:S;JustDropped:New This Month;JustDropped:New This Season;Maintenance:ColorwayProd
2026-07-27,W,bestsellers,27,Alosoft Heart Throb Bra - Athletic Heather Grey/White,BRA/TANK,SS,Women:Bras,88.0,,False,1,https://cdn.shopify.com/s/files/1/2185/2813/files/W9811R_03320_b2_s1_a1_dSU26_m191.jpg?v=1777665356,w9811r-alosoft-heart-throb-bra-athletic-heather-grey-white,AA25-PDPselects;b:1:Best Seller;BIScollection;BuilderDropzoneStyle:ALOSOFT;BVCategory:Women;Color:Athletic Grey:Color;ColorGroup:Grey;Content:Builder;Fabric:Alosoft;Filter:DisplaySize:1:XXS - XS;Filte
2026-07-27,W,bestsellers,28,7/8 High-Waist Alosoft Heart Throb Legging - Athletic Heather Grey/White,LEGGING,SEASONLESS,Women:Bottoms:Leggings,134.0,,False,1,https://cdn.shopify.com/s/files/1/2185/2813/files/W54342R_03320_b2_s1_a1_dSU26_m191.jpg?v=1777664008,w54342r-7-8-high-waist-alosoft-heart-throb-legging-athletic-heather-grey-white,b:1:Best Seller;bloomreach:boost40;BuilderDropzoneStyle:ALOSFTRISE;BVCategory:Women;Color:Athletic Grey:Color;ColorGroup:Grey;Content:Builder;D1WinterInitialQA2;Fabric:Alosoft;Filter:DisplaySize:1:XXS
2026-07-27,W,bestsellers,29,Airbrush Better Together Bra - Navy/White,LEGGING,SS,Women:Bras,88.0,,False,1,https://cdn.shopify.com/s/files/1/2185/2813/files/W9918R_06639_b2_s1_a1_dSU26_m191_80e4f06f-976b-4b22-899a-14390ef01074.png?v=1779407186,w9918r-airbrush-better-together-bra-navy-white,b:1:Best Seller;BuilderDropzoneStyle:AIRBRUSH;BVCategory:Women;ChinaCatalog;Color:Navy:Color;ColorGroup:Blue;Content:Builder;Fabric:Airbrush;Filter:DisplaySize:1:XXS - XS;Filter:DisplaySize:3:Small;Fi
2026-07-27,W,bestsellers,30,Airbrush High-Waist 7/8 Better Together Legging - Navy/White,LEGGING,SEASONLESS,Women:Bottoms:Leggings,134.0,,False,1,https://cdn.shopify.com/s/files/1/2185/2813/files/W54309R_06639_b2_s1_a1_dSU26_m191.png?v=1778755539,w54309r-airbrush-high-waist-7-8-better-together-legging-navy-white,b:1:Best Seller;BuilderDropzoneStyle:ABRSHRISE;BVCategory:Women;ChinaCatalog;Color:Navy:Color;ColorGroup:Blue;Content:Builder;Fabric:Airbrush;Filter:DisplaySize:1:XXS - XS;Filter:DisplaySize:3:Small;F
2026-07-27,W,bestsellers,31,Match Point Short - Black,SHORTS/SKIRT,SS,Women:Bottoms:Shorts,78.0,,False,1,https://cdn.shopify.com/s/files/1/2185/2813/files/W6334R_01_b1_s1_a1_1_m76.jpg?v=1768261305,w6334r-match-point-short-black,b:1:Best Seller;BIScollection;BVCategory:Women;ChinaCatalog;Color:Black:Color;ColorGroup:Black;FA23;FA23D1-family;Filter:DisplaySize:1:XXS - XS;Filter:DisplaySize:3:Small;Filter:DisplaySize:4:Medium;F
2026-07-27,W,bestsellers,32,Sway Bra Tank - White Heather,BRA/TANK,SS,Women:Tops:Tanks,88.0,,False,1,https://cdn.shopify.com/s/files/1/2185/2813/files/W9815R_10060_b1_s1_a2_dSU26_m177_1.jpg?v=1782710497,w9815r-sway-bra-tank-white-heather,b:1:Best Seller;BVCategory:Women;Color:White Heather:Color;ColorGroup:White;ColorwayType:Limited;Filter:DisplaySize:1:XXS - XS;Filter:DisplaySize:3:Small;Filter:DisplaySize:4:Medium;Filter:DisplaySize
2026-07-27,W,bestsellers,33,Match Point Tennis Skirt - Black,SHORTS/SKIRT,SS,Women:Bottoms:Skirts,78.0,,False,1,https://cdn.shopify.com/s/files/1/2185/2813/files/W6240R_01_b2_s1_a1_dSU26_m269.jpg?v=1779409804,w6240r-match-point-tennis-skirt-black,aloversary20off;b:1:Best Seller;BIScollection;blackskirt;BVCategory:Women;ChinaCatalog;Color:Black:Color;ColorGroup:Black;Filter:DisplaySize:1:XXS - XS;Filter:DisplaySize:3:Small;Filter:DisplaySize:4:
2026-07-27,W,bestsellers,34,Sway Mid-Rise On The Go Pant - Black,BOTTOM-WARM,FW,Women:Bottoms:Sweatpants,148.0,,False,1,https://cdn.shopify.com/s/files/1/2185/2813/files/W54395R_01_b2_s1_a1_dSU26_m191.jpg?v=1783620246,w54395r-sway-mid-rise-on-the-go-pant-black,b:1:Best Seller;BVCategory:Women;ChinaCatalog;Color:Black:Color;ColorGroup:Black;Filter:DisplaySize:1:XXS - XS;Filter:DisplaySize:3:Small;Filter:DisplaySize:4:Medium;Filter:DisplaySize:5:L - XL;Filter
2026-07-27,W,bestsellers,35,Seamless Ribbed Favorite Bra Tank - Azure Blue,BRA/TANK,SS,Women:Tops:Tanks,84.0,,False,1,https://cdn.shopify.com/s/files/1/2185/2813/files/W9730R_04830_b1_s1_a1_dSU26_m241_27284091-af74-43fd-9b12-081eec0c4a13.jpg?v=1781545172,w9730r-seamless-ribbed-favorite-bra-tank-azure-blue,b:1:Best Seller;BVCategory:Women;Color:Azure Blue:Color;ColorGroup:Blue;ColorwayType:Limited;Fabric:Ribbed;Filter:DisplaySize:1:XXS - XS;Filter:DisplaySize:3:Small;Filter:DisplaySize:4:Medium;Filter:D
2026-07-27,W,bestsellers,36,Match Point Short - Satsuma Breeze,SHORTS/SKIRT,SS,Women:Bottoms:Shorts,78.0,,False,1,https://cdn.shopify.com/s/files/1/2185/2813/files/W6334R_07950_b1_s1_a2_dSU26_m246.jpg?v=1782205656,w6334r-match-point-short-satsuma-breeze,b:1:Best Seller;BVCategory:Women;Color:Satsuma Breeze:Color;ColorGroup:Orange;ColorwayType:Limited;Filter:DisplaySize:1:XXS - XS;Filter:DisplaySize:3:Small;Filter:DisplaySize:4:Medium;Filter:DisplaySi
2026-07-27,W,bestsellers,37,Suit Up Trouser (Regular) - Black,ETC,UNTAGGED,Women:Bottoms:Pants,148.0,,False,1,https://cdn.shopify.com/s/files/1/2185/2813/files/W54187R_01_b2_s1_a1_dSU26_m270.png?v=1778515662,w51432r-suit-up-trouser-black,AA25-PDPselects;b:1:Best Seller;BuilderDropzoneStyle:SUTRSER;BVCategory:Women;ChinaCatalog;Color:Black:Color;ColorGroup:Black;Content:Builder;Filter:DisplaySize:1:XXS - XS;Filter:DisplaySize:3:Small;F
2026-07-27,W,bestsellers,38,Alosoft High-Waist 7/8 Relay Legging - Satsuma Breeze/White,LEGGING,SEASONLESS,Women:Bottoms:Leggings,114.0,,False,1,https://cdn.shopify.com/s/files/1/2185/2813/files/W54177R_08015_b2_s1_a1_dSU26_m235.png?v=1784015447,w54177r-alosoft-high-waist-7-8-relay-legging-satsuma-breeze-white,b:1:Best Seller;BuilderDropzoneStyle:ALOSFTRISE;BVCategory:Women;Color:Satsuma Breeze:Color;ColorGroup:Orange;ColorwayType:Limited;Content:Builder;Fabric:Alosoft;Filter:DisplaySize:1:XXS - XS;Filter:D
2026-07-27,W,bestsellers,39,Suit Up Trouser (Short) - Black,SHORTS/SKIRT,SS,Women:Bottoms:Pants,148.0,,False,1,https://cdn.shopify.com/s/files/1/2185/2813/files/W54428R_01_b1_s1_a4_dSU26_m207.jpg?v=1776858944,w54428r-suit-up-trouser-short-black,b:1:Best Seller;BISCollection;BuilderDropzoneStyle:SUTRSER;BVCategory:Women;ChinaCatalog;Color:Black:Color;ColorGroup:Black;Content:Builder;Filter:DisplaySize:1:XXS - XS;Filter:DisplaySize:3:Small;Fil
2026-07-27,W,bestsellers,40,Airlift Intrigue Bra - Satsuma Breeze,LEGGING,SS,Women:Bras,78.0,,False,1,https://cdn.shopify.com/s/files/1/2185/2813/files/W9557R_07950_b2_s1_a1_dSU26_m241.png?v=1784016139,w9557r-airlift-intrigue-bra-satsuma-breeze,b:1:Best Seller;BuilderDropzoneStyle:AIRLIFT;BVCategory:Women;Color:Satsuma Breeze:Color;ColorGroup:Orange;ColorwayType:Limited;Content:Builder;Fabric:Airlift;Filter:DisplaySize:1:XXS - XS;Filter:Disp
2026-07-27,W,bestsellers,41,Mid-Rise Go Time Short - Satsuma Breeze,SHORTS/SKIRT,SS,Women:Bottoms:Shorts,78.0,,False,1,https://cdn.shopify.com/s/files/1/2185/2813/files/W6620R_07950_b2_s1_a1_dSU26_m269.png?v=1784015555,w6620r-mid-rise-go-time-short-satsuma-breeze,b:1:Best Seller;BVCategory:Women;Color:Satsuma Breeze:Color;ColorGroup:Orange;ColorwayType:Limited;Filter:DisplaySize:1:XXS - XS;Filter:DisplaySize:3:Small;Filter:DisplaySize:4:Medium;Filter:DisplaySi
2026-07-27,W,bestsellers,42,Airbrush Real Bra Tank - Satsuma Breeze,LEGGING,SS,Women:Tops:Tanks,78.0,,False,1,https://cdn.shopify.com/s/files/1/2185/2813/files/W9587R_07950_b1_s1_a2_dSU26_m246.jpg?v=1782206485,w9587r-airbrush-real-bra-tank-satsuma-breeze,b:1:Best Seller;BuilderDropzoneStyle:AIRBRUSH;BVCategory:Women;Color:Satsuma Breeze:Color;ColorGroup:Orange;ColorwayType:Limited;Content:Builder;Fabric:Airbrush;Filter:DisplaySize:1:XXS - XS;Filter:Di
2026-07-27,W,bestsellers,43,Accolade Straight Leg Sweatpant - Navy,BOTTOM-WARM,FW,Women:Bottoms:Sweatpants,138.0,,False,1,https://cdn.shopify.com/s/files/1/2185/2813/files/U5012RG_03842_b2_s1_a1_dSP26_m190.jpg?v=1775110605,u5012rg-accolade-straight-leg-sweatpant-navy,AccoladeBoostBury;b:1:Best Seller;builderdropzonestyle:FYFASL;BVCategory:Women;ChinaCatalog;Color:Navy:Color;ColorGroup:Blue;Content:Builder;Filter:DisplaySize:1:XXS - XS;Filter:DisplaySize:3:Small;Fi
2026-07-27,W,bestsellers,44,Alosoft Relay Bra - Satsuma Breeze/White,BRA/TANK,SS,Women:Bras,78.0,,False,1,https://cdn.shopify.com/s/files/1/2185/2813/files/W9825R_08015_b2_s1_a1_dSU26_m235.png?v=1784016231,w9825r-alosoft-relay-bra-satsuma-breeze-white,b:1:Best Seller;BuilderDropzoneStyle:ALOSOFT;BVCategory:Women;Color:Satsuma Breeze:Color;ColorGroup:Orange;ColorwayType:Limited;Content:Builder;Fabric:Alosoft;Filter:DisplaySize:1:XXS - XS;Filter:Disp
2026-07-27,W,bestsellers,45,Airbrush Heart Throb Bra - Azure Blue/White,LEGGING,SS,Women:Bras,88.0,,False,1,https://cdn.shopify.com/s/files/1/2185/2813/files/W9680R_08039_b2_s1_a1_dSU26_m235.png?v=1781007906,w9680r-airbrush-heart-throb-bra-azure-blue-white,b:1:Best Seller;BuilderDropzoneStyle:AIRBRUSH;BVCategory:Women;Color:Azure Blue:Color;ColorGroup:Blue;ColorwayType:Limited;Content:Builder;Fabric:Airbrush;Filter:DisplaySize:1:XXS - XS;Filter:DisplayS
2026-07-27,W,bestsellers,46,Sway Mid-Rise On The Go Pant - White Heather,BOTTOM-WARM,FW,Women:Bottoms:Sweatpants,148.0,,False,1,https://cdn.shopify.com/s/files/1/2185/2813/files/W54395R_10060_b2_s1_a2_dSU26_m191.jpg?v=1783017730,w54395r-sway-mid-rise-on-the-go-pant-white-heather,b:1:Best Seller;BVCategory:Women;Color:White Heather:Color;ColorGroup:White;ColorwayType:Limited;Filter:DisplaySize:1:XXS - XS;Filter:DisplaySize:3:Small;Filter:DisplaySize:4:Medium;Filter:DisplaySize
2026-07-27,W,bestsellers,47,Aspire Tank - Satsuma Breeze/White,BRA/TANK,SS,Women:Tops:Tanks,68.0,,False,1,https://cdn.shopify.com/s/files/1/2185/2813/files/W2675RG_08015_b2_s1_a1_dSU26_m241.png?v=1784016015,w2675rg-aspire-tank-satsuma-breeze-white,b:1:Best Seller;BVCategory:Women;Color:Satsuma Breeze:Color;ColorGroup:Orange;ColorwayType:Limited;Filter:DisplaySize:1:XXS - XS;Filter:DisplaySize:3:Small;Filter:DisplaySize:4:Medium;Filter:DisplaySi
2026-07-27,W,bestsellers,48,Timeless Tee - White,SHORTS/SKIRT,SS,Women:Tops:Short Sleeves,68.0,,False,1,https://cdn.shopify.com/s/files/1/2185/2813/files/W1509R_00_b1_s1_a1_dSU26_m191.jpg?v=1779123776,w1509r-timeless-tee-white,b:1:Best Seller;BVCategory:Women;ChinaCatalog;Color:White:Color;ColorGroup:White;Computed:UnderInventoryThreshold:5:for:L;Filter:DisplaySize:1:XXS - XS;Filter:DisplaySize:3:Small;Filter:DisplaySize:4:
2026-07-27,W,bestsellers,49,Suit Up Trouser (Regular) - Navy,ETC,UNTAGGED,Women:Bottoms:Pants,148.0,,False,1,https://cdn.shopify.com/s/files/1/2185/2813/files/W51432R_04893_b2_s1_a1_dSU26_m191.jpg?v=1777663637,w51432r-suit-up-trouser-regular-navy,AA25-PDPselects;b:1:Best Seller;BIScollection;BuilderDropzoneStyle:SUTRSER;BVCategory:Women;ChinaCatalog;Color:Navy:Color;ColorGroup:Blue;Content:Builder;Filter:DisplaySize:1:XXS - XS;Filter:DisplaySi
2026-07-27,W,bestsellers,50,Alosoft Crop Finesse Short Sleeve - Navy,SHORTS/SKIRT,SS,Women:Tops:Short Sleeves,68.0,,False,1,https://cdn.shopify.com/s/files/1/2185/2813/files/W1406R_03842_b2_s1_a1_dSP26_m262.jpg?v=1770053935,w1406r-alosoft-crop-finesse-short-sleeve-navy,b:1:Best Seller;bis-paused;BuilderDropzoneStyle:ALOSOFT;BVCategory:Women;ChinaCatalog;Color:Navy:Color;ColorGroup:Blue;ColorwayType:Limited;Content:Builder;Fabric:Alosoft;Filter:DisplaySize:1:XXS - XS
2026-07-27,M,mens-bestsellers,1,Conquer Reform Crewneck Short Sleeve - Black,SHORTS/SKIRT,SS,Men:Tops:Short Sleeves,78.0,,False,1,https://cdn.shopify.com/s/files/1/2185/2813/files/M1205R_01_b1_s1_a1_1_m180.jpg?v=1736364701,m1205r-conquer-reform-crewneck-short-sleeve-black,b:1:Best Seller;BuilderDropzoneStyle:CNQR;BVCategory:Men;ChinaCatalog;Color:Black:Color;ColorGroup:Black;Content:Builder;FA24MD3-FAMILY;Fabric:Conquer;Filter:DisplaySize:3:Small;Filter:DisplaySize:4:M
2026-07-27,M,mens-bestsellers,2,"5"" Circuit Short - Black",SHORTS/SKIRT,SS,Men:Bottoms:Shorts,68.0,,False,1,https://cdn.shopify.com/s/files/1/2185/2813/files/M6158R_01_b2_s1_a1_1_m276.png?v=1778632075,m6158r-5-circuit-short-black,b:1:Best Seller;BVCategory:Men;ChinaCatalog;Color:Black:Color;ColorGroup:Black;FA25Drops-family;FA25MBridge-family;Filter:DisplaySize:3:Small;Filter:DisplaySize:4:Medium;Filter:DisplaySize:5:Large;Fil
2026-07-27,M,mens-bestsellers,3,Linen Days Short Sleeve Button Up - Bone,SHORTS/SKIRT,SS,Men:Tops:Short Sleeves,198.0,,False,1,https://cdn.shopify.com/s/files/1/2185/2813/files/M1270R_03040_b2_s1_a1_dSU26_m276.jpg?v=1780925077,m1270r-linen-days-short-sleeve-button-up-bone,b:1:Best Seller;BVCategory:Men;ChinaCatalog;Color:Bone:Color;ColorGroup:Beige;Filter:DisplaySize:3:Small;Filter:DisplaySize:4:Medium;Filter:DisplaySize:5:Large;Filter:DisplaySize:6:XL - 2XL;Filter:Siz
2026-07-27,M,mens-bestsellers,4,"7"" Linen Days Short - Bone",SHORTS/SKIRT,SS,Men:Bottoms:Shorts,168.0,,False,1,https://cdn.shopify.com/s/files/1/2185/2813/files/M6194R_03040_b1_s1_a1_dSU26_m214.jpg?v=1779879527,m6194r-7-linen-days-short-bone,b:1:Best Seller;BVCategory:Men;ChinaCatalog;Color:Bone:Color;ColorGroup:Beige;Filter:DisplaySize:3:Small;Filter:DisplaySize:4:Medium;Filter:DisplaySize:5:Large;Filter:DisplaySize:6:XL - 2XL;Filter:Siz
2026-07-27,M,mens-bestsellers,5,ALO Vapor Crewneck Short Sleeve - White,SHORTS/SKIRT,SS,Men:Tops:Short Sleeves,68.0,,False,1,https://cdn.shopify.com/s/files/1/2185/2813/files/M1228R_00_b2_s1_a1_dSU26_m257.jpg?v=1777661502,m1228r-alo-vapor-crewneck-short-sleeve-white,b:1:Best Seller;BuilderDropzoneStyle:VAPR;BVCategory:Men;ChinaCatalog;Color:White:Color;ColorGroup:White;Content:Builder;FA25MBridge-family;Fabric:ALO Vapor;Filter:DisplaySize:3:Small;Filter:DisplaySi
2026-07-27,M,mens-bestsellers,6,"7"" Repetition Short - Navy",SHORTS/SKIRT,SS,Men:Bottoms:Shorts,78.0,,False,1,https://cdn.shopify.com/s/files/1/2185/2813/files/M6154R_03842_b2_s1_a1_dSU26_m257.jpg?v=1777661145,m6154r-7-repetition-short-navy,b:1:Best Seller;BVCategory:Men;ChinaCatalog;Color:Navy:Color;ColorGroup:Blue;FA24;FA24Drops-family;Filter:DisplaySize:3:Small;Filter:DisplaySize:4:Medium;Filter:DisplaySize:5:Large;Filter:DisplaySize:
2026-07-27,M,mens-bestsellers,7,Double Take Short Sleeve - Black,SHORTS/SKIRT,SS,Men:Tops:Short Sleeves,88.0,,False,1,https://cdn.shopify.com/s/files/1/2185/2813/files/M1224R_01_b1_s1_a4_dSU26_m245.jpg?v=1773246432,m1224r-double-take-short-sleeve-black,b:1:Best Seller;BuilderDropzoneStyle:DBLTK;BVCategory:Men;ChinaCatalog;Color:Black:Color;ColorGroup:Black;Content:Builder;Fabric:Double Take;Filter:DisplaySize:3:Small;Filter:DisplaySize:4:Medium;Filt
2026-07-27,M,mens-bestsellers,8,"7"" Double Take Short - Black",SHORTS/SKIRT,SS,Men:Bottoms:Shorts,88.0,,False,1,https://cdn.shopify.com/s/files/1/2185/2813/files/M6143R_01_b2_s1_a2_1_m245.jpg?v=1756316493,m6143r-7-double-take-short-black,b:1:Best Seller;BIScollection;BVCategory:Men;ChinaCatalog;Color:Black:Color;ColorGroup:Black;Fabric:Double Take;Filter:DisplaySize:3:Small;Filter:DisplaySize:4:Medium;Filter:DisplaySize:5:Large;Filter
2026-07-27,M,mens-bestsellers,9,Conquer Reform Crewneck Short Sleeve - Espresso,SHORTS/SKIRT,SS,Men:Tops:Short Sleeves,78.0,,False,1,https://cdn.shopify.com/s/files/1/2185/2813/files/M1205R_04064_b2_s1_a1_m275.png?v=1782497506,m1205r-conquer-reform-crewneck-short-sleeve-espresso,b:1:Best Seller;BuilderDropzoneStyle:CNQR;BVCategory:Men;ChinaCatalog;Color:Espresso:Color;ColorGroup:Brown;Content:Builder;FA24MD5-family;Fabric:Conquer;Filter:DisplaySize:3:Small;Filter:DisplaySize:
2026-07-27,M,mens-bestsellers,10,"7"" Circuit Short - Espresso",SHORTS/SKIRT,SS,Men:Bottoms:Shorts,68.0,,False,1,https://cdn.shopify.com/s/files/1/2185/2813/files/M6123R_04064_b2_s1_a1_dSU26_m257.jpg?v=1777694577,m6123r-7-circuit-short-espresso,b:1:Best Seller;BVCategory:Men;Color:Espresso:Color;ColorGroup:Brown;EcomVideo-Shomari;Filter:DisplaySize:3:Small;Filter:DisplaySize:4:Medium;Filter:DisplaySize:5:Large;Filter:DisplaySize:6:XL - 2XL;F
2026-07-27,M,mens-bestsellers,11,Co-Op Pant (Regular) - Black,ETC,UNTAGGED,Men:Bottoms:Pants,138.0,,False,1,https://cdn.shopify.com/s/files/1/2185/2813/files/M5144R_01_b1_s1_a2_m243.jpg?v=1775153771,m5144r-co-op-pant-regular-black,b:1:Best Seller;BVCategory:Men;ChinaCatalog;Color:Black:Color;ColorGroup:Black;FA25Drops-family;FA25MBridge-family;Filter:DisplaySize:3:Small;Filter:DisplaySize:4:Medium;Filter:DisplaySize:5:Large;Fil
2026-07-27,M,mens-bestsellers,12,Double Take Short Sleeve - Bone,SHORTS/SKIRT,SS,Men:Tops:Short Sleeves,88.0,,False,1,https://cdn.shopify.com/s/files/1/2185/2813/files/M1224R_03040_b1_s1_a2_1_m221.jpg?v=1759331778,m1224r-double-take-short-sleeve-bone,b:1:Best Seller;BuilderDropzoneStyle:DBLTK;BVCategory:Men;ChinaCatalog;Color:Bone:Color;ColorGroup:Beige;Content:Builder;Fabric:Double Take;Filter:DisplaySize:3:Small;Filter:DisplaySize:4:Medium;Filte
2026-07-27,M,mens-bestsellers,13,"7"" Double Take Short - Bone",SHORTS/SKIRT,SS,Men:Bottoms:Shorts,88.0,,False,1,https://cdn.shopify.com/s/files/1/2185/2813/files/M6143R_03040_b1_s1_a1_1_m243.jpg?v=1746630480,m6143r-7-double-take-short-bone,b:1:Best Seller;BVCategory:Men;ChinaCatalog;Color:Bone:Color;ColorGroup:Beige;Fabric:Double Take;Filter:DisplaySize:3:Small;Filter:DisplaySize:4:Medium;Filter:DisplaySize:5:Large;Filter:DisplaySize:6:
2026-07-27,M,mens-bestsellers,14,Accolade Full Zip Hoodie - Athletic Heather Grey,FLEECE/KNIT,FW,Men:Outerwear:Coverups:Hoodies,148.0,,False,1,https://cdn.shopify.com/s/files/1/2185/2813/files/U3041RG_02910_b1_s1_a1_dSU26_m214.jpg?v=1784064467,u3041rg-accolade-full-zip-hoodie-athletic-heather-grey-mens,AccoladeBoostBury;b:1:Best Seller;BR:unisex;BVCategory:Men;Color:Athletic Grey:Color;ColorGroup:Grey;Filter:DisplaySize:1:XXS - XS;Filter:DisplaySize:3:Small;Filter:DisplaySize:4:Medium;Filter:Display
2026-07-27,M,mens-bestsellers,15,Accolade Sweatpant - Athletic Heather Grey,BOTTOM-WARM,FW,Men:Bottoms:Sweatpants,138.0,,False,1,https://cdn.shopify.com/s/files/1/2185/2813/files/U5013RG_06501_b1_s1_a1_dSP26_m243.jpg?v=1775179670,u5013rg-accolade-sweatpant-athletic-heather-grey-mens,AccoladeBoostBury;b:1:Best Seller;BR:unisex;BVCategory:Men;Color:Athletic Grey:Color;ColorGroup:Grey;Filter:DisplaySize:1:XXS - XS;Filter:DisplaySize:3:Small;Filter:DisplaySize:4:Medium;Filter:Display
2026-07-27,M,mens-bestsellers,16,Conquer Muscle Tank - Black,BRA/TANK,SS,Men:Tops:Tanks,68.0,,False,1,https://cdn.shopify.com/s/files/1/2185/2813/files/M2066R_01_b1_s1_a5_dSP26_m243.jpg?v=1774385765,m2066r-conquer-muscle-tank-black,b:1:Best Seller;BuilderDropzoneStyle:CNQR;BVCategory:Men;ChinaCatalog;Color:Black:Color;ColorGroup:Black;Content:Builder;FA23;FA23-ConquerTank;Fabric:Conquer;Filter:DisplaySize:3:Small;Filter:DisplayS
2026-07-27,M,mens-bestsellers,17,"7"" Conquer React Performance Short - Black",SHORTS/SKIRT,SS,Men:Bottoms:Shorts,68.0,,False,1,https://cdn.shopify.com/s/files/1/2185/2813/files/M6131R_01_b1_s1_a1_1_m243.jpg?v=1747861552,m6131r-conquer-react-performance-short-black,b:1:Best Seller;BVCategory:Men;ChinaCatalog;Color:Black:Color;ColorGroup:Black;EcomVideo-Shomari;Fabric:Conquer;Filter:DisplaySize:3:Small;Filter:DisplaySize:4:Medium;Filter:DisplaySize:5:Large;Filter
2026-07-27,M,mens-bestsellers,18,Conquer 1/4 Zip Reform Long Sleeve - White,TOP,SEASONLESS,Men:Tops:Long Sleeves,108.0,,False,1,https://cdn.shopify.com/s/files/1/2185/2813/files/M3193R_00_b2_s1_a1_dSU26_m243.png?v=1778519952,m3193r-conquer-1-4-zip-reform-long-sleeve-white,b:1:Best Seller;BuilderDropzoneStyle:CNQR;BVCategory:Men;Color:White:Color;ColorGroup:White;Content:Builder;FA24MD3-FAMILY;Fabric:Conquer;Filter:DisplaySize:3:Small;Filter:DisplaySize:4:Medium;Filter:
2026-07-27,M,mens-bestsellers,19,"5"" Traction Running Short - Navy",SHORTS/SKIRT,SS,Men:Bottoms:Shorts,88.0,,False,1,https://cdn.shopify.com/s/files/1/2185/2813/files/M6169R_03842_b2_s1_a3_m245.jpg?v=1756308614,m6169r-5-traction-running-short-navy,b:1:Best Seller;BIScollection;BVCategory:Men;ChinaCatalog;Color:Navy:Color;ColorGroup:Blue;ColorwayType:Limited;FA25MBridge-family;Filter:DisplaySize:3:Small;Filter:DisplaySize:4:Medium;Filter:Display
2026-07-27,M,mens-bestsellers,20,Linen Days Short Sleeve Button Up - White,SHORTS/SKIRT,SS,Men:Tops:Short Sleeves,198.0,,False,1,https://cdn.shopify.com/s/files/1/2185/2813/files/M1270R_05594_b1_s1_a4_dSU26_m214.jpg?v=1779878517,m1270r-linen-days-short-sleeve-button-up-white,b:1:Best Seller;BVCategory:Men;ChinaCatalog;Color:White:Color;ColorGroup:White;Filter:DisplaySize:3:Small;Filter:DisplaySize:4:Medium;Filter:DisplaySize:5:Large;Filter:DisplaySize:6:XL - 2XL;Filter:Si
2026-07-27,M,mens-bestsellers,21,"7"" Linen Days Short - White",SHORTS/SKIRT,SS,Men:Bottoms:Shorts,168.0,,False,1,https://cdn.shopify.com/s/files/1/2185/2813/files/M6194R_05594_b1_s1_a1_dSU26_m214.jpg?v=1779879557,m6194r-7-linen-days-short-white,b:1:Best Seller;BVCategory:Men;ChinaCatalog;Color:White:Color;ColorGroup:White;Filter:DisplaySize:3:Small;Filter:DisplaySize:4:Medium;Filter:DisplaySize:5:Large;Filter:DisplaySize:6:XL - 2XL;Filter:Si
2026-07-27,M,mens-bestsellers,22,Triumph Tee - Black,SHORTS/SKIRT,SS,Men:Tops:Short Sleeves,58.0,,False,1,https://cdn.shopify.com/s/files/1/2185/2813/files/M1257R_01_b1_s1_a4_dSP26_m214.jpg?v=1775244311,m1257r-triumph-tee-black,b:1:Best Seller;BuilderDropzoneStyle:TRMPH;BVCategory:Men;ChinaCatalog;Color:Black:Color;ColorGroup:Black;Content:Builder;FA24;FA24Drops-family;FA24MD6-family;Fabric:Triumph;Filter:DisplaySize:3:Small
2026-07-27,M,mens-bestsellers,23,Chill Short - Black,SHORTS/SKIRT,SS,Men:Bottoms:Shorts,78.0,,False,1,https://cdn.shopify.com/s/files/1/2185/2813/files/M6122R_01_b1_s1_a2_dSP26_m214_6bf38e0e-c727-4b06-96df-d5881f65680e.jpg?v=1780513270,m6122r-chill-short-black,b:1:Best Seller;BVCategory:Men;Color:Black:Color;ColorGroup:Black;EcomVideo-Shomari;Filter:DisplaySize:3:Small;Filter:DisplaySize:4:Medium;Filter:DisplaySize:5:Large;Filter:DisplaySize:6:XL - 2XL;Filt
2026-07-27,M,mens-bestsellers,24,"7"" Repetition Short - Black",SHORTS/SKIRT,SS,Men:Bottoms:Shorts,78.0,,False,1,https://cdn.shopify.com/s/files/1/2185/2813/files/M6154R_01_b1_s1_a1_1_m203.jpg?v=1734054413,m6154r-7-repetition-short-black,b:1:Best Seller;BVCategory:Men;ChinaCatalog;Color:Black:Color;ColorGroup:Black;FA24;FA24Drops-family;Filter:DisplaySize:3:Small;Filter:DisplaySize:4:Medium;Filter:DisplaySize:5:Large;Filter:DisplaySiz
2026-07-27,M,mens-bestsellers,25,Conquer Reform Long Sleeve With Hood - Black,TOP,SEASONLESS,Men:Tops:Long Sleeves,108.0,,False,1,https://cdn.shopify.com/s/files/1/2185/2813/files/M3199R_01_b1_s1_a4_dSP26_m243.jpg?v=1774388049,m3199r-conquer-reform-long-sleeve-with-hood-black,b:1:Best Seller;BuilderDropzoneStyle:CNQR;BVCategory:Men;ChinaCatalog;Color:Black:Color;ColorGroup:Black;Content:Builder;FA24MD3-FAMILY;Fabric:Conquer;Filter:DisplaySize:3:Small;Filter:DisplaySize:4:M
2026-07-27,M,mens-bestsellers,26,Double Take Straight Leg Pant - Black,ETC,UNTAGGED,Men:Bottoms:Pants,128.0,,False,1,https://cdn.shopify.com/s/files/1/2185/2813/files/M5259R_01_b1_s1_a1_dSP26_m243.jpg?v=1769503610,m5259r-double-take-straight-leg-pant-black,b:1:Best Seller;BVCategory:Men;ChinaCatalog;Color:Black:Color;ColorGroup:Black;Fabric:Double Take;Filter:DisplaySize:3:Small;Filter:DisplaySize:4:Medium;Filter:DisplaySize:5:Large;Filter:DisplaySize:6
2026-07-27,M,mens-bestsellers,27,Conquer 1/4 Zip Reform Long Sleeve - Black,TOP,SEASONLESS,Men:Tops:Long Sleeves,108.0,,False,1,https://cdn.shopify.com/s/files/1/2185/2813/files/M3193R_01_b1_s1_a1_dSP26_m243.jpg?v=1774387522,m3193r-conquer-1-4-zip-reform-long-sleeve-black,b:1:Best Seller;BuilderDropzoneStyle:CNQR;BVCategory:Men;ChinaCatalog;Color:Black:Color;ColorGroup:Black;Content:Builder;FA24MD3-FAMILY;Fabric:Conquer;Filter:DisplaySize:3:Small;Filter:DisplaySize:4:M
2026-07-27,M,mens-bestsellers,28,Conquer Reform Crewneck Short Sleeve - Navy,SHORTS/SKIRT,SS,Men:Tops:Short Sleeves,78.0,,False,1,https://cdn.shopify.com/s/files/1/2185/2813/files/M1205R_03842_b2_s1_a1_1_m214.jpg?v=1761533071,m1205r-conquer-reform-crewneck-short-sleeve-navy,b:1:Best Seller;BuilderDropzoneStyle:CNQR;BVCategory:Men;ChinaCatalog;Color:Navy:Color;ColorGroup:Blue;Content:Builder;FA24MD1-family;Fabric:Conquer;Filter:DisplaySize:3:Small;Filter:DisplaySize:4:Med
2026-07-27,M,mens-bestsellers,29,Conquer 1/4 Zip Reform Long Sleeve - Navy,TOP,SEASONLESS,Men:Tops:Long Sleeves,108.0,,False,1,https://cdn.shopify.com/s/files/1/2185/2813/files/M3193R_03842_b1_s1_a1_m263.jpg?v=1762563261,m3193r-conquer-1-4-zip-reform-long-sleeve-navy,b:1:Best Seller;BuilderDropzoneStyle:CNQR;BVCategory:Men;ChinaCatalog;Color:Navy:Color;ColorGroup:Blue;Content:Builder;FA24MD1-family;Fabric:Conquer;Filter:DisplaySize:3:Small;Filter:DisplaySize:4:Med
2026-07-27,M,mens-bestsellers,30,Conquer Reform Crewneck Short Sleeve - White,SHORTS/SKIRT,SS,Men:Tops:Short Sleeves,78.0,,False,1,https://cdn.shopify.com/s/files/1/2185/2813/files/M1205R_00_b1_s1_a1_1_m226.jpg?v=1775153685,m1205r-conquer-reform-crewneck-short-sleeve-white,b:1:Best Seller;BuilderDropzoneStyle:CNQR;BVCategory:Men;ChinaCatalog;Color:White:Color;ColorGroup:White;Content:Builder;FA24MD3-FAMILY;Fabric:Conquer;Filter:DisplaySize:3:Small;Filter:DisplaySize:4:M
2026-07-27,M,mens-bestsellers,31,Co-Op Pant (Regular) - Navy,ETC,UNTAGGED,Men:Bottoms:Pants,138.0,,False,1,https://cdn.shopify.com/s/files/1/2185/2813/files/M5144R_03842_b1_s1_a2_m253.jpg?v=1754696433,m5144r-co-op-pant-regular-navy,b:1:Best Seller;BVCategory:Men;ChinaCatalog;Color:Navy:Color;ColorGroup:Blue;FA25Drops-family;FA25MBridge-family;Filter:DisplaySize:3:Small;Filter:DisplaySize:4:Medium;Filter:DisplaySize:5:Large;Filte
2026-07-27,M,mens-bestsellers,32,ALO Vapor Crewneck Short Sleeve - Black,SHORTS/SKIRT,SS,Men:Tops:Short Sleeves,68.0,,False,1,https://cdn.shopify.com/s/files/1/2185/2813/files/M1228R_01_b2_s3_a3_dFA25_m245.jpg?v=1776888215,m1228r-alo-vapor-crewneck-short-sleeve-black,b:1:Best Seller;BuilderDropzoneStyle:VAPR;BVCategory:Men;ChinaCatalog;Color:Black:Color;ColorGroup:Black;Content:Builder;FA25MBridge-family;Fabric:ALO Vapor;Filter:DisplaySize:3:Small;Filter:DisplaySi
2026-07-27,M,mens-bestsellers,33,Unisex Half-Crew Throwback Sock - White/Black,ACC,SEASONLESS,Accessories:Socks,34.0,,False,1,https://cdn.shopify.com/s/files/1/2185/2813/products/A0480U_0001_b1_a1.jpg?v=1669748933,a0480u-unisex-half-crew-throwback-sock-white-black,b:1:Best Seller;BVCategory:Socks;Color:White:Color;ColorGroup:White;Filter:Size:L;Filter:Size:M;Filter:Size:S;Maintenance:ColorwayProduct;master-accessories-all;master-accessories-men;master-man-all;m
2026-07-27,M,mens-bestsellers,34,Double Take Short Sleeve - White,SHORTS/SKIRT,SS,Men:Tops:Short Sleeves,88.0,,False,1,https://cdn.shopify.com/s/files/1/2185/2813/files/M1224R_05594_b1_s1_a1_m221.jpg?v=1761941985,m1224r-double-take-short-sleeve-white,b:1:Best Seller;bis-paused;BuilderDropzoneStyle:DBLTK;BVCategory:Men;Color:White:Color;ColorGroup:White;Content:Builder;Fabric:Double Take;Filter:DisplaySize:3:Small;Filter:DisplaySize:4:Medium;Filter
2026-07-27,M,mens-bestsellers,35,ALO Vapor Crewneck Short Sleeve - Navy,SHORTS/SKIRT,SS,Men:Tops:Short Sleeves,68.0,,False,1,https://cdn.shopify.com/s/files/1/2185/2813/files/M1228R_03842_b1_s1_a1_m180.jpg?v=1754469666,m1228r-alo-vapor-crewneck-short-sleeve-navy,b:1:Best Seller;BuilderDropzoneStyle:VAPR;BVCategory:Men;ChinaCatalog;Color:Navy:Color;ColorGroup:Blue;ColorwayType:Limited;Content:Builder;FA25MBridge-family;Fabric:ALO Vapor;Filter:DisplaySize:3:Sma
2026-07-27,M,mens-bestsellers,36,Repetition Pant - Black,ETC,UNTAGGED,Men:Bottoms:Pants,128.0,,False,1,https://cdn.shopify.com/s/files/1/2185/2813/files/M5230R_01_b2_s1_a1_dSU26_m257.jpg?v=1777660630,m5230r-repetition-pant-black,b:1:Back in Stock;b:1:Best Seller;BISCollection;BVCategory:Men;ChinaCatalog;Color:Black:Color;ColorGroup:Black;Filter:DisplaySize:3:Small;Filter:DisplaySize:4:Medium;Filter:DisplaySize:5:Large;Filter:
2026-07-27,M,mens-bestsellers,37,Double Take Hoodie - Black,FLEECE/KNIT,FW,Men:Outerwear:Coverups:Hoodies,128.0,,False,1,https://cdn.shopify.com/s/files/1/2185/2813/files/M3245R_01_b1_s1_a2_dSP26_m214.jpg?v=1774388969,m3245r-double-take-hoodie-black,b:1:Best Seller;BVCategory:Men;Color:Black:Color;ColorGroup:Black;Fabric:Double Take;Filter:DisplaySize:3:Small;Filter:DisplaySize:4:Medium;Filter:DisplaySize:5:Large;Filter:DisplaySize:6:XL - 2XL;Fil
2026-07-27,M,mens-bestsellers,38,Sports Club Sweater Knit Polo - Ivory,FLEECE/KNIT,FW,Men:Tops:Short Sleeves,168.0,,False,1,https://cdn.shopify.com/s/files/1/2185/2813/files/M1250R_03299_b1_s1_a1_m243.jpg?v=1747108191,m1250r-sports-club-sweater-knit-polo-ivory,b:1:Best Seller;BVCategory:Men;ChinaCatalog;Color:Ivory:Color;ColorGroup:White;Filter:DisplaySize:3:Small;Filter:DisplaySize:4:Medium;Filter:DisplaySize:5:Large;Filter:DisplaySize:6:XL - 2XL;Filter:Si
2026-07-27,M,mens-bestsellers,39,"7"" Repetition Short - Gravel",SHORTS/SKIRT,SS,Men:Bottoms:Shorts,78.0,,False,1,https://cdn.shopify.com/s/files/1/2185/2813/files/M6154R_05438_b2_s1_a1_dSU26_m243.png?v=1778517531,m6154r-7-repetition-short-gravel,b:1:Best Seller;BISCollection;BVCategory:Men;Color:Gravel:Color;ColorGroup:Beige;FA24;FA24Drops-family;Filter:DisplaySize:3:Small;Filter:DisplaySize:4:Medium;Filter:DisplaySize:5:Large;Filter:DisplayS
2026-07-27,M,mens-bestsellers,40,Performance Off-Duty Cap - Black/Black,ACC,SEASONLESS,Accessories:Hats:Caps,68.0,,False,1,https://cdn.shopify.com/s/files/1/2185/2813/files/A0543U_0101_b1_s1_a1.jpg?v=1747806926,a0543u-performance-off-duty-cap-black-black,b:1:Best Seller;BIScollection;BVCategory:Accessories;ChinaCatalog;Color:Black:Color;ColorGroup:Black;Maintenance:ColorwayProduct;master-accessories-all;master-man-all;master-woman-all;MBestSeller;not_
2026-07-27,M,mens-bestsellers,41,Double Take Short Sleeve - White Heather,SHORTS/SKIRT,SS,Men:Tops:Short Sleeves,88.0,,False,1,https://cdn.shopify.com/s/files/1/2185/2813/files/M1224R_10060_b1_s1_a1_dSU26_m245_jpg.png?v=1778271493,m1224r-double-take-short-sleeve-white-heather,b:1:Best Seller;BR:unisex;BuilderDropzoneStyle:DBLTK;BVCategory:Men;Color:White Heather:Color;ColorGroup:White;ColorwayType:Limited;Content:Builder;Fabric:Double Take;Filter:DisplaySize:3:Small;Filter
2026-07-27,M,mens-bestsellers,42,"7"" Repetition Short - Anthracite",SHORTS/SKIRT,SS,Men:Bottoms:Shorts,78.0,,False,1,https://cdn.shopify.com/s/files/1/2185/2813/files/M6154R_02125_b2_s1_a1_m208.jpg?v=1767749600,m6154r-7-repetition-short-anthracite,b:1:Best Seller;BVCategory:Men;Color:Anthracite:Color;ColorGroup:Grey;FA24;FA24Drops-family;Filter:DisplaySize:3:Small;Filter:DisplaySize:4:Medium;Filter:DisplaySize:5:Large;Filter:DisplaySize:6:XL - 
2026-07-27,M,mens-bestsellers,43,"5"" Traction Running Short - Black",SHORTS/SKIRT,SS,Men:Bottoms:Shorts,88.0,,False,1,https://cdn.shopify.com/s/files/1/2185/2813/files/M6169R_01_b1_s1_a2_m221.jpg?v=1756308701,m6169r-5-traction-running-short-black,b:1:Best Seller;BVCategory:Men;ChinaCatalog;Color:Black:Color;ColorGroup:Black;FA25MBridge-family;Filter:DisplaySize:3:Small;Filter:DisplaySize:4:Medium;Filter:DisplaySize:5:Large;Filter:DisplaySize:6
2026-07-27,M,mens-bestsellers,44,Takeaway Track Straight Leg Pant - Black,ETC,UNTAGGED,Men:Bottoms:Pants,158.0,,False,1,https://cdn.shopify.com/s/files/1/2185/2813/files/M5265R_01_b2_s1_a1_dSU26_m243.png?v=1778240989,m5265r-takeaway-track-straight-leg-pant-black,b:1:Best Seller;BVCategory:Men;ChinaCatalog;Color:Black:Color;ColorGroup:Black;Filter:DisplaySize:3:Small;Filter:DisplaySize:4:Medium;Filter:DisplaySize:5:Large;Filter:DisplaySize:6:XL - 2XL;Filter:Si
2026-07-27,M,mens-bestsellers,45,Double Take Hoodie - White Heather,FLEECE/KNIT,FW,Men:Outerwear:Coverups:Hoodies,128.0,,False,1,https://cdn.shopify.com/s/files/1/2185/2813/files/M3245R_10060_b1_s1_a1_dSU26_m274_jpg.png?v=1778271420,m3245r-double-take-hoodie-white-heather,b:1:Best Seller;BR:unisex;BuilderDropzoneStyle:DBLTK;BVCategory:Men;ChinaCatalog;Color:White Heather:Color;ColorGroup:White;ColorwayType:Limited;Content:Builder;Fabric:Double Take;Filter:DisplaySize:3
2026-07-27,M,mens-bestsellers,46,Conquer Max Mock Neck Full Zip - Black,FLEECE/KNIT,FW,Men:Outerwear:Coverups:Pullovers,138.0,,False,1,https://cdn.shopify.com/s/files/1/2185/2813/files/M3262R_01_b2_s1_a1_dWT25_m214.jpg?v=1776888259,m3262r-conquer-max-mock-neck-full-zip-black,b:1:Best Seller;BuilderDropzoneStyle:CNQR;BVCategory:Men;ChinaCatalog;Color:Black:Color;ColorGroup:Black;Content:Builder;Fabric:Conquer;Filter:DisplaySize:3:Small;Filter:DisplaySize:4:Medium;Filter:Di
2026-07-27,M,mens-bestsellers,47,"7"" Conquer React Performance Short - Bone",SHORTS/SKIRT,SS,Men:Bottoms:Shorts,68.0,,False,1,https://cdn.shopify.com/s/files/1/2185/2813/files/M6131R_03040_b2_s1_a1_1_m252.jpg?v=1760365331,m6131r-conquer-react-performance-short-bone,b:1:Best Seller;BVCategory:Men;ChinaCatalog;Color:Bone:Color;ColorGroup:Beige;EcomVideo-Shomari;Fabric:Conquer;Filter:DisplaySize:3:Small;Filter:DisplaySize:4:Medium;Filter:DisplaySize:5:Large;Filter:
2026-07-27,M,mens-bestsellers,48,"7"" Linen Days Short - Black",SHORTS/SKIRT,SS,Men:Bottoms:Shorts,168.0,,False,1,https://cdn.shopify.com/s/files/1/2185/2813/files/M6194R_01_b1_s1_a3_dSU26_m245.jpg?v=1779879515,m6194r-7-linen-days-short-black,b:1:Best Seller;BVCategory:Men;ChinaCatalog;Color:Black:Color;ColorGroup:Black;Filter:DisplaySize:3:Small;Filter:DisplaySize:4:Medium;Filter:DisplaySize:5:Large;Filter:DisplaySize:6:XL - 2XL;Filter:Si
2026-07-27,M,mens-bestsellers,49,"5"" Repetition Short - Black",SHORTS/SKIRT,SS,Men:Bottoms:Shorts,78.0,,False,1,https://cdn.shopify.com/s/files/1/2185/2813/files/M6155R_01_b1_s1_a2_dSU26_m245.jpg?v=1784588238,m6155r-5-repetition-short-black,b:1:Best Seller;BVCategory:Men;ChinaCatalog;Color:Black:Color;ColorGroup:Black;Filter:DisplaySize:3:Small;Filter:DisplaySize:4:Medium;Filter:DisplaySize:5:Large;Filter:DisplaySize:6:XL - 2XL;Filter:Si
2026-07-27,M,mens-bestsellers,50,"7"" Sports Club Sweater Knit Short - Ivory",FLEECE/KNIT,FW,Men:Bottoms:Shorts,168.0,,False,1,https://cdn.shopify.com/s/files/1/2185/2813/files/M6171R_03299_b1_s1_a1_m243.jpg?v=1747108210,m6171r-7-sports-club-sweater-knit-short-ivory,b:1:Best Seller;BVCategory:Men;ChinaCatalog;Color:Ivory:Color;ColorGroup:White;Filter:DisplaySize:3:Small;Filter:DisplaySize:4:Medium;Filter:DisplaySize:5:Large;Filter:DisplaySize:6:XL - 2XL;Filter:Si
2026-08-03,W,bestsellers,1,Ribbed Prosper Tank - Black,BRA/TANK,SS,Women:Tops:Tanks,78.0,,False,1,https://cdn.shopify.com/s/files/1/2185/2813/files/W2799R_01_b2_s1_a2_dSU26_m269.jpg?v=1785178540,w2799r-ribbed-prosper-tank-black,b:1:Best Seller;BIScollection;BVCategory:Women;ChinaCatalog;Color:Black:Color;ColorGroup:Black;Fabric:Ribbed;Filter:DisplaySize:1:XXS - XS;Filter:DisplaySize:3:Small;Filter:DisplaySize:4:Medium;Filter
2026-08-03,W,bestsellers,2,Match Point Tennis Skirt - Black,SHORTS/SKIRT,SS,Women:Bottoms:Skirts,78.0,,False,1,https://cdn.shopify.com/s/files/1/2185/2813/files/W6240R_01_b2_s1_a2_dSU26_m269.jpg?v=1785182237,w6240r-match-point-tennis-skirt-black,aloversary20off;b:1:Best Seller;BIScollection;blackskirt;BVCategory:Women;ChinaCatalog;Color:Black:Color;ColorGroup:Black;Filter:DisplaySize:1:XXS - XS;Filter:DisplaySize:3:Small;Filter:DisplaySize:4:
2026-08-03,W,bestsellers,3,Cropped Timeless Tee - Dune Grass,SHORTS/SKIRT,SS,Women:Tops:Short Sleeves,64.0,,False,1,https://cdn.shopify.com/s/files/1/2185/2813/files/W1511R_07947_b2_s1_a2_dSU26_m228.jpg?v=1784845863,w1511r-cropped-timeless-tee-dune-grass,b:1:Best Seller;BVCategory:Women;ChinaCatalog;Color:Dune Grass:Color;ColorGroup:Green;ColorwayType:Limited;Filter:DisplaySize:1:XXS - XS;Filter:DisplaySize:3:Small;Filter:DisplaySize:4:Medium;Filter:D
2026-08-03,W,bestsellers,4,Suit Up Trouser (Regular) - Dune Grass,ETC,UNTAGGED,Women:Bottoms:Pants,148.0,,False,1,https://cdn.shopify.com/s/files/1/2185/2813/files/W51432R_07947_b2_s1_a1_dSU26_m228.jpg?v=1784747388,w51432r-suit-up-trouser-regular-dune-grass,b:1:Best Seller;BuilderDropzoneStyle:SUTRSER;BVCategory:Women;ChinaCatalog;Color:Dune Grass:Color;ColorGroup:Green;ColorwayType:Limited;Content:Builder;Filter:DisplaySize:1:XXS - XS;Filter:DisplaySize
2026-08-03,W,bestsellers,5,Accolade 1/4 Zip Pullover - White Heather,FLEECE/KNIT,FW,Women:Outerwear:Coverups:Pullovers,148.0,,False,1,https://cdn.shopify.com/s/files/1/2185/2813/files/U3040RG_10060_b2_s1_a1_dSU26_m191_5ce88d6d-56a9-42dd-bde1-37a55b7faba1.jpg?v=1783017241,u3040rg-accolade-1-4-zip-pullover-white-heather,AccoladeBoostBury;b:1:Best Seller;BR:unisex;BVCategory:Women;Color:White Heather:Color;ColorGroup:White;ColorwayType:Limited;Filter:DisplaySize:1:XXS - XS;Filter:DisplaySize:3:Small;Filter:DisplaySize
2026-08-03,W,bestsellers,6,Accolade Short - White Heather,SHORTS/SKIRT,SS,Women:Bottoms:Shorts,78.0,,False,1,https://cdn.shopify.com/s/files/1/2185/2813/files/W6472RG_10060_b2_s1_a2_dSU26_m191.jpg?v=1783017573,w6472rg-accolade-short-white-heather,AccoladeBoostBury;b:1:Best Seller;BVCategory:Women;Color:White Heather:Color;ColorGroup:White;ColorwayType:Limited;Filter:DisplaySize:1:XXS - XS;Filter:DisplaySize:3:Small;Filter:DisplaySize:4:Medium;
2026-08-03,W,bestsellers,7,Alosoft Crop Finesse Short Sleeve - Satsuma Breeze,SHORTS/SKIRT,SS,Women:Tops:Short Sleeves,68.0,,False,1,https://cdn.shopify.com/s/files/1/2185/2813/files/W1406R_07950_b2_s1_a1_dSU26_m241.png?v=1784015981,w1406r-alosoft-crop-finesse-short-sleeve-satsuma-breeze,b:1:Best Seller;BuilderDropzoneStyle:ALOSOFT;BVCategory:Women;Color:Satsuma Breeze:Color;ColorGroup:Orange;ColorwayType:Limited;Content:Builder;Fabric:Alosoft;Filter:DisplaySize:1:XXS - XS;Filter:Disp
2026-08-03,W,bestsellers,8,Match Point Short - Satsuma Breeze,SHORTS/SKIRT,SS,Women:Bottoms:Shorts,78.0,,False,1,https://cdn.shopify.com/s/files/1/2185/2813/files/W6334R_07950_b1_s1_a2_dSU26_m246.jpg?v=1782205656,w6334r-match-point-short-satsuma-breeze,b:1:Best Seller;BVCategory:Women;Color:Satsuma Breeze:Color;ColorGroup:Orange;ColorwayType:Limited;Filter:DisplaySize:1:XXS - XS;Filter:DisplaySize:3:Small;Filter:DisplaySize:4:Medium;Filter:DisplaySi
2026-08-03,W,bestsellers,9,Suit Up Trouser (Regular) - Black,ETC,UNTAGGED,Women:Bottoms:Pants,148.0,,False,1,https://cdn.shopify.com/s/files/1/2185/2813/files/W54187R_01_b2_s1_a1_dSU26_m270.jpg?v=1785175478,w51432r-suit-up-trouser-black,AA25-PDPselects;b:1:Best Seller;BuilderDropzoneStyle:SUTRSER;BVCategory:Women;ChinaCatalog;Color:Black:Color;ColorGroup:Black;Content:Builder;Filter:DisplaySize:1:XXS - XS;Filter:DisplaySize:3:Small;F
2026-08-03,W,bestsellers,10,High-Waist Dreamscape Trouser (Regular) - Dune Grass,ACC,SEASONLESS,Women:Bottoms:Pants,148.0,,False,1,https://cdn.shopify.com/s/files/1/2185/2813/files/W54174R_07947_b2_s1_a1_dSU26_m18_7393af3b-af74-4a07-94e2-47c498ca02b7.jpg?v=1784747279,w54174r-high-waist-dreamscape-trouser-regular-dune-grass,b:1:Best Seller;BVCategory:Women;ChinaCatalog;Color:Dune Grass:Color;ColorGroup:Green;ColorwayType:Limited;Filter:DisplaySize:1:XXS - XS;Filter:DisplaySize:3:Small;Filter:DisplaySize:4:Medium;Filter:D
2026-08-03,W,bestsellers,11,Match Point Tennis Skirt - Dune Grass,SHORTS/SKIRT,SS,Women:Bottoms:Skirts,78.0,,False,1,https://cdn.shopify.com/s/files/1/2185/2813/files/W6240R_07947_b2_s1_a2_dSU26_m18.jpg?v=1784743970,w6240r-match-point-tennis-skirt-dune-grass,b:1:Best Seller;BVCategory:Women;ChinaCatalog;Color:Dune Grass:Color;ColorGroup:Green;ColorwayType:Limited;Filter:DisplaySize:1:XXS - XS;Filter:DisplaySize:3:Small;Filter:DisplaySize:4:Medium;Filter:D
2026-08-03,W,bestsellers,12,Airbrush Heart Throb Bra - Dune Grass/White,LEGGING,SS,Women:Bras,88.0,,False,1,https://cdn.shopify.com/s/files/1/2185/2813/files/W9680R_08023_b2_s1_a2_dSU26_m18_95fa4923-7254-4c3f-9e97-95649262ecc7.jpg?v=1784742235,w9680r-airbrush-heart-throb-bra-dune-grass-white,b:1:Best Seller;BuilderDropzoneStyle:AIRBRUSH;BVCategory:Women;ChinaCatalog;Color:Dune Grass:Color;ColorGroup:Green;ColorwayType:Limited;Content:Builder;Fabric:Airbrush;Filter:DisplaySize:1:XXS - XS;F
2026-08-03,W,bestsellers,13,Suit Up Trouser (Long) - Dune Grass,ETC,UNTAGGED,Women:Bottoms:Pants,148.0,,False,1,https://cdn.shopify.com/s/files/1/2185/2813/files/W54187R_07947_b1_s1_a2_dSU26_m271_1.jpg?v=1784542815,w54187r-suit-up-trouser-long-dune-grass,b:1:Best Seller;BuilderDropzoneStyle:SUTRSER;BVCategory:Women;Color:Dune Grass:Color;ColorGroup:Green;ColorwayType:Limited;Content:Builder;Filter:DisplaySize:1:XXS - XS;Filter:DisplaySize:3:Small;Filt
2026-08-03,W,bestsellers,14,Cropped Dreamscape Tank - Dune Grass,BRA/TANK,SS,Women:Tops:Tanks,68.0,,False,1,https://cdn.shopify.com/s/files/1/2185/2813/files/W2802R_07947_b2_s1_a1_dSU26_m18_6ef140f7-7ea8-46a2-957d-d11756cb5eb9.jpg?v=1784846278,w2802r-cropped-dreamscape-tank-dune-grass,b:1:Best Seller;BVCategory:Women;ChinaCatalog;Color:Dune Grass:Color;ColorGroup:Green;ColorwayType:Limited;Filter:DisplaySize:3:Small;Filter:DisplaySize:4:Medium;Filter:DisplaySize:5:L - XL;Filter:Siz
2026-08-03,W,bestsellers,15,Ribbed En Pointe Tank - Dune Grass,BRA/TANK,SS,Women:Tops:Tanks,78.0,,False,1,https://cdn.shopify.com/s/files/1/2185/2813/files/W9777R_07947_b1_s1_a1_dSU26_m54_1.jpg?v=1784543551,w9777r-ribbed-en-pointe-tank-dune-grass,b:1:Best Seller;BVCategory:Women;Color:Dune Grass:Color;ColorGroup:Green;ColorwayType:Limited;Fabric:Ribbed;Filter:DisplaySize:1:XXS - XS;Filter:DisplaySize:3:Small;Filter:DisplaySize:4:Medium;Filter:
2026-08-03,W,bestsellers,16,Ribbed Modal Long Sleeve - Dune Grass,TOP,SEASONLESS,Women:Tops:Long Sleeves,78.0,,False,1,https://cdn.shopify.com/s/files/1/2185/2813/files/W3903R_07947_b1_s1_a21_dSU26_m271.jpg?v=1784823912,w3903r-ribbed-modal-long-sleeve-dune-grass,b:1:Best Seller;BVCategory:Women;ChinaCatalog;Color:Dune Grass:Color;ColorGroup:Green;ColorwayType:Limited;Fabric:Ribbed;Filter:DisplaySize:1:XXS - XS;Filter:DisplaySize:3:Small;Filter:DisplaySize:4:M
2026-08-03,W,bestsellers,17,"4"" Airbrush High-Waist Heart Throb Short - Dune Grass/White",LEGGING,SS,Women:Bottoms:Shorts,84.0,,False,1,https://cdn.shopify.com/s/files/1/2185/2813/files/W6519R_08023_b2_s1_a2_dSU26_m18_d8130950-b8b9-4b6d-b451-a620af8a180a.jpg?v=1784743649,w6519r-4-airbrush-high-waist-heart-throb-short-dune-grass-white,b:1:Best Seller;BuilderDropzoneStyle:AIRBRUSH;BVCategory:Women;ChinaCatalog;Color:Dune Grass:Color;ColorGroup:Green;ColorwayType:Limited;Content:Builder;Fabric:Airbrush;Filter:DisplaySize:1:XXS - XS;F
2026-08-03,W,bestsellers,18,Seamless Modal Ribbed Delight Bralette - Dune Grass,BRA/TANK,SS,Women:Bras,68.0,,False,1,https://cdn.shopify.com/s/files/1/2185/2813/files/W9817R_07947_b2_s1_a2_dSU26_m18.jpg?v=1784672466,w9817r-seamless-modal-ribbed-delight-bralette-dune-grass,b:1:Best Seller;BVCategory:Women;ChinaCatalog;Color:Dune Grass:Color;ColorGroup:Green;ColorwayType:Limited;Computed:UnderInventoryThreshold:5:for:L;Fabric:Ribbed;Filter:DisplaySize:1:XXS - XS;Filter:D
2026-08-03,W,bestsellers,19,Airlift Intrigue Bra - Dune Grass,LEGGING,SS,Women:Bras,78.0,,False,1,https://cdn.shopify.com/s/files/1/2185/2813/files/W9557R_07947_b2_s1_a3_dSU26_m18.jpg?v=1784743020,w9557r-airlift-intrigue-bra-dune-grass,b:1:Best Seller;BuilderDropzoneStyle:AIRLIFT;BVCategory:Women;ChinaCatalog;Color:Dune Grass:Color;ColorGroup:Green;ColorwayType:Limited;Content:Builder;Fabric:Airlift;Filter:DisplaySize:1:XXS - XS;Fil
2026-08-03,W,bestsellers,20,Ribbed Cropped Whisper Cardigan - Dune Grass,OUTERWEAR,FW,Women:Tops:Long Sleeves,74.0,,False,1,https://cdn.shopify.com/s/files/1/2185/2813/files/W3587R_07947_b1_s1_a3_dSU26_m246_1.jpg?v=1784542301,w3587r-ribbed-cropped-whisper-cardigan-dune-grass,b:1:Best Seller;BVCategory:Women;ChinaCatalog;Color:Dune Grass:Color;ColorGroup:Green;ColorwayType:Limited;Fabric:Ribbed;Filter:DisplaySize:1:XXS - XS;Filter:DisplaySize:3:Small;Filter:DisplaySize:4:M
2026-08-03,W,bestsellers,21,Accolade Straight Leg Sweatpant - Dune Grass,BOTTOM-WARM,FW,Women:Bottoms:Sweatpants,138.0,,False,1,https://cdn.shopify.com/s/files/1/2185/2813/files/U5012RG_07947_b2_s1_a5_dSU26_m228.jpg?v=1784748352,u5012rg-accolade-straight-leg-sweatpant-dune-grass,AccoladeBoostBury;b:1:Best Seller;BR:unisex;builderdropzonestyle:FYFASL;BVCategory:Women;Color:Dune Grass:Color;ColorGroup:Green;ColorwayType:Limited;Content:Builder;Filter:DisplaySize:1:XXS - XS;Filt
2026-08-03,W,bestsellers,22,Accolade Short - Dune Grass,SHORTS/SKIRT,SS,Women:Bottoms:Shorts,78.0,,False,1,https://cdn.shopify.com/s/files/1/2185/2813/files/W6472RG_07947_b2_s1_a1_dSU26_m18_e92778f2-5d70-46f2-95f0-162759090f6b.jpg?v=1784743734,w6472rg-accolade-short-dune-grass,AccoladeBoostBury;b:1:Best Seller;BVCategory:Women;Color:Dune Grass:Color;ColorGroup:Green;ColorwayType:Limited;Filter:DisplaySize:1:XXS - XS;Filter:DisplaySize:3:Small;Filter:DisplaySize:4:Medium;Fil
2026-08-03,W,bestsellers,23,Accolade 1/4 Zip Pullover - Black,FLEECE/KNIT,FW,Women:Outerwear:Coverups:Pullovers,148.0,,False,1,https://cdn.shopify.com/s/files/1/2185/2813/files/U3040RG_01_b2_s1_a1_1_m210.jpg?v=1770144016,u3040rg-accolade-1-4-zip-pullover-black,AA25-PDPselects;AccoladeBoostBury;b:1:Best Seller;BISCollection;BR:unisex;BVCategory:Women;Color:Black:Color;ColorGroup:Black;Filter:DisplaySize:1:XXS - XS;Filter:DisplaySize:3:Small;Filter:DisplaySiz
2026-08-03,W,bestsellers,24,Accolade Crew Neck Pullover - Azure Blue,FLEECE/KNIT,FW,Women:Outerwear:Coverups:Pullovers,138.0,,False,1,https://cdn.shopify.com/s/files/1/2185/2813/files/U3031RG_04830_b2_s1_a1_dSU26_m269.png?v=1781007239,u3031rg-accolade-crew-neck-pullover-azure-blue,AccoladeBoostBury;b:1:Best Seller;BR:unisex;builderdropzonestyle:FYFACREW;BVCategory:Women;Color:Azure Blue:Color;ColorGroup:Blue;ColorwayType:Limited;Content:Builder;Filter:DisplaySize:1:XXS - XS;Fil
2026-08-03,W,bestsellers,25,Suit Up Trouser (Short) - Black,SHORTS/SKIRT,SS,Women:Bottoms:Pants,148.0,,False,1,https://cdn.shopify.com/s/files/1/2185/2813/files/W54428R_01_b1_s1_a1_dSU26_m207_079634e6-40a0-4a87-b84b-fadf9fca4d89.jpg?v=1785172319,w54428r-suit-up-trouser-short-black,b:1:Best Seller;BISCollection;BuilderDropzoneStyle:SUTRSER;BVCategory:Women;ChinaCatalog;Color:Black:Color;ColorGroup:Black;Content:Builder;Filter:DisplaySize:1:XXS - XS;Filter:DisplaySize:3:Small;Fil
2026-08-03,W,bestsellers,26,Suit Up Trouser (Regular) - Espresso,ETC,UNTAGGED,Women:Bottoms:Pants,148.0,,False,1,https://cdn.shopify.com/s/files/1/2185/2813/files/W51432R_04064_b2_s1_a1_dSU26_m190.jpg?v=1777663548,w51432r-suit-up-trouser-regular-espresso,b:1:Best Seller;BuilderDropzoneStyle:SUTRSER;BVCategory:Women;ChinaCatalog;Color:Espresso:Color;ColorGroup:Brown;Content:Builder;Filter:DisplaySize:1:XXS - XS;Filter:DisplaySize:3:Small;Filter:Display
2026-08-03,W,bestsellers,27,Accolade Crew Neck Pullover - Summer Romance Red,FLEECE/KNIT,FW,Women:Outerwear:Coverups:Pullovers,138.0,,False,1,https://cdn.shopify.com/s/files/1/2185/2813/files/U3031RG_07952_b2_s1_a1_dSU26_m122.png?v=1779860852,u3031rg-accolade-crew-neck-pullover-summer-romance-red,AccoladeBoostBury;b:1:Best Seller;BR:unisex;builderdropzonestyle:FYFACREW;BVCategory:Women;Color:Summer Romance Red:Color;ColorGroup:Red;ColorwayType:Limited;Content:Builder;Filter:DisplaySize:1:XXS -
2026-08-03,W,bestsellers,28,Suit Up Trouser (Regular) - Navy,ETC,UNTAGGED,Women:Bottoms:Pants,148.0,,False,1,https://cdn.shopify.com/s/files/1/2185/2813/files/W51432R_04893_b2_s1_a1_dSU26_m191_67549e4e-dbea-42f2-8352-9973110ace59.jpg?v=1785175031,w51432r-suit-up-trouser-regular-navy,AA25-PDPselects;b:1:Best Seller;BIScollection;BuilderDropzoneStyle:SUTRSER;BVCategory:Women;ChinaCatalog;Color:Navy:Color;ColorGroup:Blue;Content:Builder;Filter:DisplaySize:1:XXS - XS;Filter:DisplaySi
2026-08-03,W,bestsellers,29,Airbrush Splendor Dress - Black,LEGGING,SS,Women:One Piece:Dresses,138.0,,False,1,https://cdn.shopify.com/s/files/1/2185/2813/files/W8346R_01_b2_s1_a3_m240_aa615dd0-7a3a-4c55-89e4-442cbe33aa5f.jpg?v=1753980228,w8346r-airbrush-splendor-dress-black,b:1:Best Seller;BISCollection;BuilderDropzoneStyle:AIRBRUSH;BVCategory:Women;ChinaCatalog;Color:Black:Color;ColorGroup:Black;Computed:IsAlmostGone;Computed:UnderInventoryThreshold:5:for:L;Content:Buil
2026-08-03,W,bestsellers,30,ALO Sunset Sneaker Mule - Gravel,ETC,UNTAGGED,Accessories:Shoes:Mules,225.0,,False,1,https://cdn.shopify.com/s/files/1/2185/2813/files/A1004U_05438_b1_s1_a224_1_dSU26.jpg?v=1785188116,a1004u-alo-sunset-sneaker-mule-gravel,b:1:Best Seller;BuilderDropzoneStyle:SSMULE;BVCategory:Footwear;ChinaCatalog;Color:Gravel:Color;ColorGroup:Beige;Content:Builder;JustDropped:New This Season;Maintenance:ColorwayProduct;master-accessor
2026-08-03,W,bestsellers,31,Suit Up Trouser (Long) - Black,ETC,UNTAGGED,Women:Bottoms:Pants,148.0,,False,1,https://cdn.shopify.com/s/files/1/2185/2813/files/W54187R_01_b2_s1_a1_dSP26_m242_6633269e-29a0-424b-8114-5584580ec498.jpg?v=1771882591,w54187r-suit-up-trouser-long-black,b:1:Best Seller;BuilderDropzoneStyle:SUTRSER;BVCategory:Women;ChinaCatalog;Color:Black:Color;ColorGroup:Black;Content:Builder;Filter:DisplaySize:1:XXS - XS;Filter:DisplaySize:3:Small;Filter:DisplaySiz
2026-08-03,W,bestsellers,32,Match Point Short - Black,SHORTS/SKIRT,SS,Women:Bottoms:Shorts,78.0,,False,1,https://cdn.shopify.com/s/files/1/2185/2813/files/W6334R_01_b1_s1_a12_dSP25_m76_95f28c01-4a4b-451c-9a3e-e37f07f91446.jpg?v=1785184161,w6334r-match-point-short-black,b:1:Best Seller;BIScollection;BVCategory:Women;ChinaCatalog;Color:Black:Color;ColorGroup:Black;FA23;FA23D1-family;Filter:DisplaySize:1:XXS - XS;Filter:DisplaySize:3:Small;Filter:DisplaySize:4:Medium;F
2026-08-03,W,bestsellers,33,Match Point Short - Azure Blue,SHORTS/SKIRT,SS,Women:Bottoms:Shorts,78.0,,False,1,https://cdn.shopify.com/s/files/1/2185/2813/files/W6334R_04830_b2_s1_a1_dSU26_m241.png?v=1781006900,w6334r-match-point-short-azure-blue,b:1:Best Seller;BVCategory:Women;Color:Azure Blue:Color;ColorGroup:Blue;ColorwayType:Limited;Computed:UnderInventoryThreshold:5:for:M;Filter:DisplaySize:1:XXS - XS;Filter:DisplaySize:3:Small;Filter:Di
2026-08-03,W,bestsellers,34,Accolade Crew Neck Pullover - Dune Grass,FLEECE/KNIT,FW,Women:Outerwear:Coverups:Pullovers,138.0,,False,1,https://cdn.shopify.com/s/files/1/2185/2813/files/U3031RG_07947_b2_s1_a2_dSU26_m18_5feb1358-f947-4843-bd90-9468b5717de5.jpg?v=1785255625,u3031rg-accolade-crew-neck-pullover-dune-grass,AccoladeBoostBury;b:1:Best Seller;BR:unisex;builderdropzonestyle:FYFACREW;BVCategory:Women;Color:Dune Grass:Color;ColorGroup:Green;ColorwayType:Limited;Content:Builder;Filter:DisplaySize:1:XXS - XS;Fi
2026-08-03,W,bestsellers,35,Match Point Tennis Skirt - White,SHORTS/SKIRT,SS,Women:Bottoms:Skirts,78.0,,False,1,https://cdn.shopify.com/s/files/1/2185/2813/files/W6240R_00_b1_s1_a7_dWT24_m196.jpg?v=1785181132,w6240r-match-point-tennis-skirt-white,aloversary20off;b:1:Best Seller;BVCategory:Women;ChinaCatalog;Color:White:Color;ColorGroup:White;Filter:DisplaySize:1:XXS - XS;Filter:DisplaySize:3:Small;Filter:DisplaySize:4:Medium;Filter:DisplaySize
2026-08-03,W,bestsellers,36,Suit Up Trouser (Short) - Navy,SHORTS/SKIRT,SS,Women:Bottoms:Pants,148.0,,False,1,https://cdn.shopify.com/s/files/1/2185/2813/files/W54428R_03842_b2_s1_a3_dSU25_m191.jpg?v=1785172235,w54428r-suit-up-trouser-short-navy,b:1:Best Seller;BuilderDropzoneStyle:SUTRSER;BVCategory:Women;ChinaCatalog;Color:Navy:Color;ColorGroup:Blue;Content:Builder;Filter:DisplaySize:1:XXS - XS;Filter:DisplaySize:3:Small;Filter:DisplaySize:
2026-08-03,W,bestsellers,37,Accolade Crew Neck Pullover - Black,FLEECE/KNIT,FW,Women:Outerwear:Coverups:Pullovers,138.0,,False,1,https://cdn.shopify.com/s/files/1/2185/2813/files/U3031RG_01_b2_s1_a1_dSU26_m191.jpg?v=1784665514,u3031rg-accolade-crew-neck-pullover-black,AccoladeBoostBury;b:1:Best Seller;BR:unisex;builderdropzonestyle:FYFACREW;BVCategory:Women;ChinaCatalog;Color:Black:Color;ColorGroup:Black;Content:Builder;Filter:DisplaySize:1:XXS - XS;Filter:DisplayS
2026-08-03,W,bestsellers,38,Aspire Tank - Azure Blue/White,BRA/TANK,SS,Women:Tops:Tanks,68.0,,False,1,https://cdn.shopify.com/s/files/1/2185/2813/files/W2675RG_05594_b2_s1_a1_dSU26_m269.png?v=1781007307,w2675rg-aspire-tank-azure-blue-white,b:1:Best Seller;BVCategory:Women;Color:Azure Blue:Color;ColorGroup:Blue;ColorwayType:Limited;Filter:DisplaySize:1:XXS - XS;Filter:DisplaySize:3:Small;Filter:DisplaySize:4:Medium;Filter:DisplaySize:5:L
2026-08-03,W,bestsellers,39,Match Point Short - Navy,SHORTS/SKIRT,SS,Women:Bottoms:Shorts,78.0,,False,1,https://cdn.shopify.com/s/files/1/2185/2813/files/W6344R_03842_b2_s1_a1_dSP26_m54.jpg?v=1782250851,w6334r-match-point-short-navy,b:1:Best Seller;BIScollection;BVCategory:Women;ChinaCatalog;Color:Navy:Color;ColorGroup:Blue;ColorwayType:Limited;Filter:DisplaySize:1:XXS - XS;Filter:DisplaySize:3:Small;Filter:DisplaySize:4:Medium;F
2026-08-03,W,bestsellers,40,Aspire Tank - Black/White,BRA/TANK,SS,Women:Tops:Tanks,68.0,,False,1,https://cdn.shopify.com/s/files/1/2185/2813/files/W2675RG_06401_b2_s1_a3_m143.jpg?v=1785179036,w2675rg-aspire-tank-black-white,aloversary20off;b:1:Best Seller;bluequartz-family;BuilderDropzoneStyle:ASPRLGBX;BVCategory:Women;ChinaCatalog;Color:Black:Color;ColorGroup:Black;Content:Builder;Filter:DisplaySize:1:XXS - XS;Filter:Di
2026-08-03,W,bestsellers,41,Airbrush High-Waist Heart Throb Legging - Black/White,LEGGING,SEASONLESS,Women:Bottoms:Leggings,134.0,,False,1,https://cdn.shopify.com/s/files/1/2185/2813/files/W51298R_0100_b2_s1_a1_dSP26_m210.jpg?v=1770668689,w51298r-airbrush-high-waist-heart-throb-legging-black-white,b:1:Best Seller;BIScollection;BuilderDropzoneStyle:ABRSHRISE;BVCategory:Women;ChinaCatalog;Color:Black:Color;ColorGroup:Black;Content:Builder;FA23;FA23D3-family;Filter:DisplaySize:1:XXS - XS;Filter:Di
2026-08-03,W,bestsellers,42,ALO Sunset Sneaker Mule - Sandstone,ETC,UNTAGGED,Accessories:Shoes:Mules,225.0,,False,1,https://cdn.shopify.com/s/files/1/2185/2813/files/A1004U_0777_b1_s1_a12_dSU26_11b42c41-5c5e-4c65-8211-fc5b7d8a46b1.jpg?v=1785187196,a1004u-alo-sunset-sneaker-mule-sandstone,b:1:Best Seller;BuilderDropzoneStyle:SSMULE;BVCategory:Footwear;ChinaCatalog;Color:Sandstone:Color;ColorGroup:Beige;ColorwayType:Limited;Content:Builder;JustDropped:New This Season;Maintenance:Colorwa
2026-08-03,W,bestsellers,43,Airbrush Heart Throb Bra - Black/White,LEGGING,SS,Women:Bras,88.0,,False,1,https://cdn.shopify.com/s/files/1/2185/2813/files/W9680R_0100_b2_s1_a2_dSU26_m191.jpg?v=1785177524,w9680r-airbrush-heart-throb-bra-black-white,b:1:Best Seller;BIScollection;BuilderDropzoneStyle:AIRBRUSH;BVCategory:Women;ChinaCatalog;Color:Black:Color;ColorGroup:Black;Content:Builder;FA23;FA23D3-family;Filter:DisplaySize:1:XXS - XS;Filter:Dis
2026-08-03,W,bestsellers,44,Performance Off-Duty Cap - Black/Black,ACC,SEASONLESS,Accessories:Hats:Caps,68.0,,False,1,https://cdn.shopify.com/s/files/1/2185/2813/files/A0543U_0101_b1_s1_a11.jpg?v=1785186051,a0543u-performance-off-duty-cap-black-black,b:1:Best Seller;BIScollection;BVCategory:Accessories;ChinaCatalog;Color:Black:Color;ColorGroup:Black;Maintenance:ColorwayProduct;master-accessories-all;master-man-all;master-woman-all;MBestSeller;not_
2026-08-03,W,bestsellers,45,7/8 High-Waist Airlift Legging - Black,LEGGING,SEASONLESS,Women:Bottoms:Leggings,134.0,,False,1,https://cdn.shopify.com/s/files/1/2185/2813/files/W5766R_01_b2_s1_a1_1_m18.jpg?v=1762820993,w5766r-7-8-high-waist-airlift-legging-black,7/8 Length;AA25-PDPselects;aloversary20off;B&W;b:1:Best Seller;Bluemoon-family;bronzed-family;BuilderDropzoneStyle:ARLTRISE;BVCategory:Women;ChinaCatalog;Color:Black:Color;ColorGroup:Black;Content:Bui
2026-08-03,W,bestsellers,46,Splendor Bra - Black,BRA/TANK,SS,Women:Bras,68.0,,False,1,https://cdn.shopify.com/s/files/1/2185/2813/files/W9351RG_01_b2_s1_a2_dSU26_m241.jpg?v=1785195434,w9351rg-splendor-bra-black,b:1:Best Seller;BISCollection;BuilderDropzoneStyle:AIRBRUSH;BVCategory:Women;ChinaCatalog;Color:Black:Color;ColorGroup:Black;Content:Builder;Fabric:Airbrush;Filter:DisplaySize:1:XXS - XS;Filter:Displa
2026-08-03,W,bestsellers,47,Accolade 1/4 Zip Pullover - Navy,FLEECE/KNIT,FW,Women:Outerwear:Coverups:Pullovers,148.0,,False,1,https://cdn.shopify.com/s/files/1/2185/2813/files/U3040RG_03842_b2_s1_a1_m54.jpg?v=1752221229,u3040rg-accolade-1-4-zip-pullover-navy,AccoladeBoostBury;b:1:Best Seller;BR:unisex;BVCategory:Women;ChinaCatalog;Color:Navy:Color;ColorGroup:Blue;ColorwayType:Limited;Filter:DisplaySize:1:XXS - XS;Filter:DisplaySize:3:Small;Filter:DisplayS
2026-08-03,W,bestsellers,48,Airbrush Streamlined Dress - Black/White,LEGGING,SS,Women:One Piece:Dresses,138.0,,False,1,https://cdn.shopify.com/s/files/1/2185/2813/files/W8278R_0100_b2_s1_a2_dSU26_m191.jpg?v=1785178112,w8278r-airbrush-streamlined-dress-black-white,b:1:Best Seller;BVCategory:Women;ChinaCatalog;Color:Black:Color;ColorGroup:Black;FA25D1-2-Family;Fabric:Airbrush;Filter:DisplaySize:1:XXS - XS;Filter:DisplaySize:3:Small;Filter:DisplaySize:4:Medium;Fi
2026-08-03,W,bestsellers,49,Airbrush Splendor Dress - Satsuma Breeze,LEGGING,SS,Women:One Piece:Dresses,138.0,,False,1,https://cdn.shopify.com/s/files/1/2185/2813/files/W8346R_07950_b1_s1_a2_dSU26_m177.jpg?v=1782206031,w8346r-airbrush-splendor-dress-satsuma-breeze,b:1:Best Seller;BuilderDropzoneStyle:AIRBRUSH;BVCategory:Women;Color:Satsuma Breeze:Color;ColorGroup:Orange;ColorwayType:Limited;Content:Builder;Fabric:Airbrush;Filter:DisplaySize:1:XXS - XS;Filter:Di
2026-08-03,W,bestsellers,50,Accolade Short - Azure Blue,SHORTS/SKIRT,SS,Women:Bottoms:Shorts,78.0,,False,1,https://cdn.shopify.com/s/files/1/2185/2813/files/W6472RG_04830_b2_s1_a1_dSU26_m269.png?v=1781006929,w6472rg-accolade-short-azure-blue,AccoladeBoostBury;b:1:Best Seller;BVCategory:Women;Color:Azure Blue:Color;ColorGroup:Blue;ColorwayType:Limited;Filter:DisplaySize:1:XXS - XS;Filter:DisplaySize:3:Small;Filter:DisplaySize:4:Medium;Filt
2026-08-03,M,mens-bestsellers,1,Conquer Reform Crewneck Short Sleeve - Navy,SHORTS/SKIRT,SS,Men:Tops:Short Sleeves,78.0,,False,1,https://cdn.shopify.com/s/files/1/2185/2813/files/M1205R_03842_b2_s1_a1_1_m214.jpg?v=1761533071,m1205r-conquer-reform-crewneck-short-sleeve-navy,b:1:Best Seller;BuilderDropzoneStyle:CNQR;BVCategory:Men;ChinaCatalog;Color:Navy:Color;ColorGroup:Blue;Content:Builder;FA24MD1-family;Fabric:Conquer;Filter:DisplaySize:3:Small;Filter:DisplaySize:4:Med
2026-08-03,M,mens-bestsellers,2,"7"" Repetition Short - Navy",SHORTS/SKIRT,SS,Men:Bottoms:Shorts,78.0,,False,1,https://cdn.shopify.com/s/files/1/2185/2813/files/M6154R_03842_b2_s1_a1_dSU26_m257.jpg?v=1777661145,m6154r-7-repetition-short-navy,b:1:Best Seller;BVCategory:Men;ChinaCatalog;Color:Navy:Color;ColorGroup:Blue;FA24;FA24Drops-family;Filter:DisplaySize:3:Small;Filter:DisplaySize:4:Medium;Filter:DisplaySize:5:Large;Filter:DisplaySize:
2026-08-03,M,mens-bestsellers,3,Linen Days Short Sleeve Button Up - Bone,SHORTS/SKIRT,SS,Men:Tops:Short Sleeves,198.0,,False,1,https://cdn.shopify.com/s/files/1/2185/2813/files/M1270R_03040_b2_s1_a1_dSU26_m276.jpg?v=1780925077,m1270r-linen-days-short-sleeve-button-up-bone,b:1:Best Seller;BVCategory:Men;ChinaCatalog;Color:Bone:Color;ColorGroup:Beige;Filter:DisplaySize:3:Small;Filter:DisplaySize:4:Medium;Filter:DisplaySize:5:Large;Filter:DisplaySize:6:XL - 2XL;Filter:Siz
2026-08-03,M,mens-bestsellers,4,"7"" Linen Days Short - Bone",SHORTS/SKIRT,SS,Men:Bottoms:Shorts,168.0,,False,1,https://cdn.shopify.com/s/files/1/2185/2813/files/M6194R_03040_b1_s1_a1_dSU26_m214.jpg?v=1779879527,m6194r-7-linen-days-short-bone,b:1:Best Seller;BVCategory:Men;ChinaCatalog;Color:Bone:Color;ColorGroup:Beige;Computed:UnderInventoryThreshold:5:for:M;Filter:DisplaySize:3:Small;Filter:DisplaySize:4:Medium;Filter:DisplaySize:5:Large
2026-08-03,M,mens-bestsellers,5,Double Take Short Sleeve - White,SHORTS/SKIRT,SS,Men:Tops:Short Sleeves,88.0,,False,1,https://cdn.shopify.com/s/files/1/2185/2813/files/M1224R_05594_b1_s1_a1_m221.jpg?v=1761941985,m1224r-double-take-short-sleeve-white,b:1:Best Seller;bis-paused;BuilderDropzoneStyle:DBLTK;BVCategory:Men;ChinaCatalog;Color:White:Color;ColorGroup:White;Content:Builder;Fabric:Double Take;Filter:DisplaySize:3:Small;Filter:DisplaySize:4:
2026-08-03,M,mens-bestsellers,6,"7"" Double Take Short - Black",SHORTS/SKIRT,SS,Men:Bottoms:Shorts,88.0,,False,1,https://cdn.shopify.com/s/files/1/2185/2813/files/M6143R_01_b2_s1_a2_1_m245.jpg?v=1756316493,m6143r-7-double-take-short-black,b:1:Best Seller;BIScollection;BVCategory:Men;ChinaCatalog;Color:Black:Color;ColorGroup:Black;Fabric:Double Take;Filter:DisplaySize:3:Small;Filter:DisplaySize:4:Medium;Filter:DisplaySize:5:Large;Filter
2026-08-03,M,mens-bestsellers,7,Conquer Reform Crewneck Short Sleeve - Espresso,SHORTS/SKIRT,SS,Men:Tops:Short Sleeves,78.0,,False,1,https://cdn.shopify.com/s/files/1/2185/2813/files/M1205R_04064_b2_s1_a1_m275.png?v=1782497506,m1205r-conquer-reform-crewneck-short-sleeve-espresso,b:1:Best Seller;BuilderDropzoneStyle:CNQR;BVCategory:Men;ChinaCatalog;Color:Espresso:Color;ColorGroup:Brown;Content:Builder;FA24MD5-family;Fabric:Conquer;Filter:DisplaySize:3:Small;Filter:DisplaySize:
2026-08-03,M,mens-bestsellers,8,"5"" Circuit Short - Espresso",SHORTS/SKIRT,SS,Men:Bottoms:Shorts,68.0,,False,1,https://cdn.shopify.com/s/files/1/2185/2813/files/M6158R_04064_b2_s1_a1_dSU26_m276.png?v=1778517627,m6158r-5-circuit-short-espresso,b:1:Best Seller;BVCategory:Men;ChinaCatalog;Color:Espresso:Color;ColorGroup:Brown;FA25Drops-family;FA25MBridge-family;Filter:DisplaySize:3:Small;Filter:DisplaySize:4:Medium;Filter:DisplaySize:5:Large;
2026-08-03,M,mens-bestsellers,9,Accolade Hoodie - Navy,FLEECE/KNIT,FW,Men:Outerwear:Coverups:Hoodies,148.0,,False,1,https://cdn.shopify.com/s/files/1/2185/2813/files/U3032RG_03842_b1_s1_a1_1_m221.jpg?v=1765586441,u3032rg-accolade-hoodie-navy-mens,AccoladeBoostBury;b:1:Best Seller;BR:unisex;BVCategory:Men;Color:Navy:Color;ColorGroup:Blue;ColorwayType:Limited;EcomVideo-Ikce;Filter:DisplaySize:1:XXS - XS;Filter:DisplaySize:3:Small;Filter:DisplayS
2026-08-03,M,mens-bestsellers,10,Accolade Sweatpant - Navy,BOTTOM-WARM,FW,Men:Bottoms:Sweatpants,138.0,,False,1,https://cdn.shopify.com/s/files/1/2185/2813/files/U5013RG_03842_b1_s3_a1_m221.jpg?v=1765586937,u5013rg-accolade-sweatpant-navy-mens,AccoladeBoostBury;b:1:Best Seller;BR:unisex;BVCategory:Men;ChinaCatalog;Color:Navy:Color;ColorGroup:Blue;ColorwayType:Limited;Filter:DisplaySize:1:XXS - XS;Filter:DisplaySize:3:Small;Filter:DisplaySiz
2026-08-03,M,mens-bestsellers,11,Conquer Muscle Tank - Black,BRA/TANK,SS,Men:Tops:Tanks,68.0,,False,1,https://cdn.shopify.com/s/files/1/2185/2813/files/M2066R_01_b1_s1_a5_dSP26_m243.jpg?v=1774385765,m2066r-conquer-muscle-tank-black,b:1:Best Seller;BuilderDropzoneStyle:CNQR;BVCategory:Men;ChinaCatalog;Color:Black:Color;ColorGroup:Black;Content:Builder;FA23;FA23-ConquerTank;Fabric:Conquer;Filter:DisplaySize:3:Small;Filter:DisplayS
2026-08-03,M,mens-bestsellers,12,"7"" Conquer React Performance Short - Black",SHORTS/SKIRT,SS,Men:Bottoms:Shorts,68.0,,False,1,https://cdn.shopify.com/s/files/1/2185/2813/files/M6131R_01_b1_s1_a1_1_m243.jpg?v=1747861552,m6131r-conquer-react-performance-short-black,b:1:Best Seller;BVCategory:Men;ChinaCatalog;Color:Black:Color;ColorGroup:Black;EcomVideo-Shomari;Fabric:Conquer;Filter:DisplaySize:3:Small;Filter:DisplaySize:4:Medium;Filter:DisplaySize:5:Large;Filter
2026-08-03,M,mens-bestsellers,13,Sports Club Sweater Knit Polo - Ivory,FLEECE/KNIT,FW,Men:Tops:Short Sleeves,168.0,,False,1,https://cdn.shopify.com/s/files/1/2185/2813/files/M1250R_03299_b1_s1_a1_m243.jpg?v=1747108191,m1250r-sports-club-sweater-knit-polo-ivory,b:1:Best Seller;BVCategory:Men;ChinaCatalog;Color:Ivory:Color;ColorGroup:White;Filter:DisplaySize:3:Small;Filter:DisplaySize:4:Medium;Filter:DisplaySize:5:Large;Filter:DisplaySize:6:XL - 2XL;Filter:Si
2026-08-03,M,mens-bestsellers,14,"7"" Sports Club Sweater Knit Short - Ivory",FLEECE/KNIT,FW,Men:Bottoms:Shorts,168.0,,False,1,https://cdn.shopify.com/s/files/1/2185/2813/files/M6171R_03299_b1_s1_a1_m243.jpg?v=1747108210,m6171r-7-sports-club-sweater-knit-short-ivory,b:1:Best Seller;BVCategory:Men;ChinaCatalog;Color:Ivory:Color;ColorGroup:White;Filter:DisplaySize:3:Small;Filter:DisplaySize:4:Medium;Filter:DisplaySize:5:Large;Filter:DisplaySize:6:XL - 2XL;Filter:Si
2026-08-03,M,mens-bestsellers,15,Light Weight Takeaway Track Pullover - Black,FLEECE/KNIT,FW,Men:Outerwear:Coverups:Pullovers,148.0,,False,1,https://cdn.shopify.com/s/files/1/2185/2813/files/M3259R_01_b2_s1_a1_dSU26_m275.png?v=1778520221,m3259r-light-weight-takeaway-track-pullover-black,b:1:Best Seller;BVCategory:Men;Color:Black:Color;ColorGroup:Black;EcomVideo-Dale;Filter:DisplaySize:3:Small;Filter:DisplaySize:4:Medium;Filter:DisplaySize:5:Large;Filter:DisplaySize:6:XL - 2XL;Filter:
2026-08-03,M,mens-bestsellers,16,Co-Op Pant (Regular) - Black,ETC,UNTAGGED,Men:Bottoms:Pants,138.0,,False,1,https://cdn.shopify.com/s/files/1/2185/2813/files/M5144R_01_b1_s1_a2_m243.jpg?v=1775153771,m5144r-co-op-pant-regular-black,b:1:Best Seller;BVCategory:Men;ChinaCatalog;Color:Black:Color;ColorGroup:Black;FA25Drops-family;FA25MBridge-family;Filter:DisplaySize:3:Small;Filter:DisplaySize:4:Medium;Filter:DisplaySize:5:Large;Fil
2026-08-03,M,mens-bestsellers,17,Conquer 1/4 Zip Reform Long Sleeve - White,TOP,SEASONLESS,Men:Tops:Long Sleeves,108.0,,False,1,https://cdn.shopify.com/s/files/1/2185/2813/files/M3193R_00_b2_s1_a1_dSU26_m243.png?v=1778519952,m3193r-conquer-1-4-zip-reform-long-sleeve-white,b:1:Best Seller;BuilderDropzoneStyle:CNQR;BVCategory:Men;Color:White:Color;ColorGroup:White;Content:Builder;FA24MD3-FAMILY;Fabric:Conquer;Filter:DisplaySize:3:Small;Filter:DisplaySize:4:Medium;Filter:
2026-08-03,M,mens-bestsellers,18,"7"" Conquer React Performance Short - Navy",SHORTS/SKIRT,SS,Men:Bottoms:Shorts,68.0,,False,1,https://cdn.shopify.com/s/files/1/2185/2813/files/M6131R_03842_b2_s1_a1_dSU26_m243.png?v=1778517491,m6131r-conquer-react-performance-short-navy,b:1:Best Seller;BIScollection;BVCategory:Men;ChinaCatalog;Color:Navy:Color;ColorGroup:Blue;ColorwayType:Limited;EcomVideo-Shomari;Fabric:Conquer;Filter:DisplaySize:3:Small;Filter:DisplaySize:4:Medium;
2026-08-03,M,mens-bestsellers,19,Waffle Lounge Hoodie - Black,FLEECE/KNIT,FW,Men:Outerwear:Coverups:Hoodies,148.0,,False,1,https://cdn.shopify.com/s/files/1/2185/2813/files/M3311R_01_b1_s1_a1_m214.jpg?v=1763551316,m3311r-waffle-lounge-hoodie-black,b:1:Best Seller;BVCategory:Men;ChinaCatalog;Color:Black:Color;ColorGroup:Black;Fabric:Waffle;Filter:DisplaySize:3:Small;Filter:DisplaySize:4:Medium;Filter:DisplaySize:5:Large;Filter:DisplaySize:6:XL -
2026-08-03,M,mens-bestsellers,20,"7"" Waffle Lounge Short - Black",SHORTS/SKIRT,SS,Men:Bottoms:Shorts,98.0,,False,1,https://cdn.shopify.com/s/files/1/2185/2813/files/M6187R_01_b2_s1_a1_dSP26_m243.jpg?v=1769500470,m6187r-7-waffle-lounge-short-black,b:1:Best Seller;BVCategory:Men;ChinaCatalog;Color:Black:Color;ColorGroup:Black;Fabric:Waffle;Filter:DisplaySize:3:Small;Filter:DisplaySize:4:Medium;Filter:DisplaySize:5:Large;Filter:DisplaySize:6:XL -
2026-08-03,M,mens-bestsellers,21,Double Take Short Sleeve - Espresso,SHORTS/SKIRT,SS,Men:Tops:Short Sleeves,88.0,,False,1,https://cdn.shopify.com/s/files/1/2185/2813/files/M1224R_04064_b1_s1_a3_dSP26_m243.jpg?v=1774385509,m1224r-double-take-short-sleeve-espresso,b:1:Best Seller;BuilderDropzoneStyle:DBLTK;BVCategory:Men;ChinaCatalog;Color:Espresso:Color;ColorGroup:Brown;Content:Builder;Fabric:Double Take;Filter:DisplaySize:3:Small;Filter:DisplaySize:4:Medium;F
2026-08-03,M,mens-bestsellers,22,"7"" Double Take Short - Espresso",SHORTS/SKIRT,SS,Men:Bottoms:Shorts,88.0,,False,1,https://cdn.shopify.com/s/files/1/2185/2813/files/M6143R_04064_b1_s1_a1_1_m214.jpg?v=1746630421,m6143r-7-double-take-short-espresso,b:1:Best Seller;BVCategory:Men;ChinaCatalog;Color:Espresso:Color;ColorGroup:Brown;Fabric:Double Take;Filter:DisplaySize:3:Small;Filter:DisplaySize:4:Medium;Filter:DisplaySize:5:Large;Filter:DisplaySiz
2026-08-03,M,mens-bestsellers,23,ALO Vapor Muscle Tank - White,BRA/TANK,SS,Men:Tops:Tanks,58.0,,False,1,https://cdn.shopify.com/s/files/1/2185/2813/files/M2073R_00_b2_s1_a1_dSU26_m275.png?v=1778519442,m2073r-alo-vapor-muscle-tank-white,b:1:Best Seller;BuilderDropzoneStyle:VAPR;BVCategory:Men;ChinaCatalog;Color:White:Color;ColorGroup:White;Content:Builder;FA25MBridge-family;Fabric:ALO Vapor;Filter:DisplaySize:3:Small;Filter:DisplaySi
2026-08-03,M,mens-bestsellers,24,"7"" Repetition Short - Black",SHORTS/SKIRT,SS,Men:Bottoms:Shorts,78.0,,False,1,https://cdn.shopify.com/s/files/1/2185/2813/files/M6154R_01_b1_s1_a1_1_m203.jpg?v=1734054413,m6154r-7-repetition-short-black,b:1:Best Seller;BVCategory:Men;ChinaCatalog;Color:Black:Color;ColorGroup:Black;FA24;FA24Drops-family;Filter:DisplaySize:3:Small;Filter:DisplaySize:4:Medium;Filter:DisplaySize:5:Large;Filter:DisplaySiz
2026-08-03,M,mens-bestsellers,25,Performance Off-Duty Cap - Black/Black,ACC,SEASONLESS,Accessories:Hats:Caps,68.0,,False,1,https://cdn.shopify.com/s/files/1/2185/2813/files/A0543U_0101_b1_s1_a11.jpg?v=1785186051,a0543u-performance-off-duty-cap-black-black,b:1:Best Seller;BIScollection;BVCategory:Accessories;ChinaCatalog;Color:Black:Color;ColorGroup:Black;Maintenance:ColorwayProduct;master-accessories-all;master-man-all;master-woman-all;MBestSeller;not_
2026-08-03,M,mens-bestsellers,26,Conquer Reform Crewneck Short Sleeve - Black,SHORTS/SKIRT,SS,Men:Tops:Short Sleeves,78.0,,False,1,https://cdn.shopify.com/s/files/1/2185/2813/files/M1205R_01_b1_s1_a1_1_m180.jpg?v=1736364701,m1205r-conquer-reform-crewneck-short-sleeve-black,b:1:Best Seller;BuilderDropzoneStyle:CNQR;BVCategory:Men;ChinaCatalog;Color:Black:Color;ColorGroup:Black;Content:Builder;FA24MD3-FAMILY;Fabric:Conquer;Filter:DisplaySize:3:Small;Filter:DisplaySize:4:M
2026-08-03,M,mens-bestsellers,27,Linen Days Short Sleeve Button Up - White,SHORTS/SKIRT,SS,Men:Tops:Short Sleeves,198.0,,False,1,https://cdn.shopify.com/s/files/1/2185/2813/files/M1270R_05594_b1_s1_a4_dSU26_m214.jpg?v=1779878517,m1270r-linen-days-short-sleeve-button-up-white,b:1:Best Seller;BVCategory:Men;ChinaCatalog;Color:White:Color;ColorGroup:White;Filter:DisplaySize:3:Small;Filter:DisplaySize:4:Medium;Filter:DisplaySize:5:Large;Filter:DisplaySize:6:XL - 2XL;Filter:Si
2026-08-03,M,mens-bestsellers,28,Double Take Short Sleeve - Black,SHORTS/SKIRT,SS,Men:Tops:Short Sleeves,88.0,,False,1,https://cdn.shopify.com/s/files/1/2185/2813/files/M1224R_01_b1_s1_a4_dSU26_m245.jpg?v=1773246432,m1224r-double-take-short-sleeve-black,b:1:Best Seller;BuilderDropzoneStyle:DBLTK;BVCategory:Men;ChinaCatalog;Color:Black:Color;ColorGroup:Black;Content:Builder;Fabric:Double Take;Filter:DisplaySize:3:Small;Filter:DisplaySize:4:Medium;Filt
2026-08-03,M,mens-bestsellers,29,"7"" Linen Days Short - White",SHORTS/SKIRT,SS,Men:Bottoms:Shorts,168.0,,False,1,https://cdn.shopify.com/s/files/1/2185/2813/files/M6194R_05594_b1_s1_a1_dSU26_m214.jpg?v=1779879557,m6194r-7-linen-days-short-white,b:1:Best Seller;BVCategory:Men;ChinaCatalog;Color:White:Color;ColorGroup:White;Filter:DisplaySize:3:Small;Filter:DisplaySize:4:Medium;Filter:DisplaySize:5:Large;Filter:DisplaySize:6:XL - 2XL;Filter:Si
2026-08-03,M,mens-bestsellers,30,Double Take Short Sleeve - Bone,SHORTS/SKIRT,SS,Men:Tops:Short Sleeves,88.0,,False,1,https://cdn.shopify.com/s/files/1/2185/2813/files/M1224R_03040_b1_s1_a2_dSU25_m243.jpg?v=1785384438,m1224r-double-take-short-sleeve-bone,b:1:Best Seller;BuilderDropzoneStyle:DBLTK;BVCategory:Men;ChinaCatalog;Color:Bone:Color;ColorGroup:Beige;Content:Builder;Fabric:Double Take;Filter:DisplaySize:3:Small;Filter:DisplaySize:4:Medium;Filte
2026-08-03,M,mens-bestsellers,31,Conquer Reform Crewneck Short Sleeve - White,SHORTS/SKIRT,SS,Men:Tops:Short Sleeves,78.0,,False,1,https://cdn.shopify.com/s/files/1/2185/2813/files/M1205R_00_b1_s1_a1_1_m226.jpg?v=1775153685,m1205r-conquer-reform-crewneck-short-sleeve-white,b:1:Best Seller;BuilderDropzoneStyle:CNQR;BVCategory:Men;ChinaCatalog;Color:White:Color;ColorGroup:White;Content:Builder;FA24MD3-FAMILY;Fabric:Conquer;Filter:DisplaySize:3:Small;Filter:DisplaySize:4:M
2026-08-03,M,mens-bestsellers,32,Unisex Half-Crew Throwback Sock - White/Black,ACC,SEASONLESS,Accessories:Socks,34.0,,False,1,https://cdn.shopify.com/s/files/1/2185/2813/products/A0480U_0001_b1_a1.jpg?v=1669748933,a0480u-unisex-half-crew-throwback-sock-white-black,b:1:Best Seller;BVCategory:Socks;Color:White:Color;ColorGroup:White;Filter:Size:L;Filter:Size:M;Filter:Size:S;Maintenance:ColorwayProduct;master-accessories-all;master-accessories-men;master-man-all;m
2026-08-03,M,mens-bestsellers,33,"5"" Circuit Short - Black",SHORTS/SKIRT,SS,Men:Bottoms:Shorts,68.0,,False,1,https://cdn.shopify.com/s/files/1/2185/2813/files/M6158R_01_b2_s1_a1_1_m276.png?v=1778632075,m6158r-5-circuit-short-black,b:1:Best Seller;BVCategory:Men;ChinaCatalog;Color:Black:Color;ColorGroup:Black;FA25Drops-family;FA25MBridge-family;Filter:DisplaySize:3:Small;Filter:DisplaySize:4:Medium;Filter:DisplaySize:5:Large;Fil
2026-08-03,M,mens-bestsellers,34,Conquer 1/4 Zip Reform Long Sleeve - Black,TOP,SEASONLESS,Men:Tops:Long Sleeves,108.0,,False,1,https://cdn.shopify.com/s/files/1/2185/2813/files/M3193R_01_b1_s1_a1_dSP26_m243.jpg?v=1774387522,m3193r-conquer-1-4-zip-reform-long-sleeve-black,b:1:Best Seller;BuilderDropzoneStyle:CNQR;BVCategory:Men;ChinaCatalog;Color:Black:Color;ColorGroup:Black;Content:Builder;FA24MD3-FAMILY;Fabric:Conquer;Filter:DisplaySize:3:Small;Filter:DisplaySize:4:M
2026-08-03,M,mens-bestsellers,35,"7"" Double Take Short - Bone",SHORTS/SKIRT,SS,Men:Bottoms:Shorts,88.0,,False,1,https://cdn.shopify.com/s/files/1/2185/2813/files/M6143R_03040_b1_s1_a1_1_m243.jpg?v=1746630480,m6143r-7-double-take-short-bone,b:1:Best Seller;BVCategory:Men;ChinaCatalog;Color:Bone:Color;ColorGroup:Beige;Fabric:Double Take;Filter:DisplaySize:3:Small;Filter:DisplaySize:4:Medium;Filter:DisplaySize:5:Large;Filter:DisplaySize:6:
2026-08-03,M,mens-bestsellers,36,Double Take Straight Leg Pant - Black,ETC,UNTAGGED,Men:Bottoms:Pants,128.0,,False,1,https://cdn.shopify.com/s/files/1/2185/2813/files/M5259R_01_b1_s1_a1_dSP26_m243.jpg?v=1769503610,m5259r-double-take-straight-leg-pant-black,b:1:Best Seller;BVCategory:Men;ChinaCatalog;Color:Black:Color;ColorGroup:Black;Fabric:Double Take;Filter:DisplaySize:3:Small;Filter:DisplaySize:4:Medium;Filter:DisplaySize:5:Large;Filter:DisplaySize:6
2026-08-03,M,mens-bestsellers,37,ALO Vapor Crewneck Short Sleeve - Navy,SHORTS/SKIRT,SS,Men:Tops:Short Sleeves,68.0,,False,1,https://cdn.shopify.com/s/files/1/2185/2813/files/M1228R_03842_b1_s1_a1_m180.jpg?v=1754469666,m1228r-alo-vapor-crewneck-short-sleeve-navy,b:1:Best Seller;BuilderDropzoneStyle:VAPR;BVCategory:Men;ChinaCatalog;Color:Navy:Color;ColorGroup:Blue;ColorwayType:Limited;Content:Builder;FA25MBridge-family;Fabric:ALO Vapor;Filter:DisplaySize:3:Sma
2026-08-03,M,mens-bestsellers,38,Conquer 1/4 Zip Reform Long Sleeve - Navy,TOP,SEASONLESS,Men:Tops:Long Sleeves,108.0,,False,1,https://cdn.shopify.com/s/files/1/2185/2813/files/M3193R_03842_b1_s1_a1_m263.jpg?v=1762563261,m3193r-conquer-1-4-zip-reform-long-sleeve-navy,b:1:Best Seller;BuilderDropzoneStyle:CNQR;BVCategory:Men;ChinaCatalog;Color:Navy:Color;ColorGroup:Blue;Content:Builder;FA24MD1-family;Fabric:Conquer;Filter:DisplaySize:3:Small;Filter:DisplaySize:4:Med
2026-08-03,M,mens-bestsellers,39,"7"" Repetition Short - Gravel",SHORTS/SKIRT,SS,Men:Bottoms:Shorts,78.0,,False,1,https://cdn.shopify.com/s/files/1/2185/2813/files/M6154R_05438_b2_s1_a1_dSU26_m243.png?v=1778517531,m6154r-7-repetition-short-gravel,b:1:Best Seller;BISCollection;BVCategory:Men;ChinaCatalog;Color:Gravel:Color;ColorGroup:Beige;FA24;FA24Drops-family;Filter:DisplaySize:3:Small;Filter:DisplaySize:4:Medium;Filter:DisplaySize:5:Large;Fi
2026-08-03,M,mens-bestsellers,40,ALO Vapor Crewneck Short Sleeve - Black,SHORTS/SKIRT,SS,Men:Tops:Short Sleeves,68.0,,False,1,https://cdn.shopify.com/s/files/1/2185/2813/files/M1228R_01_b2_s3_a3_dFA25_m245.jpg?v=1776888215,m1228r-alo-vapor-crewneck-short-sleeve-black,b:1:Best Seller;BuilderDropzoneStyle:VAPR;BVCategory:Men;ChinaCatalog;Color:Black:Color;ColorGroup:Black;Content:Builder;FA25MBridge-family;Fabric:ALO Vapor;Filter:DisplaySize:3:Small;Filter:DisplaySi
2026-08-03,M,mens-bestsellers,41,Takeaway Track Straight Leg Pant - Black,ETC,UNTAGGED,Men:Bottoms:Pants,158.0,,False,1,https://cdn.shopify.com/s/files/1/2185/2813/files/M5265R_01_b2_s1_a1_dSU26_m243.png?v=1778240989,m5265r-takeaway-track-straight-leg-pant-black,b:1:Best Seller;BVCategory:Men;ChinaCatalog;Color:Black:Color;ColorGroup:Black;Filter:DisplaySize:3:Small;Filter:DisplaySize:4:Medium;Filter:DisplaySize:5:Large;Filter:DisplaySize:6:XL - 2XL;Filter:Si
2026-08-03,M,mens-bestsellers,42,"7"" Repetition Short - Anthracite",SHORTS/SKIRT,SS,Men:Bottoms:Shorts,78.0,,False,1,https://cdn.shopify.com/s/files/1/2185/2813/files/M6154R_02125_b2_s1_a1_m208.jpg?v=1767749600,m6154r-7-repetition-short-anthracite,b:1:Best Seller;BVCategory:Men;ChinaCatalog;Color:Anthracite:Color;ColorGroup:Grey;FA24;FA24Drops-family;Filter:DisplaySize:3:Small;Filter:DisplaySize:4:Medium;Filter:DisplaySize:5:Large;Filter:Displa
2026-08-03,M,mens-bestsellers,43,Performance Conquer Headband - Black,ACC,SEASONLESS,Women:Accessories:Hair Management:Headbands,34.0,,False,1,https://cdn.shopify.com/s/files/1/2185/2813/products/A0518U_01_b1_a1.jpg?v=1745838296,a0518u-performance-conquer-headband-black,b:1:Best Seller;BVCategory:Accessories;ChinaCatalog;Color:Black:Color;ColorGroup:Black;Maintenance:ColorwayProduct;master-accessories-all;master-woman-all;MBestSeller;not_clearance;pricing:fullprice;S
2026-08-03,M,mens-bestsellers,44,Linen Days Short Sleeve Button Up - Black,SHORTS/SKIRT,SS,Men:Tops:Short Sleeves,198.0,,False,1,https://cdn.shopify.com/s/files/1/2185/2813/files/M1270R_01_b2_s1_a1_dSU26_m276.jpg?v=1780925114,m1270r-linen-days-short-sleeve-button-up-black,b:1:Best Seller;BVCategory:Men;ChinaCatalog;Color:Black:Color;ColorGroup:Black;Filter:DisplaySize:3:Small;Filter:DisplaySize:4:Medium;Filter:DisplaySize:5:Large;Filter:DisplaySize:6:XL - 2XL;Filter:Si
2026-08-03,M,mens-bestsellers,45,Co-Op Pant (Long) - Navy,ETC,UNTAGGED,Men:Bottoms:Pants,138.0,,False,1,https://cdn.shopify.com/s/files/1/2185/2813/files/M5084R_03842_b1_s1_a1_1_m236.jpg?v=1746737309,m5190r-co-op-pant-long-navy,b:1:Back in Stock;b:1:Best Seller;BISCollection;BVCategory:Men;ChinaCatalog;Color:Navy:Color;ColorGroup:Blue;ColorwayType:Limited;Filter:DisplaySize:3:Small;Filter:DisplaySize:4:Medium;Filter:DisplayS
2026-08-03,M,mens-bestsellers,46,Chill Short - Black,SHORTS/SKIRT,SS,Men:Bottoms:Shorts,78.0,,False,1,https://cdn.shopify.com/s/files/1/2185/2813/files/M6122R_01_b1_s1_a2_dSP26_m214_6bf38e0e-c727-4b06-96df-d5881f65680e.jpg?v=1780513270,m6122r-chill-short-black,b:1:Best Seller;BVCategory:Men;Color:Black:Color;ColorGroup:Black;EcomVideo-Shomari;Filter:DisplaySize:3:Small;Filter:DisplaySize:4:Medium;Filter:DisplaySize:5:Large;Filter:DisplaySize:6:XL - 2XL;Filt
2026-08-03,M,mens-bestsellers,47,"7"" Waffle Lounge Short - Bone",SHORTS/SKIRT,SS,Men:Bottoms:Shorts,98.0,,False,1,https://cdn.shopify.com/s/files/1/2185/2813/files/Instagram_3000-ALO_032026_SU26_Campaign-15-2746_jpg.png?v=1778631951,m6187r-7-waffle-lounge-short-bone,b:1:Best Seller;BVCategory:Men;ChinaCatalog;Color:Bone:Color;ColorGroup:Beige;ColorwayType:Limited;Fabric:Waffle;Filter:DisplaySize:3:Small;Filter:DisplaySize:4:Medium;Filter:DisplaySize:5:Large;Filte
2026-08-03,M,mens-bestsellers,48,"7"" Linen Days Short - Black",SHORTS/SKIRT,SS,Men:Bottoms:Shorts,168.0,,False,1,https://cdn.shopify.com/s/files/1/2185/2813/files/M6194R_01_b1_s1_a3_dSU26_m245.jpg?v=1779879515,m6194r-7-linen-days-short-black,b:1:Best Seller;BVCategory:Men;ChinaCatalog;Color:Black:Color;ColorGroup:Black;Filter:DisplaySize:3:Small;Filter:DisplaySize:4:Medium;Filter:DisplaySize:5:Large;Filter:DisplaySize:6:XL - 2XL;Filter:Si
2026-08-03,M,mens-bestsellers,49,Double Take Hoodie - Black,FLEECE/KNIT,FW,Men:Outerwear:Coverups:Hoodies,128.0,,False,1,https://cdn.shopify.com/s/files/1/2185/2813/files/M3245R_01_b1_s1_a2_dSP26_m214.jpg?v=1774388969,m3245r-double-take-hoodie-black,b:1:Best Seller;BVCategory:Men;ChinaCatalog;Color:Black:Color;ColorGroup:Black;Fabric:Double Take;Filter:DisplaySize:3:Small;Filter:DisplaySize:4:Medium;Filter:DisplaySize:5:Large;Filter:DisplaySize:6
2026-08-03,M,mens-bestsellers,50,ALO Vapor Crewneck Short Sleeve - Anthracite,SHORTS/SKIRT,SS,Men:Tops:Short Sleeves,68.0,,False,1,https://cdn.shopify.com/s/files/1/2185/2813/files/M1228R_02125_b2_s1_a1_m208.jpg?v=1766553426,m1228r-alo-vapor-crewneck-short-sleeve-anthracite,b:1:Best Seller;BuilderDropzoneStyle:VAPR;BVCategory:Men;ChinaCatalog;Color:Anthracite:Color;ColorGroup:Grey;Content:Builder;Fabric:ALO Vapor;Filter:DisplaySize:3:Small;Filter:DisplaySize:4:Medium;Fil
2026-08-10,W,bestsellers,1,Alosoft High-Waist Iconic 90's Capri - Black,LEGGING,SEASONLESS,Women:Bottoms:Leggings,98.0,,False,1,https://cdn.shopify.com/s/files/1/2185/2813/files/W51024R_01_b2_s1_a1_1_m259.jpg?v=1757974226,w51024r-alosoft-high-waist-iconic-90s-capri-black,Activity:Train;aloversary20off;B&W;b:1:Best Seller;BuilderDropzoneStyle:ALOSFTRISE;BVCategory:Women;ChinaCatalog;Color:Black:Color;ColorGroup:Black;Content:Builder;EOYSale:Under100;EOYSale:Under150;FA
2026-08-10,W,bestsellers,2,Match Point Tennis Skirt - Black,SHORTS/SKIRT,SS,Women:Bottoms:Skirts,78.0,,False,1,https://cdn.shopify.com/s/files/1/2185/2813/files/W6240R_01_b2_s1_a2_dSU26_m269.jpg?v=1785182237,w6240r-match-point-tennis-skirt-black,aloversary20off;b:1:Best Seller;BIScollection;blackskirt;BVCategory:Women;ChinaCatalog;Color:Black:Color;ColorGroup:Black;Filter:DisplaySize:1:XXS - XS;Filter:DisplaySize:3:Small;Filter:DisplaySize:4:
2026-08-10,W,bestsellers,3,Seamless Ribbed Favorite Bra Tank - Black,BRA/TANK,SS,Women:Tops:Tanks,84.0,,False,1,https://cdn.shopify.com/s/files/1/2185/2813/files/W9616R_01_b2_s1_a2_m191.jpg?v=1769645810,w9616r-seamless-ribbed-favorite-bra-tank-black,b:1:Best Seller;BVCategory:Women;ChinaCatalog;Color:Black:Color;ColorGroup:Black;Content:Builder;Fabric:Seamless;Filter:DisplaySize:1:XXS - XS;Filter:DisplaySize:3:Small;Filter:DisplaySize:4:Medium;Fi
2026-08-10,W,bestsellers,4,ALO Softsculpt Precision Short Sleeve Top - Black,SHORTS/SKIRT,SS,Women:Tops:Short Sleeves,78.0,,False,1,https://cdn.shopify.com/s/files/1/2185/2813/files/W1479R_01_b2_s1_a1_dSU26_m143.jpg?v=1783356090,w1479r-alo-softsculpt-precision-short-sleeve-top-black,b:1:Best Seller;BuilderDropzoneStyle:SOFTSCULPT;BVCategory:Women;ChinaCatalog;Color:Black:Color;ColorGroup:Black;Content:Builder;FA25D1-family;FA25Drops-family;Fabric:ALO Softsculpt;Filter:DisplaySize
2026-08-10,W,bestsellers,5,Alosoft Crop Finesse Short Sleeve - Navy,SHORTS/SKIRT,SS,Women:Tops:Short Sleeves,68.0,,False,1,https://cdn.shopify.com/s/files/1/2185/2813/files/W1406R_03842_b2_s1_a2_dSP26_m262.jpg?v=1785195982,w1406r-alosoft-crop-finesse-short-sleeve-navy,b:1:Best Seller;bis-paused;BuilderDropzoneStyle:ALOSOFT;BVCategory:Women;ChinaCatalog;Color:Navy:Color;ColorGroup:Blue;Content:Builder;Fabric:Alosoft;Filter:DisplaySize:1:XXS - XS;Filter:DisplaySize:3
2026-08-10,W,bestsellers,6,ALO Sunset Sneaker Mule - Gravel,ETC,UNTAGGED,Accessories:Shoes:Mules,225.0,,False,1,https://cdn.shopify.com/s/files/1/2185/2813/files/A1004U_05438_b1_s1_a224_1_dSU26.jpg?v=1785188116,a1004u-alo-sunset-sneaker-mule-gravel,b:1:Best Seller;BuilderDropzoneStyle:SSMULE;BVCategory:Footwear;ChinaCatalog;Color:Gravel:Color;ColorGroup:Beige;Content:Builder;JustDropped:New This Season;Maintenance:ColorwayProduct;master-accessor
2026-08-10,W,bestsellers,7,Suit Up Trouser (Short) - Black,SHORTS/SKIRT,SS,Women:Bottoms:Pants,148.0,,False,1,https://cdn.shopify.com/s/files/1/2185/2813/files/W54428R_01_b1_s1_a1_dSU26_m207_079634e6-40a0-4a87-b84b-fadf9fca4d89.jpg?v=1785172319,w54428r-suit-up-trouser-short-black,b:1:Best Seller;BISCollection;BuilderDropzoneStyle:SUTRSER;BVCategory:Women;ChinaCatalog;Color:Black:Color;ColorGroup:Black;Content:Builder;Filter:DisplaySize:1:XXS - XS;Filter:DisplaySize:3:Small;Fil
2026-08-10,W,bestsellers,8,ALO Softsculpt Amp It Up Bra - Satsuma Breeze,BRA/TANK,SS,Women:Bras,78.0,,False,1,https://cdn.shopify.com/s/files/1/2185/2813/files/W9968R_07950_b2_s1_a2_dSU26_m147.jpg?v=1784752391,w9968r-alo-softsculpt-amp-it-up-bra-satsuma-breeze,b:1:Best Seller;BuilderDropzoneStyle:SOFTSCULPT;BVCategory:Women;Color:Satsuma Breeze:Color;ColorGroup:Orange;ColorwayType:Limited;Content:Builder;Fabric:ALO Softsculpt;Filter:DisplaySize:1:XXS - XS;F
2026-08-10,W,bestsellers,9,Airbrush Better Together Bra - Satsuma Breeze/White,LEGGING,SS,Women:Bras,88.0,,False,1,https://cdn.shopify.com/s/files/1/2185/2813/files/W9918R_08015_b2_s1_a1_dSU26_m269.png?v=1784144929,w9918r-airbrush-better-together-bra-satsuma-breeze-white,b:1:Best Seller;BuilderDropzoneStyle:AIRBRUSH;BVCategory:Women;Color:Satsuma Breeze:Color;ColorGroup:Orange;ColorwayType:Limited;Content:Builder;Fabric:Airbrush;Filter:DisplaySize:1:XXS - XS;Filter:Di
2026-08-10,W,bestsellers,10,Pinstripe Daylight Button Down Long Sleeve - Black/Titanium,TOP,SEASONLESS,Women:Tops:Long Sleeves,138.0,,False,1,https://cdn.shopify.com/s/files/1/2185/2813/files/W3893R_01407_b1_s1_a1_1_dSP26_m191.jpg?v=1775179318,w3893r-pinstripe-daylight-button-down-long-sleeve-black-titanium,b:1:Best Seller;BVCategory:Women;ChinaCatalog;Color:Black/Titanium:Color;ColorGroup:Black;ColorwayType:Limited;FA24;FA24D4-family;FA24Drops-family;Filter:DisplaySize:1:XXS - XS;Filter:DisplaySize:3:Sm
2026-08-10,W,bestsellers,11,Accolade Full Zip Hoodie - Athletic Heather Grey,FLEECE/KNIT,FW,Women:Outerwear:Coverups:Hoodies,148.0,,False,1,https://cdn.shopify.com/s/files/1/2185/2813/files/U3041RG_06501_b2_s1_a1_dSU26_m269.png?v=1778516898,u3041rg-accolade-full-zip-hoodie-athletic-heather-grey,AccoladeBoostBury;b:1:Best Seller;BIScollection;BR:unisex;BVCategory:Women;Color:Athletic Grey:Color;ColorGroup:Grey;Filter:DisplaySize:1:XXS - XS;Filter:DisplaySize:3:Small;Filter:DisplaySize:4:Mediu
2026-08-10,W,bestsellers,12,Suit Up Trouser (Regular) - Dune Grass,ETC,UNTAGGED,Women:Bottoms:Pants,148.0,,False,1,https://cdn.shopify.com/s/files/1/2185/2813/files/W51432R_07947_b2_s1_a1_dSU26_m228.jpg?v=1784747388,w51432r-suit-up-trouser-regular-dune-grass,b:1:Best Seller;BuilderDropzoneStyle:SUTRSER;BVCategory:Women;ChinaCatalog;Color:Dune Grass:Color;ColorGroup:Green;ColorwayType:Limited;Content:Builder;Filter:DisplaySize:1:XXS - XS;Filter:DisplaySize
2026-08-10,W,bestsellers,13,Match Point Short - Satsuma Breeze,SHORTS/SKIRT,SS,Women:Bottoms:Shorts,78.0,,False,1,https://cdn.shopify.com/s/files/1/2185/2813/files/W6334R_07950_b1_s1_a2_dSU26_m246.jpg?v=1782205656,w6334r-match-point-short-satsuma-breeze,b:1:Best Seller;BVCategory:Women;Color:Satsuma Breeze:Color;ColorGroup:Orange;ColorwayType:Limited;Filter:DisplaySize:1:XXS - XS;Filter:DisplaySize:3:Small;Filter:DisplaySize:4:Medium;Filter:DisplaySi
2026-08-10,W,bestsellers,14,Accolade Short - Dune Grass,SHORTS/SKIRT,SS,Women:Bottoms:Shorts,78.0,,False,1,https://cdn.shopify.com/s/files/1/2185/2813/files/W6472RG_07947_b2_s1_a1_dSU26_m18_e92778f2-5d70-46f2-95f0-162759090f6b.jpg?v=1784743734,w6472rg-accolade-short-dune-grass,AccoladeBoostBury;b:1:Best Seller;BVCategory:Women;Color:Dune Grass:Color;ColorGroup:Green;ColorwayType:Limited;Filter:DisplaySize:1:XXS - XS;Filter:DisplaySize:3:Small;Filter:DisplaySize:4:Medium;Fil
2026-08-10,W,bestsellers,15,Airbrush Heart Throb Bra - Dune Grass/White,LEGGING,SS,Women:Bras,88.0,,False,1,https://cdn.shopify.com/s/files/1/2185/2813/files/W9680R_08023_b2_s1_a2_dSU26_m18_95fa4923-7254-4c3f-9e97-95649262ecc7.jpg?v=1784742235,w9680r-airbrush-heart-throb-bra-dune-grass-white,b:1:Best Seller;BuilderDropzoneStyle:AIRBRUSH;BVCategory:Women;ChinaCatalog;Color:Dune Grass:Color;ColorGroup:Green;ColorwayType:Limited;Content:Builder;Fabric:Airbrush;Filter:DisplaySize:1:XXS - XS;F
2026-08-10,W,bestsellers,16,Accolade Short - Athletic Heather Grey,SHORTS/SKIRT,SS,Women:Bottoms:Shorts,78.0,,False,1,https://cdn.shopify.com/s/files/1/2185/2813/files/W6472RG_02910_b2_s1_a1_dFA26_m285.png?v=1785797997,w6472rg-accolade-short-athletic-heather-grey,AccoladeBoostBury;b:1:Best Seller;bellalaunch;BVCategory:Women;ChinaCatalog;Color:Athletic Grey:Color;ColorGroup:Grey;Filter:DisplaySize:1:XXS - XS;Filter:DisplaySize:3:Small;Filter:DisplaySize:4:Medi
2026-08-10,W,bestsellers,17,Double Or Nothing Tennis Skirt - Black,SHORTS/SKIRT,SS,Women:Bottoms:Skirts,88.0,,False,1,https://cdn.shopify.com/s/files/1/2185/2813/files/W6574R_01_b2_s1_a2_dSP26_m191.jpg?v=1785195233,w6574r-double-or-nothing-tennis-skirt-black,b:1:Back in Stock;b:1:Best Seller;BISCollection;BVCategory:Women;ChinaCatalog;Color:Black:Color;ColorGroup:Black;Filter:DisplaySize:1:XXS - XS;Filter:DisplaySize:3:Small;Filter:DisplaySize:4:Medium;Fi
2026-08-10,W,bestsellers,18,Accolade Crew Neck Pullover - Dune Grass,FLEECE/KNIT,FW,Women:Outerwear:Coverups:Pullovers,138.0,,False,1,https://cdn.shopify.com/s/files/1/2185/2813/files/U3031RG_07947_b2_s1_a2_dSU26_m18_5feb1358-f947-4843-bd90-9468b5717de5.jpg?v=1785255625,u3031rg-accolade-crew-neck-pullover-dune-grass,AccoladeBoostBury;b:1:Best Seller;BR:unisex;builderdropzonestyle:FYFACREW;BVCategory:Women;Color:Dune Grass:Color;ColorGroup:Green;ColorwayType:Limited;Content:Builder;Filter:DisplaySize:1:XXS - XS;Fi
2026-08-10,W,bestsellers,19,Accolade Straight Leg Sweatpant - Navy,BOTTOM-WARM,FW,Women:Bottoms:Sweatpants,138.0,,False,1,https://cdn.shopify.com/s/files/1/2185/2813/files/U5012RG_03842_b2_s1_a1_dSP26_m190.jpg?v=1775110605,u5012rg-accolade-straight-leg-sweatpant-navy,AccoladeBoostBury;b:1:Best Seller;builderdropzonestyle:FYFASL;BVCategory:Women;ChinaCatalog;Color:Navy:Color;ColorGroup:Blue;Content:Builder;Filter:DisplaySize:1:XXS - XS;Filter:DisplaySize:3:Small;Fi
2026-08-10,W,bestsellers,20,Ribbed En Pointe Tank - Dune Grass,BRA/TANK,SS,Women:Tops:Tanks,78.0,,False,1,https://cdn.shopify.com/s/files/1/2185/2813/files/W9777R_07947_b1_s1_a1_dSU26_m54_1.jpg?v=1784543551,w9777r-ribbed-en-pointe-tank-dune-grass,b:1:Best Seller;BVCategory:Women;Color:Dune Grass:Color;ColorGroup:Green;ColorwayType:Limited;Fabric:Ribbed;Filter:DisplaySize:1:XXS - XS;Filter:DisplaySize:3:Small;Filter:DisplaySize:4:Medium;Filter:
2026-08-10,W,bestsellers,21,Match Point Short - Espresso,SHORTS/SKIRT,SS,Women:Bottoms:Shorts,78.0,,False,1,https://cdn.shopify.com/s/files/1/2185/2813/files/W6334R_04064_b2_s1_a2_dSU26_m122.jpg?v=1785196629,w6334r-match-point-short-espresso,b:1:Best Seller;BVCategory:Women;ChinaCatalog;Color:Espresso:Color;ColorGroup:Brown;Filter:DisplaySize:1:XXS - XS;Filter:DisplaySize:3:Small;Filter:DisplaySize:4:Medium;Filter:DisplaySize:5:L - XL;Fil
2026-08-10,W,bestsellers,22,Airbrush Better Together Tennis Skirt - Satsuma Breeze/White,LEGGING,SS,Women:Bottoms:Skirts,88.0,,False,1,https://cdn.shopify.com/s/files/1/2185/2813/files/W6557R_08015_b2_s1_a1_dSU26_m269.png?v=1784015498,w6557r-airbrush-better-together-tennis-skirt-satsuma-breeze-white,b:1:Best Seller;BuilderDropzoneStyle:AIRBRUSH;BVCategory:Women;Color:Satsuma Breeze:Color;ColorGroup:Orange;ColorwayType:Limited;Content:Builder;Fabric:Airbrush;Filter:DisplaySize:1:XXS - XS;Filter:Di
2026-08-10,W,bestsellers,23,Suit Up Trouser (Long) - Black,ETC,UNTAGGED,Women:Bottoms:Pants,148.0,,False,1,https://cdn.shopify.com/s/files/1/2185/2813/files/W54187R_01_b2_s1_a1_dSP26_m242_6633269e-29a0-424b-8114-5584580ec498.jpg?v=1771882591,w54187r-suit-up-trouser-long-black,b:1:Best Seller;BuilderDropzoneStyle:SUTRSER;BVCategory:Women;ChinaCatalog;Color:Black:Color;ColorGroup:Black;Content:Builder;Filter:DisplaySize:1:XXS - XS;Filter:DisplaySize:3:Small;Filter:DisplaySiz
2026-08-10,W,bestsellers,24,Airbrush High-Waist Heart Throb Legging - Dune Grass/White,LEGGING,SEASONLESS,Women:Bottoms:Leggings,134.0,,False,1,https://cdn.shopify.com/s/files/1/2185/2813/files/W51298R_08023_b2_s1_a1_dSU26_m228.jpg?v=1784840973,w51298r-airbrush-high-waist-heart-throb-legging-dune-grass-white,b:1:Best Seller;BuilderDropzoneStyle:ABRSHRISE;BVCategory:Women;Color:Dune Grass:Color;ColorGroup:Green;ColorwayType:Limited;Content:Builder;Fabric:Airbrush;Filter:DisplaySize:1:XXS - XS;Filter:Displa
2026-08-10,W,bestsellers,25,Suit Up Trouser (Regular) - Espresso,ETC,UNTAGGED,Women:Bottoms:Pants,148.0,,False,1,https://cdn.shopify.com/s/files/1/2185/2813/files/W51432R_04064_b2_s1_a1_dSU26_m190.jpg?v=1777663548,w51432r-suit-up-trouser-regular-espresso,b:1:Best Seller;BuilderDropzoneStyle:SUTRSER;BVCategory:Women;ChinaCatalog;Color:Espresso:Color;ColorGroup:Brown;Content:Builder;Filter:DisplaySize:1:XXS - XS;Filter:DisplaySize:3:Small;Filter:Display
2026-08-10,W,bestsellers,26,Accolade Short - Black,SHORTS/SKIRT,SS,Women:Bottoms:Shorts,78.0,,False,1,https://cdn.shopify.com/s/files/1/2185/2813/files/W6472RG_01_b2_s1_a1_dWT25_m265.jpg?v=1776890407,w6472rg-accolade-short-black,AccoladeBoostBury;b:1:Best Seller;BVCategory:Women;ChinaCatalog;Color:Black:Color;ColorGroup:Black;Filter:DisplaySize:1:XXS - XS;Filter:DisplaySize:3:Small;Filter:DisplaySize:4:Medium;Filter:DisplaySi
2026-08-10,W,bestsellers,27,Ribbed En Pointe Tank - Black,BRA/TANK,SS,Women:Tops:Tanks,78.0,,False,1,https://cdn.shopify.com/s/files/1/2185/2813/files/W9777R_01_b1_s1_a2_dFA24_m18.jpg?v=1785176575,w9777r-ribbed-en-pointe-tank-black,b:1:Best Seller;BVCategory:Women;ChinaCatalog;Color:Black:Color;ColorGroup:Black;FA24;FA24D2-family;FA24Drops-family;Fabric:Ribbed;Filter:DisplaySize:1:XXS - XS;Filter:DisplaySize:3:Small;Filter:Displ
2026-08-10,W,bestsellers,28,Accolade Straight Leg Sweatpant - White Heather,BOTTOM-WARM,FW,Women:Bottoms:Sweatpants,138.0,,False,1,https://cdn.shopify.com/s/files/1/2185/2813/files/U5012RG_10060_b1_s1_a2_dSU26_m246.jpg?v=1782933732,u5012rg-accolade-straight-leg-sweatpant-white-heather,AccoladeBoostBury;b:1:Best Seller;BR:unisex;builderdropzonestyle:FYFASL;BVCategory:Women;Color:White Heather:Color;ColorGroup:White;ColorwayType:Limited;Content:Builder;Filter:DisplaySize:1:XXS - XS;F
2026-08-10,W,bestsellers,29,Airbrush High-Waist Heart Throb Legging - Black/White,LEGGING,SEASONLESS,Women:Bottoms:Leggings,134.0,,False,1,https://cdn.shopify.com/s/files/1/2185/2813/files/W51298R_0100_b2_s1_a1_dSP26_m210.jpg?v=1770668689,w51298r-airbrush-high-waist-heart-throb-legging-black-white,b:1:Best Seller;BIScollection;BuilderDropzoneStyle:ABRSHRISE;BVCategory:Women;ChinaCatalog;Color:Black:Color;ColorGroup:Black;Content:Builder;FA23;FA23D3-family;Filter:DisplaySize:1:XXS - XS;Filter:Di
2026-08-10,W,bestsellers,30,7/8 High-Waist Airlift Legging - Dune Grass,LEGGING,SEASONLESS,Women:Bottoms:Leggings,134.0,,False,1,https://cdn.shopify.com/s/files/1/2185/2813/files/W5766R_07947_b1_s1_a2_dSU26_m246_1.png?v=1785795011,w5766r-7-8-high-waist-airlift-legging-dune-grass,b:1:Best Seller;BuilderDropzoneStyle:ARLTRISE;BVCategory:Women;ChinaCatalog;Color:Dune Grass:Color;ColorGroup:Green;ColorwayType:Limited;Content:Builder;Fabric:Airlift;Filter:DisplaySize:1:XXS - XS;Fi
2026-08-10,W,bestsellers,31,Unisex Half-Crew Throwback Sock - Dune Grass/White,ACC,SEASONLESS,Accessories:Socks,34.0,,False,1,https://cdn.shopify.com/s/files/1/2185/2813/files/A0480U_08023_b1_s1_a2_dSU26.jpg?v=1784660133,a0480u-unisex-half-crew-throwback-sock-dune-grass-white,b:1:Best Seller;BVCategory:Accessories;ChinaCatalog;Color:Dune Grass:Color;ColorGroup:Green;ColorwayType:Limited;Filter:Size:L;Filter:Size:M;Filter:Size:S;Maintenance:ColorwayProduct;master-accessorie
2026-08-10,W,bestsellers,32,Timeless Tank - Ivory,BRA/TANK,SS,Women:Tops:Tanks,68.0,,False,1,https://cdn.shopify.com/s/files/1/2185/2813/files/W2825R_03299_b1_s1_a1_dSU26_m271.jpg?v=1783515499,w2825r-timeless-tank-ivory,b:1:Best Seller;BVCategory:Women;Color:Ivory:Color;ColorGroup:White;Filter:DisplaySize:1:XXS - XS;Filter:DisplaySize:3:Small;Filter:DisplaySize:4:Medium;Filter:DisplaySize:5:L - XL;Filter:Size:L;Filte
2026-08-10,W,bestsellers,33,Aspire Tank - White/Black,BRA/TANK,SS,Women:Tops:Tanks,68.0,,False,1,https://cdn.shopify.com/s/files/1/2185/2813/files/W2675RG_0001_b2_s1_a2_dSU26_m91.jpg?v=1785180037,w2675rg-aspire-tank-white-black,AA25-PDPselects;aloversary20off;b:1:Best Seller;bis-paused;bluequartz-family;BVCategory:Women;ChinaCatalog;Color:White:Color;ColorGroup:White;Filter:DisplaySize:1:XXS - XS;Filter:DisplaySize:3:Small;F
2026-08-10,W,bestsellers,34,Sway On The Go Jacket - White Heather,OUTERWEAR,FW,Women:Outerwear:Jackets,138.0,,False,1,https://cdn.shopify.com/s/files/1/2185/2813/files/W31104R_10060_b2_s1_a1_dSU26_m270_0d5f2e3c-6ea1-4139-b2c7-f7dd4990f81d.jpg?v=1783017166,w31104r-sway-on-the-go-jacket-white-heather,b:1:Best Seller;BVCategory:Women;Color:White Heather:Color;ColorGroup:White;ColorwayType:Limited;Filter:DisplaySize:1:XXS - XS;Filter:DisplaySize:3:Small;Filter:DisplaySize:4:Medium;Filter:DisplaySize
2026-08-10,W,bestsellers,35,Seamless Modal Ribbed High Neck Delight Bra - Ivory,BRA/TANK,SS,Women:Tops:Tanks,74.0,,False,1,https://cdn.shopify.com/s/files/1/2185/2813/files/W9818R_03299_b1_s1_a2_dSU26_m246.jpg?v=1783518262,w9818r-seamless-modal-ribbed-high-neck-delight-bra-ivory,b:1:Best Seller;BVCategory:Women;ChinaCatalog;Color:Ivory:Color;ColorGroup:White;Fabric:Ribbed;Filter:DisplaySize:1:XXS - XS;Filter:DisplaySize:3:Small;Filter:DisplaySize:4:Medium;Filter:DisplaySize:5
2026-08-10,W,bestsellers,36,ALO Softsculpt 7/8 Define Legging - Black,LEGGING,SEASONLESS,Women:Bottoms:Leggings,134.0,,False,1,https://cdn.shopify.com/s/files/1/2185/2813/files/W54599R_01_b2_s1_a1_dFA26_m287_jpg.png?v=1786031828,w54599r-alo-softsculpt-7-8-define-legging-black,b:1:Best Seller;BuilderDropzoneStyle:DFNLGG;BVCategory:Women;ChinaCatalog;Color:Black:Color;ColorGroup:Black;Content:Builder;delilahlaunch;Fabric:ALO Softsculpt;Filter:DisplaySize:1:XXS - XS;Filter:Di
2026-08-10,W,bestsellers,37,ALO Softsculpt Amp It Up Tennis Skirt - Black,SHORTS/SKIRT,SS,Women:Bottoms:Skirts,98.0,,False,1,https://cdn.shopify.com/s/files/1/2185/2813/files/W6604R_01_b2_s1_a3_dSU26_m143.jpg?v=1785184560,w6604r-alo-softsculpt-amp-it-up-tennis-skirt-black,b:1:Best Seller;BuilderDropzoneStyle:SOFTSCULPT;BVCategory:Women;ChinaCatalog;Color:Black:Color;ColorGroup:Black;Content:Builder;Fabric:ALO Softsculpt;Filter:DisplaySize:1:XXS - XS;Filter:DisplaySize:
2026-08-10,W,bestsellers,38,Airbrush Better Together Bra - Black/White,LEGGING,SS,Women:Bras,88.0,,False,1,https://cdn.shopify.com/s/files/1/2185/2813/files/W9918R_0100_b2_s1_a2_dFA26_m285.png?v=1785797782,w9918r-airbrush-better-together-bra-black-white,b:1:Best Seller;bellalaunch;BISCollection;BuilderDropzoneStyle:AIRBRUSH;BVCategory:Women;ChinaCatalog;Color:Black:Color;ColorGroup:Black;Content:Builder;Fabric:Airbrush;Filter:DisplaySize:1:XXS - XS;F
2026-08-10,W,bestsellers,39,Airlift Intrigue Bra - Dune Grass,LEGGING,SS,Women:Bras,78.0,,False,1,https://cdn.shopify.com/s/files/1/2185/2813/files/W9557R_07947_b2_s1_a3_dSU26_m18.jpg?v=1784743020,w9557r-airlift-intrigue-bra-dune-grass,b:1:Best Seller;BuilderDropzoneStyle:AIRLIFT;BVCategory:Women;ChinaCatalog;Color:Dune Grass:Color;ColorGroup:Green;ColorwayType:Limited;Content:Builder;Fabric:Airlift;Filter:DisplaySize:1:XXS - XS;Fil
2026-08-10,W,bestsellers,40,Match Point Tennis Skirt - White,SHORTS/SKIRT,SS,Women:Bottoms:Skirts,78.0,,False,1,https://cdn.shopify.com/s/files/1/2185/2813/files/W6240R_00_b1_s1_a7_dWT24_m196.jpg?v=1785181132,w6240r-match-point-tennis-skirt-white,aloversary20off;b:1:Best Seller;BVCategory:Women;ChinaCatalog;Color:White:Color;ColorGroup:White;Filter:DisplaySize:1:XXS - XS;Filter:DisplaySize:3:Small;Filter:DisplaySize:4:Medium;Filter:DisplaySize
2026-08-10,W,bestsellers,41,Performance Conquer Headband - Black,ACC,SEASONLESS,Women:Accessories:Hair Management:Headbands,34.0,,False,1,https://cdn.shopify.com/s/files/1/2185/2813/products/A0518U_01_b1_a1.jpg?v=1745838296,a0518u-performance-conquer-headband-black,b:1:Best Seller;BVCategory:Accessories;ChinaCatalog;Color:Black:Color;ColorGroup:Black;Maintenance:ColorwayProduct;master-accessories-all;master-woman-all;MBestSeller;Men:Activity:Court;Men:Activity:R
2026-08-10,W,bestsellers,42,Velvet Off-Duty Cap - Black,ACC,SEASONLESS,Accessories:Hats:Caps,98.0,,False,1,https://cdn.shopify.com/s/files/1/2185/2813/files/A0855U_01_b1_s1_a2.jpg?v=1761557566,a0855u-velvet-off-duty-cap-black,b:1:Best Seller;BVCategory:Accessories;ChinaCatalog;Color:Black:Color;ColorGroup:Black;D1WinterInitialQA2;Maintenance:ColorwayProduct;master-accessories-all;master-accessories-men;master-man-all;maste
2026-08-10,W,bestsellers,43,Accolade Crew Neck Pullover - Navy,FLEECE/KNIT,FW,Women:Outerwear:Coverups:Pullovers,138.0,,False,1,https://cdn.shopify.com/s/files/1/2185/2813/files/U3031RG_03842_b2_s1_a1_m239_51f53490-e608-455e-ac26-2f2741d0a347.jpg?v=1770143954,u3031rg-accolade-crew-neck-pullover-navy,AA25-PDPselects;AccoladeBoostBury;b:1:Best Seller;BVCategory:Women;ChinaCatalog;Color:Navy:Color;ColorGroup:Blue;FA25-Campaign;FA25D4-family;FA25Drops-family;Filter:DisplaySize:1:XXS - XS;Filter:Displ
2026-08-10,W,bestsellers,44,Airbrush Splendor Dress - Satsuma Breeze,LEGGING,SS,Women:One Piece:Dresses,138.0,,False,1,https://cdn.shopify.com/s/files/1/2185/2813/files/W8346R_07950_b1_s1_a2_dSU26_m177.jpg?v=1782206031,w8346r-airbrush-splendor-dress-satsuma-breeze,b:1:Best Seller;BuilderDropzoneStyle:AIRBRUSH;BVCategory:Women;Color:Satsuma Breeze:Color;ColorGroup:Orange;ColorwayType:Limited;Content:Builder;Fabric:Airbrush;Filter:DisplaySize:1:XXS - XS;Filter:Di
2026-08-10,W,bestsellers,45,Ribbed Prosper Tank - Black,BRA/TANK,SS,Women:Tops:Tanks,78.0,,False,1,https://cdn.shopify.com/s/files/1/2185/2813/files/W2799R_01_b2_s1_a2_dSU26_m269.jpg?v=1785178540,w2799r-ribbed-prosper-tank-black,b:1:Best Seller;BIScollection;BVCategory:Women;ChinaCatalog;Color:Black:Color;ColorGroup:Black;Fabric:Ribbed;Filter:DisplaySize:1:XXS - XS;Filter:DisplaySize:3:Small;Filter:DisplaySize:4:Medium;Filter
2026-08-10,W,bestsellers,46,Performance Off-Duty Cap - Black/Black,ACC,SEASONLESS,Accessories:Hats:Caps,68.0,,False,1,https://cdn.shopify.com/s/files/1/2185/2813/files/A0543U_0101_b1_s1_a11.jpg?v=1785186051,a0543u-performance-off-duty-cap-black-black,b:1:Best Seller;BIScollection;BVCategory:Accessories;ChinaCatalog;Color:Black:Color;ColorGroup:Black;Maintenance:ColorwayProduct;master-accessories-all;master-man-all;master-woman-all;MBestSeller;Men:
2026-08-10,W,bestsellers,47,Airbrush Real Bra Tank - Satsuma Breeze,LEGGING,SS,Women:Tops:Tanks,78.0,,False,1,https://cdn.shopify.com/s/files/1/2185/2813/files/W9587R_07950_b1_s1_a2_dSU26_m246.jpg?v=1782206485,w9587r-airbrush-real-bra-tank-satsuma-breeze,b:1:Best Seller;BuilderDropzoneStyle:AIRBRUSH;BVCategory:Women;Color:Satsuma Breeze:Color;ColorGroup:Orange;ColorwayType:Limited;Content:Builder;Fabric:Airbrush;Filter:DisplaySize:1:XXS - XS;Filter:Di
2026-08-10,W,bestsellers,48,Suit Up Trouser (Long) - Dune Grass,ETC,UNTAGGED,Women:Bottoms:Pants,148.0,,False,1,https://cdn.shopify.com/s/files/1/2185/2813/files/W54187R_07947_b1_s1_a2_dSU26_m271_1.jpg?v=1784542815,w54187r-suit-up-trouser-long-dune-grass,b:1:Best Seller;BuilderDropzoneStyle:SUTRSER;BVCategory:Women;Color:Dune Grass:Color;ColorGroup:Green;ColorwayType:Limited;Content:Builder;Filter:DisplaySize:1:XXS - XS;Filter:DisplaySize:3:Small;Filt
2026-08-10,W,bestsellers,49,90's Claw Clip - White Pearl,ETC,UNTAGGED,Women:Accessories:Hair Management:Hair Ties,38.0,,False,1,https://cdn.shopify.com/s/files/1/2185/2813/files/A0286W_05201_b1_s1_a1_3036804a-e348-4f82-a26c-a3fd8aa67121.jpg?v=1698259388,a0286w-90s-claw-clip-white-pearl,b:1:Best Seller;BVCategory:Accessories;ChinaCatalog;Color:White Pearl:Color;ColorGroup:White;FA23;FA23D1-family;Maintenance:ColorwayProduct;master-accessories-all;master-woman-all;not_clearance;pricin
2026-08-10,W,bestsellers,50,Accolade 1/4 Zip Pullover - Navy,FLEECE/KNIT,FW,Women:Outerwear:Coverups:Pullovers,148.0,,False,1,https://cdn.shopify.com/s/files/1/2185/2813/files/U3040RG_03842_b1_s1_a3_m218.jpg?v=1752690226,u3040rg-accolade-1-4-zip-pullover-navy,AccoladeBoostBury;b:1:Best Seller;BR:unisex;BVCategory:Women;ChinaCatalog;Color:Navy:Color;ColorGroup:Blue;ColorwayType:Limited;Filter:DisplaySize:1:XXS - XS;Filter:DisplaySize:3:Small;Filter:DisplayS
2026-08-10,M,mens-bestsellers,1,Coastline Knit Short Sleeve Polo - Gravel,SHORTS/SKIRT,SS,Men:Tops:Short Sleeves,128.0,,False,1,https://cdn.shopify.com/s/files/1/2185/2813/files/M1275R_05438_b2_s1_a2_dSU26_m243.jpg?v=1784667366,m1275r-coastline-knit-short-sleeve-polo-gravel,b:1:Best Seller;BVCategory:Men;ChinaCatalog;Color:Gravel:Color;ColorGroup:Beige;Filter:DisplaySize:3:Small;Filter:DisplaySize:4:Medium;Filter:DisplaySize:5:Large;Filter:DisplaySize:6:XL - 2XL;Filter:S
2026-08-10,M,mens-bestsellers,2,"7"" Coastline Knit Short - Gravel",SHORTS/SKIRT,SS,Men:Bottoms:Shorts,138.0,,False,1,https://cdn.shopify.com/s/files/1/2185/2813/files/M6196R_05438_b2_s1_a2_dSU26_m243.jpg?v=1785184773,m6196r-7-coastline-knit-short-gravel,b:1:Best Seller;BVCategory:Men;ChinaCatalog;Color:Gravel:Color;ColorGroup:Beige;Filter:DisplaySize:3:Small;Filter:DisplaySize:4:Medium;Filter:DisplaySize:5:Large;Filter:DisplaySize:6:XL - 2XL;Filter:S
2026-08-10,M,mens-bestsellers,3,Double Take Short Sleeve - Black,SHORTS/SKIRT,SS,Men:Tops:Short Sleeves,88.0,,False,1,https://cdn.shopify.com/s/files/1/2185/2813/files/M1224R_01_b1_s1_a4_dSU26_m245.jpg?v=1773246432,m1224r-double-take-short-sleeve-black,b:1:Best Seller;BuilderDropzoneStyle:DBLTK;BVCategory:Men;ChinaCatalog;Color:Black:Color;ColorGroup:Black;Content:Builder;Fabric:Double Take;Filter:DisplaySize:3:Small;Filter:DisplaySize:4:Medium;Filt
2026-08-10,M,mens-bestsellers,4,"7"" Double Take Short - Black",SHORTS/SKIRT,SS,Men:Bottoms:Shorts,88.0,,False,1,https://cdn.shopify.com/s/files/1/2185/2813/files/M6143R_01_b1_s1_a2_1_m214.jpg?v=1756316493,m6143r-7-double-take-short-black,b:1:Best Seller;BIScollection;BVCategory:Men;ChinaCatalog;Color:Black:Color;ColorGroup:Black;Fabric:Double Take;Filter:DisplaySize:3:Small;Filter:DisplaySize:4:Medium;Filter:DisplaySize:5:Large;Filter
2026-08-10,M,mens-bestsellers,5,Conquer Reform Crewneck Short Sleeve - Dune Grass,SHORTS/SKIRT,SS,Men:Tops:Short Sleeves,78.0,,False,1,https://cdn.shopify.com/s/files/1/2185/2813/files/M1205R_07947_b2_s1_a2_dSU26_m243_3b415a1c-3bed-4658-bec1-7f18a2972289.jpg?v=1785185404,m1205r-conquer-reform-crewneck-short-sleeve-dune-grass,b:1:Best Seller;BuilderDropzoneStyle:CNQR;BVCategory:Men;ChinaCatalog;Color:Dune Grass:Color;ColorGroup:Green;ColorwayType:Limited;Content:Builder;Fabric:Conquer;Filter:DisplaySize:3:Small;Filter:Disp
2026-08-10,M,mens-bestsellers,6,"5"" Circuit Short - Dune Grass",SHORTS/SKIRT,SS,Men:Bottoms:Shorts,68.0,,False,1,https://cdn.shopify.com/s/files/1/2185/2813/files/M6158R_07947_b1_s1_a5_dSU26_m214_1.jpg?v=1784540351,m6158r-5-circuit-short-dune-grass,b:1:Best Seller;BVCategory:Men;ChinaCatalog;Color:Dune Grass:Color;ColorGroup:Green;ColorwayType:Limited;Computed:IsAlmostGone;Computed:UnderInventoryThreshold:5:for:M;Computed:UnderInventoryThreshold
2026-08-10,M,mens-bestsellers,7,Light Weight Takeaway Track Pullover - Black,FLEECE/KNIT,FW,Men:Outerwear:Coverups:Pullovers,148.0,,False,1,https://cdn.shopify.com/s/files/1/2185/2813/files/M3259R_01_b2_s1_a1_dSU26_m275.png?v=1778520221,m3259r-light-weight-takeaway-track-pullover-black,b:1:Best Seller;BISCollection;BVCategory:Men;Color:Black:Color;ColorGroup:Black;EcomVideo-Dale;Filter:DisplaySize:3:Small;Filter:DisplaySize:4:Medium;Filter:DisplaySize:5:Large;Filter:DisplaySize:6:XL
2026-08-10,M,mens-bestsellers,8,Co-Op Pant (Regular) - Black,ETC,UNTAGGED,Men:Bottoms:Pants,138.0,,False,1,https://cdn.shopify.com/s/files/1/2185/2813/files/M5144R_01_b1_s1_a2_m243.jpg?v=1775153771,m5144r-co-op-pant-regular-black,b:1:Best Seller;BVCategory:Men;ChinaCatalog;Color:Black:Color;ColorGroup:Black;FA25Drops-family;FA25MBridge-family;Filter:DisplaySize:3:Small;Filter:DisplaySize:4:Medium;Filter:DisplaySize:5:Large;Fil
2026-08-10,M,mens-bestsellers,9,Street Essential Tee - Gravel,SHORTS/SKIRT,SS,Men:Tops:Short Sleeves,68.0,,False,1,https://cdn.shopify.com/s/files/1/2185/2813/files/M1258R_05438_b2_s1_a4_dSU26_m243_c025e99d-d1e7-4c4a-b487-3c7a8bbef09b.jpg?v=1785173098,m1258r-street-essential-tee-gravel,b:1:Best Seller;builderdropzonestyle:ESNTL;BVCategory:Men;ChinaCatalog;Color:Gravel:Color;ColorGroup:Beige;Content:Builder;Filter:DisplaySize:3:Small;Filter:DisplaySize:4:Medium;Filter:DisplaySize:5:L
2026-08-10,M,mens-bestsellers,10,"7"" Repetition Short - Gravel",SHORTS/SKIRT,SS,Men:Bottoms:Shorts,78.0,,False,1,https://cdn.shopify.com/s/files/1/2185/2813/files/M6154R_05438_b2_s1_a1_dSU26_m243.png?v=1778517531,m6154r-7-repetition-short-gravel,b:1:Best Seller;BISCollection;BVCategory:Men;ChinaCatalog;Color:Gravel:Color;ColorGroup:Beige;FA24;FA24Drops-family;Filter:DisplaySize:3:Small;Filter:DisplaySize:4:Medium;Filter:DisplaySize:5:Large;Fi
2026-08-10,M,mens-bestsellers,11,Double Take Short Sleeve - Bone,SHORTS/SKIRT,SS,Men:Tops:Short Sleeves,88.0,,False,1,https://cdn.shopify.com/s/files/1/2185/2813/files/M1224R_03040_b1_s1_a2_dSU25_m243.jpg?v=1785384438,m1224r-double-take-short-sleeve-bone,b:1:Best Seller;BuilderDropzoneStyle:DBLTK;BVCategory:Men;ChinaCatalog;Color:Bone:Color;ColorGroup:Beige;Content:Builder;Fabric:Double Take;Filter:DisplaySize:3:Small;Filter:DisplaySize:4:Medium;Filte
2026-08-10,M,mens-bestsellers,12,"7"" Double Take Short - Bone",SHORTS/SKIRT,SS,Men:Bottoms:Shorts,88.0,,False,1,https://cdn.shopify.com/s/files/1/2185/2813/files/M6143R_03040_b1_s1_a1_1_m243.jpg?v=1746630480,m6143r-7-double-take-short-bone,b:1:Best Seller;BVCategory:Men;ChinaCatalog;Color:Bone:Color;ColorGroup:Beige;Fabric:Double Take;Filter:DisplaySize:3:Small;Filter:DisplaySize:4:Medium;Filter:DisplaySize:5:Large;Filter:DisplaySize:6:
2026-08-10,M,mens-bestsellers,13,Triumph Tee - Black,SHORTS/SKIRT,SS,Men:Tops:Short Sleeves,58.0,,False,1,https://cdn.shopify.com/s/files/1/2185/2813/files/M1257R_01_b1_s1_a4_dSP26_m214.jpg?v=1775244311,m1257r-triumph-tee-black,b:1:Best Seller;BuilderDropzoneStyle:TRMPH;BVCategory:Men;ChinaCatalog;Color:Black:Color;ColorGroup:Black;Content:Builder;FA24;FA24Drops-family;FA24MD6-family;Fabric:Triumph;Filter:DisplaySize:3:Small
2026-08-10,M,mens-bestsellers,14,Chill Short - Black,SHORTS/SKIRT,SS,Men:Bottoms:Shorts,78.0,,False,1,https://cdn.shopify.com/s/files/1/2185/2813/files/M6122R_01_b1_s1_a2_dSP26_m214_6bf38e0e-c727-4b06-96df-d5881f65680e.jpg?v=1780513270,m6122r-chill-short-black,b:1:Best Seller;BVCategory:Men;Color:Black:Color;ColorGroup:Black;EcomVideo-Shomari;Filter:DisplaySize:3:Small;Filter:DisplaySize:4:Medium;Filter:DisplaySize:5:Large;Filter:DisplaySize:6:XL - 2XL;Filt
2026-08-10,M,mens-bestsellers,15,Street Essential Tee - Dune Grass,SHORTS/SKIRT,SS,Men:Tops:Short Sleeves,68.0,,False,1,https://cdn.shopify.com/s/files/1/2185/2813/files/M1258R_07947_b2_s1_a3_dSU26_m243.jpg?v=1784668998,m1258r-street-essential-tee-dune-grass,b:1:Best Seller;builderdropzonestyle:ESNTL;BVCategory:Men;ChinaCatalog;Color:Dune Grass:Color;ColorGroup:Green;ColorwayType:Limited;Content:Builder;Filter:DisplaySize:3:Small;Filter:DisplaySize:4:Medi
2026-08-10,M,mens-bestsellers,16,Conquer 1/4 Zip Reform Long Sleeve - Dune Grass,TOP,SEASONLESS,Men:Tops:Long Sleeves,108.0,,False,1,https://cdn.shopify.com/s/files/1/2185/2813/files/M3193R_07947_b2_s1_a2_dSU26_m274_71332818-ff2d-4061-ad21-ca34604818e9.jpg?v=1785184994,m3193r-conquer-1-4-zip-reform-long-sleeve-dune-grass,b:1:Best Seller;BuilderDropzoneStyle:CNQR;BVCategory:Men;ChinaCatalog;Color:Dune Grass:Color;ColorGroup:Green;ColorwayType:Limited;Content:Builder;Fabric:Conquer;Filter:DisplaySize:3:Small;Filter:Disp
2026-08-10,M,mens-bestsellers,17,Conquer Reform Crewneck Short Sleeve - Navy,SHORTS/SKIRT,SS,Men:Tops:Short Sleeves,78.0,,False,1,https://cdn.shopify.com/s/files/1/2185/2813/files/M1205R_03842_b2_s1_a1_1_m214.jpg?v=1761533071,m1205r-conquer-reform-crewneck-short-sleeve-navy,b:1:Best Seller;BuilderDropzoneStyle:CNQR;BVCategory:Men;ChinaCatalog;Color:Navy:Color;ColorGroup:Blue;Content:Builder;FA24MD1-family;Fabric:Conquer;Filter:DisplaySize:3:Small;Filter:DisplaySize:4:Med
2026-08-10,M,mens-bestsellers,18,"7"" Conquer React Performance Short - Navy",SHORTS/SKIRT,SS,Men:Bottoms:Shorts,68.0,,False,1,https://cdn.shopify.com/s/files/1/2185/2813/files/M6131R_03842_b2_s1_a1_dSU26_m243.png?v=1778517491,m6131r-conquer-react-performance-short-navy,b:1:Best Seller;BIScollection;BVCategory:Men;ChinaCatalog;Color:Navy:Color;ColorGroup:Blue;ColorwayType:Limited;EcomVideo-Shomari;Fabric:Conquer;Filter:DisplaySize:3:Small;Filter:DisplaySize:4:Medium;
2026-08-10,M,mens-bestsellers,19,ALO Vapor Muscle Tank - White,BRA/TANK,SS,Men:Tops:Tanks,58.0,,False,1,https://cdn.shopify.com/s/files/1/2185/2813/files/M2073R_00_b2_s1_a1_dSU26_m275.png?v=1778519442,m2073r-alo-vapor-muscle-tank-white,b:1:Best Seller;BuilderDropzoneStyle:VAPR;BVCategory:Men;ChinaCatalog;Color:White:Color;ColorGroup:White;Content:Builder;FA25MBridge-family;Fabric:ALO Vapor;Filter:DisplaySize:3:Small;Filter:DisplaySi
2026-08-10,M,mens-bestsellers,20,"7"" Repetition Short - Black",SHORTS/SKIRT,SS,Men:Bottoms:Shorts,78.0,,False,1,https://cdn.shopify.com/s/files/1/2185/2813/files/M6154R_01_b1_s1_a1_1_m203.jpg?v=1734054413,m6154r-7-repetition-short-black,b:1:Best Seller;BVCategory:Men;ChinaCatalog;Color:Black:Color;ColorGroup:Black;FA24;FA24Drops-family;Filter:DisplaySize:3:Small;Filter:DisplaySize:4:Medium;Filter:DisplaySize:5:Large;Filter:DisplaySiz
2026-08-10,M,mens-bestsellers,21,Sports Club Sweater Knit Polo - Ivory,FLEECE/KNIT,FW,Men:Tops:Short Sleeves,168.0,,False,1,https://cdn.shopify.com/s/files/1/2185/2813/files/M1250R_03299_b1_s1_a1_m243.jpg?v=1747108191,m1250r-sports-club-sweater-knit-polo-ivory,b:1:Best Seller;BVCategory:Men;ChinaCatalog;Color:Ivory:Color;ColorGroup:White;Computed:UnderInventoryThreshold:5:for:S;Filter:DisplaySize:4:Medium;Filter:DisplaySize:5:Large;Filter:DisplaySize:6:XL -
2026-08-10,M,mens-bestsellers,22,"7"" Sports Club Sweater Knit Short - Ivory",FLEECE/KNIT,FW,Men:Bottoms:Shorts,168.0,,False,1,https://cdn.shopify.com/s/files/1/2185/2813/files/M6171R_03299_b1_s1_a1_m243.jpg?v=1747108210,m6171r-7-sports-club-sweater-knit-short-ivory,b:1:Best Seller;BVCategory:Men;ChinaCatalog;Color:Ivory:Color;ColorGroup:White;Filter:DisplaySize:3:Small;Filter:DisplaySize:4:Medium;Filter:DisplaySize:5:Large;Filter:DisplaySize:6:XL - 2XL;Filter:Si
2026-08-10,M,mens-bestsellers,23,Accolade Hoodie - Navy,FLEECE/KNIT,FW,Men:Outerwear:Coverups:Hoodies,148.0,,False,1,https://cdn.shopify.com/s/files/1/2185/2813/files/U3032RG_03842_b1_s1_a1_1_m221.jpg?v=1765586441,u3032rg-accolade-hoodie-navy-mens,AccoladeBoostBury;b:1:Best Seller;BR:unisex;BVCategory:Men;Color:Navy:Color;ColorGroup:Blue;ColorwayType:Limited;EcomVideo-Ikce;Filter:DisplaySize:1:XXS - XS;Filter:DisplaySize:3:Small;Filter:DisplayS
2026-08-10,M,mens-bestsellers,24,Accolade Sweatpant - Navy,BOTTOM-WARM,FW,Men:Bottoms:Sweatpants,138.0,,False,1,https://cdn.shopify.com/s/files/1/2185/2813/files/U5013RG_03842_b1_s3_a1_m221.jpg?v=1765586937,u5013rg-accolade-sweatpant-navy-mens,AccoladeBoostBury;b:1:Best Seller;BR:unisex;BVCategory:Men;ChinaCatalog;Color:Navy:Color;ColorGroup:Blue;ColorwayType:Limited;Filter:DisplaySize:1:XXS - XS;Filter:DisplaySize:3:Small;Filter:DisplaySiz
2026-08-10,M,mens-bestsellers,25,Conquer 1/4 Zip Reform Long Sleeve - Black,TOP,SEASONLESS,Men:Tops:Long Sleeves,108.0,,False,1,https://cdn.shopify.com/s/files/1/2185/2813/files/M3193R_01_b1_s1_a1_dSP26_m243.jpg?v=1774387522,m3193r-conquer-1-4-zip-reform-long-sleeve-black,b:1:Best Seller;BuilderDropzoneStyle:CNQR;BVCategory:Men;ChinaCatalog;Color:Black:Color;ColorGroup:Black;Content:Builder;FA24MD3-FAMILY;Fabric:Conquer;Filter:DisplaySize:3:Small;Filter:DisplaySize:4:M
2026-08-10,M,mens-bestsellers,26,Conquer Reform Crewneck Short Sleeve - Black,SHORTS/SKIRT,SS,Men:Tops:Short Sleeves,78.0,,False,1,https://cdn.shopify.com/s/files/1/2185/2813/files/M1205R_01_b1_s1_a1_1_m180.jpg?v=1736364701,m1205r-conquer-reform-crewneck-short-sleeve-black,b:1:Best Seller;BuilderDropzoneStyle:CNQR;BVCategory:Men;ChinaCatalog;Color:Black:Color;ColorGroup:Black;Content:Builder;FA24MD3-FAMILY;Fabric:Conquer;Filter:DisplaySize:3:Small;Filter:DisplaySize:4:M
2026-08-10,M,mens-bestsellers,27,Unisex Half-Crew Throwback Sock - White/Black,ACC,SEASONLESS,Accessories:Socks,34.0,,False,1,https://cdn.shopify.com/s/files/1/2185/2813/products/A0480U_0001_b1_a1.jpg?v=1669748933,a0480u-unisex-half-crew-throwback-sock-white-black,b:1:Best Seller;BVCategory:Socks;ChinaCatalog;Color:White:Color;ColorGroup:White;Filter:Size:L;Filter:Size:M;Filter:Size:S;Maintenance:ColorwayProduct;master-accessories-all;master-accessories-men;mas
2026-08-10,M,mens-bestsellers,28,"5"" Circuit Short - Black",SHORTS/SKIRT,SS,Men:Bottoms:Shorts,68.0,,False,1,https://cdn.shopify.com/s/files/1/2185/2813/files/M6158R_01_b2_s1_a1_1_m276.png?v=1778632075,m6158r-5-circuit-short-black,b:1:Best Seller;BVCategory:Men;ChinaCatalog;Color:Black:Color;ColorGroup:Black;FA25Drops-family;FA25MBridge-family;Filter:DisplaySize:3:Small;Filter:DisplaySize:4:Medium;Filter:DisplaySize:5:Large;Fil
2026-08-10,M,mens-bestsellers,29,Double Take Straight Leg Pant - Black,ETC,UNTAGGED,Men:Bottoms:Pants,128.0,,False,1,https://cdn.shopify.com/s/files/1/2185/2813/files/M5259R_01_b1_s1_a1_dSP26_m243.jpg?v=1769503610,m5259r-double-take-straight-leg-pant-black,b:1:Best Seller;BVCategory:Men;ChinaCatalog;Color:Black:Color;ColorGroup:Black;Fabric:Double Take;Filter:DisplaySize:3:Small;Filter:DisplaySize:4:Medium;Filter:DisplaySize:5:Large;Filter:DisplaySize:6
2026-08-10,M,mens-bestsellers,30,Conquer 1/4 Zip Reform Long Sleeve - Navy,TOP,SEASONLESS,Men:Tops:Long Sleeves,108.0,,False,1,https://cdn.shopify.com/s/files/1/2185/2813/files/M3193R_03842_b1_s1_a1_m263.jpg?v=1762563261,m3193r-conquer-1-4-zip-reform-long-sleeve-navy,b:1:Best Seller;BuilderDropzoneStyle:CNQR;BVCategory:Men;ChinaCatalog;Color:Navy:Color;ColorGroup:Blue;Content:Builder;FA24MD1-family;Fabric:Conquer;Filter:DisplaySize:3:Small;Filter:DisplaySize:4:Med
2026-08-10,M,mens-bestsellers,31,"7"" Repetition Short - Navy",SHORTS/SKIRT,SS,Men:Bottoms:Shorts,78.0,,False,1,https://cdn.shopify.com/s/files/1/2185/2813/files/M6154R_03842_b2_s1_a1_dSU26_m257.jpg?v=1777661145,m6154r-7-repetition-short-navy,b:1:Best Seller;BVCategory:Men;ChinaCatalog;Color:Navy:Color;ColorGroup:Blue;FA24;FA24Drops-family;Filter:DisplaySize:3:Small;Filter:DisplaySize:4:Medium;Filter:DisplaySize:5:Large;Filter:DisplaySize:
2026-08-10,M,mens-bestsellers,32,Repetition Pant - Black,ETC,UNTAGGED,Men:Bottoms:Pants,128.0,,False,1,https://cdn.shopify.com/s/files/1/2185/2813/files/M5230R_01_b2_s1_a1_dSU26_m257.jpg?v=1777660630,m5230r-repetition-pant-black,b:1:Back in Stock;b:1:Best Seller;BISCollection;BVCategory:Men;ChinaCatalog;Color:Black:Color;ColorGroup:Black;Filter:DisplaySize:3:Small;Filter:DisplaySize:4:Medium;Filter:DisplaySize:5:Large;Filter:
2026-08-10,M,mens-bestsellers,33,Double Take Hoodie - Black,FLEECE/KNIT,FW,Men:Outerwear:Coverups:Hoodies,128.0,,False,1,https://cdn.shopify.com/s/files/1/2185/2813/files/M3245R_01_b1_s1_a2_dSP26_m214.jpg?v=1774388969,m3245r-double-take-hoodie-black,b:1:Best Seller;BVCategory:Men;ChinaCatalog;Color:Black:Color;ColorGroup:Black;Fabric:Double Take;Filter:DisplaySize:3:Small;Filter:DisplaySize:4:Medium;Filter:DisplaySize:5:Large;Filter:DisplaySize:6
2026-08-10,M,mens-bestsellers,34,Light Weight Takeaway Track Pullover - Dune Grass,FLEECE/KNIT,FW,Men:Outerwear:Coverups:Pullovers,148.0,,False,1,https://cdn.shopify.com/s/files/1/2185/2813/files/M3259R_07947_b2_s1_a3_dSU26_m275.jpg?v=1785183861,m3259r-light-weight-takeaway-track-pullover-dune-grass,b:1:Best Seller;BVCategory:Men;Color:Dune Grass:Color;ColorGroup:Green;ColorwayType:Limited;Filter:DisplaySize:3:Small;Filter:DisplaySize:4:Medium;Filter:DisplaySize:5:Large;Filter:DisplaySize:6:XL - 
2026-08-10,M,mens-bestsellers,35,ALO Vapor Crewneck Short Sleeve - Navy,SHORTS/SKIRT,SS,Men:Tops:Short Sleeves,68.0,,False,1,https://cdn.shopify.com/s/files/1/2185/2813/files/M1228R_03842_b1_s1_a1_m180.jpg?v=1754469666,m1228r-alo-vapor-crewneck-short-sleeve-navy,b:1:Best Seller;BuilderDropzoneStyle:VAPR;BVCategory:Men;ChinaCatalog;Color:Navy:Color;ColorGroup:Blue;ColorwayType:Limited;Content:Builder;FA25MBridge-family;Fabric:ALO Vapor;Filter:DisplaySize:3:Sma
2026-08-10,M,mens-bestsellers,36,Conquer Reform Crewneck Short Sleeve - White,SHORTS/SKIRT,SS,Men:Tops:Short Sleeves,78.0,,False,1,https://cdn.shopify.com/s/files/1/2185/2813/files/M1205R_00_b1_s1_a1_1_m226.jpg?v=1775153685,m1205r-conquer-reform-crewneck-short-sleeve-white,b:1:Best Seller;BuilderDropzoneStyle:CNQR;BVCategory:Men;ChinaCatalog;Color:White:Color;ColorGroup:White;Content:Builder;FA24MD3-FAMILY;Fabric:Conquer;Filter:DisplaySize:3:Small;Filter:DisplaySize:4:M
2026-08-10,M,mens-bestsellers,37,ALO Vapor Crewneck Short Sleeve - Black,SHORTS/SKIRT,SS,Men:Tops:Short Sleeves,68.0,,False,1,https://cdn.shopify.com/s/files/1/2185/2813/files/M1228R_01_b2_s3_a3_dFA25_m245.jpg?v=1776888215,m1228r-alo-vapor-crewneck-short-sleeve-black,b:1:Best Seller;BuilderDropzoneStyle:VAPR;BVCategory:Men;ChinaCatalog;Color:Black:Color;ColorGroup:Black;Content:Builder;FA25MBridge-family;Fabric:ALO Vapor;Filter:DisplaySize:3:Small;Filter:DisplaySi
2026-08-10,M,mens-bestsellers,38,"5"" Circuit Short - Navy",SHORTS/SKIRT,SS,Men:Bottoms:Shorts,68.0,,False,1,https://cdn.shopify.com/s/files/1/2185/2813/files/M6158R_03842_b1_s1_a1_1_m236.jpg?v=1746747607,m6158r-5-circuit-short-navy,b:1:Best Seller;BISCollection;BVCategory:Men;ChinaCatalog;Color:Navy:Color;ColorGroup:Blue;FA25Drops-family;FA25MBridge-family;Filter:DisplaySize:3:Small;Filter:DisplaySize:4:Medium;Filter:DisplaySize
2026-08-10,M,mens-bestsellers,39,Double Take Short Sleeve - White,SHORTS/SKIRT,SS,Men:Tops:Short Sleeves,88.0,,False,1,https://cdn.shopify.com/s/files/1/2185/2813/files/M1224R_05594_b1_s1_a1_m221.jpg?v=1761941985,m1224r-double-take-short-sleeve-white,b:1:Best Seller;bis-paused;BuilderDropzoneStyle:DBLTK;BVCategory:Men;ChinaCatalog;Color:White:Color;ColorGroup:White;Content:Builder;Fabric:Double Take;Filter:DisplaySize:3:Small;Filter:DisplaySize:4:
2026-08-10,M,mens-bestsellers,40,Co-Op Pant (Regular) - Navy,ETC,UNTAGGED,Men:Bottoms:Pants,138.0,,False,1,https://cdn.shopify.com/s/files/1/2185/2813/files/M5144R_03842_b1_s1_a2_m253.jpg?v=1754696433,m5144r-co-op-pant-regular-navy,b:1:Best Seller;BVCategory:Men;ChinaCatalog;Color:Navy:Color;ColorGroup:Blue;FA25Drops-family;FA25MBridge-family;Filter:DisplaySize:3:Small;Filter:DisplaySize:4:Medium;Filter:DisplaySize:5:Large;Filte
2026-08-10,M,mens-bestsellers,41,Conquer Max Mock Neck Full Zip - Black,FLEECE/KNIT,FW,Men:Outerwear:Coverups:Pullovers,138.0,,False,1,https://cdn.shopify.com/s/files/1/2185/2813/files/M3262R_01_b2_s1_a1_dWT25_m214.jpg?v=1776888259,m3262r-conquer-max-mock-neck-full-zip-black,b:1:Best Seller;BuilderDropzoneStyle:CNQR;BVCategory:Men;ChinaCatalog;Color:Black:Color;ColorGroup:Black;Content:Builder;Fabric:Conquer;Filter:DisplaySize:3:Small;Filter:DisplaySize:4:Medium;Filter:Di
2026-08-10,M,mens-bestsellers,42,ALO Vapor Crewneck Short Sleeve - Dune Grass,SHORTS/SKIRT,SS,Men:Tops:Short Sleeves,68.0,,False,1,https://cdn.shopify.com/s/files/1/2185/2813/files/M1228R_07947_b1_s1_a1_dSU26_m214_1.jpg?v=1784539884,m1228r-alo-vapor-crewneck-short-sleeve-dune-grass,b:1:Best Seller;BuilderDropzoneStyle:VAPR;BVCategory:Men;ChinaCatalog;Color:Dune Grass:Color;ColorGroup:Green;ColorwayType:Limited;Content:Builder;Fabric:ALO Vapor;Filter:DisplaySize:3:Small;Filter:Di
2026-08-10,M,mens-bestsellers,43,"7"" Conquer React Performance Short - Black",SHORTS/SKIRT,SS,Men:Bottoms:Shorts,68.0,,False,1,https://cdn.shopify.com/s/files/1/2185/2813/files/M6131R_01_b1_s1_a1_1_m243.jpg?v=1747861552,m6131r-conquer-react-performance-short-black,b:1:Best Seller;BVCategory:Men;ChinaCatalog;Color:Black:Color;ColorGroup:Black;EcomVideo-Shomari;Fabric:Conquer;Filter:DisplaySize:3:Small;Filter:DisplaySize:4:Medium;Filter:DisplaySize:5:Large;Filter
2026-08-10,M,mens-bestsellers,44,Performance Off-Duty Cap - Black/Black,ACC,SEASONLESS,Accessories:Hats:Caps,68.0,,False,1,https://cdn.shopify.com/s/files/1/2185/2813/files/A0543U_0101_b1_s1_a11.jpg?v=1785186051,a0543u-performance-off-duty-cap-black-black,b:1:Best Seller;BIScollection;BVCategory:Accessories;ChinaCatalog;Color:Black:Color;ColorGroup:Black;Maintenance:ColorwayProduct;master-accessories-all;master-man-all;master-woman-all;MBestSeller;Men:
2026-08-10,M,mens-bestsellers,45,"5"" Repetition Short - Black",SHORTS/SKIRT,SS,Men:Bottoms:Shorts,78.0,,False,1,https://cdn.shopify.com/s/files/1/2185/2813/files/M6155R_01_b1_s1_a2_dSU26_m245.jpg?v=1784588238,m6155r-5-repetition-short-black,b:1:Best Seller;BVCategory:Men;ChinaCatalog;Color:Black:Color;ColorGroup:Black;Filter:DisplaySize:3:Small;Filter:DisplaySize:4:Medium;Filter:DisplaySize:5:Large;Filter:DisplaySize:6:XL - 2XL;Filter:Si
2026-08-10,M,mens-bestsellers,46,ALO Vapor Muscle Tank - Dune Grass,BRA/TANK,SS,Men:Tops:Tanks,58.0,,False,1,https://cdn.shopify.com/s/files/1/2185/2813/files/M2073R_07947_b2_s1_a4_dSU26_m214.jpg?v=1785185143,m2073r-alo-vapor-muscle-tank-dune-grass,b:1:Best Seller;BuilderDropzoneStyle:VAPR;BVCategory:Men;ChinaCatalog;Color:Dune Grass:Color;ColorGroup:Green;ColorwayType:Limited;Content:Builder;Fabric:ALO Vapor;Filter:DisplaySize:3:Small;Filter:Di
2026-08-10,M,mens-bestsellers,47,ALO Vapor Crewneck Short Sleeve - White,SHORTS/SKIRT,SS,Men:Tops:Short Sleeves,68.0,,False,1,https://cdn.shopify.com/s/files/1/2185/2813/files/M1228R_00_b2_s1_a1_dSU26_m257.jpg?v=1777661502,m1228r-alo-vapor-crewneck-short-sleeve-white,b:1:Best Seller;BuilderDropzoneStyle:VAPR;BVCategory:Men;ChinaCatalog;Color:White:Color;ColorGroup:White;Content:Builder;FA25MBridge-family;Fabric:ALO Vapor;Filter:DisplaySize:3:Small;Filter:DisplaySi
2026-08-10,M,mens-bestsellers,48,Sports Club Sweater Knit Polo - Espresso,FLEECE/KNIT,FW,Men:Tops:Short Sleeves,168.0,,False,1,https://cdn.shopify.com/s/files/1/2185/2813/files/M1250R_04064_b2_s1_a2_dSU26_m243_a887dbac-04a8-4c72-9120-9fc3432a28e4.jpg?v=1785174463,m1250r-sports-club-sweater-knit-polo-espresso,b:1:Best Seller;BVCategory:Men;ChinaCatalog;Color:Espresso:Color;ColorGroup:Brown;Filter:DisplaySize:3:Small;Filter:DisplaySize:4:Medium;Filter:DisplaySize:5:Large;Filter:DisplaySize:6:XL - 2XL;Filter
2026-08-10,M,mens-bestsellers,49,Takeaway Track Straight Leg Pant - Black,ETC,UNTAGGED,Men:Bottoms:Pants,158.0,,False,1,https://cdn.shopify.com/s/files/1/2185/2813/files/M5265R_01_b2_s1_a1_dSU26_m243.png?v=1778240989,m5265r-takeaway-track-straight-leg-pant-black,b:1:Best Seller;BVCategory:Men;ChinaCatalog;Color:Black:Color;ColorGroup:Black;Filter:DisplaySize:3:Small;Filter:DisplaySize:4:Medium;Filter:DisplaySize:5:Large;Filter:DisplaySize:6:XL - 2XL;Filter:Si
2026-08-10,M,mens-bestsellers,50,Conquer 1/4 Zip Reform Long Sleeve - White,TOP,SEASONLESS,Men:Tops:Long Sleeves,108.0,,False,1,https://cdn.shopify.com/s/files/1/2185/2813/files/M3193R_00_b2_s1_a1_dSU26_m243.png?v=1778519952,m3193r-conquer-1-4-zip-reform-long-sleeve-white,b:1:Best Seller;BuilderDropzoneStyle:CNQR;BVCategory:Men;Color:White:Color;ColorGroup:White;Content:Builder;FA24MD3-FAMILY;Fabric:Conquer;Filter:DisplaySize:3:Small;Filter:DisplaySize:4:Medium;Filter:
2026-08-17,W,bestsellers,1,Alosoft High-Waist Iconic 90's Capri - Black,LEGGING,SEASONLESS,Women:Bottoms:Leggings,98.0,,False,1,https://cdn.shopify.com/s/files/1/2185/2813/files/W51024R_01_b2_s1_a3_dFA25_m259.jpg?v=1786403693,w51024r-alosoft-high-waist-iconic-90s-capri-black,Activity:Train;aloversary20off;B&W;b:1:Best Seller;BISCollection;BuilderDropzoneStyle:ALOSFTRISE;BVCategory:Women;ChinaCatalog;Color:Black:Color;ColorGroup:Black;Content:Builder;EOYSale:Under100;EOYSa
2026-08-17,W,bestsellers,2,Accolade Short - Black,SHORTS/SKIRT,SS,Women:Bottoms:Shorts,78.0,,False,1,https://cdn.shopify.com/s/files/1/2185/2813/files/W6472RG_01_b2_s1_a1_dWT25_m265.jpg?v=1776890407,w6472rg-accolade-short-black,AccoladeBoostBury;b:1:Best Seller;BVCategory:Women;ChinaCatalog;Color:Black:Color;ColorGroup:Black;Filter:DisplaySize:1:XXS - XS;Filter:DisplaySize:3:Small;Filter:DisplaySize:4:Medium;Filter:DisplaySi
2026-08-17,W,bestsellers,3,Match Point Tennis Skirt - Black,SHORTS/SKIRT,SS,Women:Bottoms:Skirts,78.0,,False,1,https://cdn.shopify.com/s/files/1/2185/2813/files/W6240R_01_b2_s1_a2_dSU26_m269.jpg?v=1785182237,w6240r-match-point-tennis-skirt-black,aloversary20off;b:1:Best Seller;BIScollection;blackskirt;BVCategory:Women;ChinaCatalog;Color:Black:Color;ColorGroup:Black;Filter:DisplaySize:1:XXS - XS;Filter:DisplaySize:3:Small;Filter:DisplaySize:4:
2026-08-17,W,bestsellers,4,Splendor Bra - Pink Marshmallow/White,BRA/TANK,SS,Women:Bras,68.0,,False,1,https://cdn.shopify.com/s/files/1/2185/2813/files/W9351RG_08301_b2_s1_a1_dFA26_m191.jpg?v=1786145591,w9351rg-splendor-bra-pink-marshmallow-white,b:1:Best Seller;BVCategory:Women;ChinaCatalog;Color:Pink Marshmallow:Color;ColorGroup:Pink;ColorwayType:Limited;FA26D1-family;FA26Drops-family;Filter:DisplaySize:1:XXS - XS;Filter:DisplaySize:3:Small;
2026-08-17,W,bestsellers,5,Match Point Short - Pink Marshmallow,SHORTS/SKIRT,SS,Women:Bottoms:Shorts,78.0,,False,1,https://cdn.shopify.com/s/files/1/2185/2813/files/W6334R_08196_b2_s1_a3_dFA26_m18.png?v=1786133877,w6334r-match-point-short-pink-marshmallow,b:1:Best Seller;BVCategory:Women;ChinaCatalog;Color:Pink Marshmallow:Color;ColorGroup:Pink;ColorwayType:Limited;FA26-Campaign;FA26D1-family;FA26Drops-family;Filter:DisplaySize:1:XXS - XS;Filter:Displa
2026-08-17,W,bestsellers,6,Suit Up Trouser (Short) - Black,SHORTS/SKIRT,SS,Women:Bottoms:Pants,148.0,,False,1,https://cdn.shopify.com/s/files/1/2185/2813/files/W54428R_01_b1_s1_a1_dSU26_m207_079634e6-40a0-4a87-b84b-fadf9fca4d89.jpg?v=1785172319,w54428r-suit-up-trouser-short-black,b:1:Best Seller;BISCollection;BuilderDropzoneStyle:SUTRSER;BVCategory:Women;ChinaCatalog;Color:Black:Color;ColorGroup:Black;Content:Builder;Filter:DisplaySize:1:XXS - XS;Filter:DisplaySize:3:Small;Fil
2026-08-17,W,bestsellers,7,All Day Short Sleeve - Black,SHORTS/SKIRT,SS,Women:Tops:Short Sleeves,68.0,,False,1,https://cdn.shopify.com/s/files/1/2185/2813/files/W1430R_01_b1_s1_a1_1_m76.jpg?v=1741638123,w1430r-all-day-short-sleeve-black,b:1:Best Seller;BVCategory:Women;Color:Black:Color;ColorGroup:Black;Filter:DisplaySize:1:XXS - XS;Filter:DisplaySize:3:Small;Filter:DisplaySize:4:Medium;Filter:DisplaySize:5:L - XL;Filter:Size:L;Filte
2026-08-17,W,bestsellers,8,Accolade Straight Leg Sweatpant - Black,BOTTOM-WARM,FW,Women:Bottoms:Sweatpants,138.0,,False,1,https://cdn.shopify.com/s/files/1/2185/2813/files/U5012RG_01_b2_s1_a1_dFA26_m18.jpg?v=1786394274,u5012rg-accolade-straight-leg-sweatpant-black,AA25-PDPselects;AccoladeBoostBury;b:1:Best Seller;BR:unisex;builderdropzonestyle:FYFASL;builderdropzonestyle:FYFASWPT;BVCategory:Women;ChinaCatalog;Color:Black:Color;ColorGroup:Black;Content:Builder;F
2026-08-17,W,bestsellers,9,Ribbed En Pointe Tank - Black,BRA/TANK,SS,Women:Tops:Tanks,78.0,,False,1,https://cdn.shopify.com/s/files/1/2185/2813/files/W9777R_01_b1_s1_a2_dFA24_m18.jpg?v=1785176575,w9777r-ribbed-en-pointe-tank-black,b:1:Best Seller;BVCategory:Women;ChinaCatalog;Color:Black:Color;ColorGroup:Black;FA24;FA24D2-family;FA24Drops-family;Fabric:Ribbed;Filter:DisplaySize:1:XXS - XS;Filter:DisplaySize:3:Small;Filter:Displ
2026-08-17,W,bestsellers,10,Alosoft High-Waist 7/8 Highlight Legging - Pink Marshmallow Heather,LEGGING,SEASONLESS,Women:Bottoms:Leggings,108.0,,False,1,https://cdn.shopify.com/s/files/1/2185/2813/files/W51104R_08234_b2_s1_a1_dFA26_m18.jpg?v=1785486526,w51104r-alosoft-high-waist-7-8-highlight-legging-pink-marshmallow-heather,b:1:Best Seller;BuilderDropzoneStyle:ALOSFTRISE;BVCategory:Women;ChinaCatalog;Color:Pink Marshmallow Heather:Color;ColorGroup:Pink;ColorwayType:Limited;Content:Builder;FA26-Campaign;FA26D1-family;FA26
2026-08-17,W,bestsellers,11,Ribbed Prosper Tank - Black,BRA/TANK,SS,Women:Tops:Tanks,78.0,,False,1,https://cdn.shopify.com/s/files/1/2185/2813/files/W2799R_01_b2_s1_a2_dSU26_m269.jpg?v=1785178540,w2799r-ribbed-prosper-tank-black,b:1:Best Seller;BIScollection;BVCategory:Women;ChinaCatalog;Color:Black:Color;ColorGroup:Black;Fabric:Ribbed;Filter:DisplaySize:1:XXS - XS;Filter:DisplaySize:3:Small;Filter:DisplaySize:4:Medium;Filter
2026-08-17,W,bestsellers,12,Unisex Half-Crew Throwback Sock - White/Black,ACC,SEASONLESS,Accessories:Socks,34.0,,False,1,https://cdn.shopify.com/s/files/1/2185/2813/products/A0480U_0001_b1_a1.jpg?v=1669748933,a0480u-unisex-half-crew-throwback-sock-white-black,b:1:Best Seller;BVCategory:Socks;ChinaCatalog;Color:White:Color;ColorGroup:White;Filter:Size:L;Filter:Size:M;Filter:Size:S;Maintenance:ColorwayProduct;master-accessories-all;master-accessories-men;mas
2026-08-17,W,bestsellers,13,Airbrush Heart Throb Bra - Black/White,LEGGING,SS,Women:Bras,88.0,,False,1,https://cdn.shopify.com/s/files/1/2185/2813/files/W9680R_0100_b2_s1_a2_dSU26_m191.jpg?v=1785177524,w9680r-airbrush-heart-throb-bra-black-white,b:1:Best Seller;BIScollection;BuilderDropzoneStyle:AIRBRUSH;BVCategory:Women;ChinaCatalog;Color:Black:Color;ColorGroup:Black;Content:Builder;FA23;FA23D3-family;Filter:DisplaySize:1:XXS - XS;Filter:Dis
2026-08-17,W,bestsellers,14,Accolade Crew Neck Pullover - Pink Marshmallow,FLEECE/KNIT,FW,Women:Outerwear:Coverups:Pullovers,138.0,,False,1,https://cdn.shopify.com/s/files/1/2185/2813/files/U3031RG_08196_b2_s1_a1_dFA26_m18.jpg?v=1785483522,u3031rg-accolade-crew-neck-pullover-pink-marshmallow,AccoladeBoostBury;b:1:Best Seller;builderdropzonestyle:FYFACREW;BVCategory:Women;ChinaCatalog;Color:Pink Marshmallow:Color;ColorGroup:Pink;ColorwayType:Limited;Content:Builder;FA26-Campaign;FA26D1-fam
2026-08-17,W,bestsellers,15,Aspire Tank - Pink Marshmallow/White,BRA/TANK,SS,Women:Tops:Tanks,68.0,,False,1,https://cdn.shopify.com/s/files/1/2185/2813/files/W2675RG_08301_b2_s1_a1_dFA26_m207.jpg?v=1785483649,w2675rg-aspire-tank-pink-marshmallow-white,b:1:Best Seller;BVCategory:Women;ChinaCatalog;Color:Pink Marshmallow:Color;ColorGroup:Pink;ColorwayType:Limited;FA26-Campaign;FA26D1-family;FA26Drops-family;Filter:DisplaySize:1:XXS - XS;Filter:Displa
2026-08-17,W,bestsellers,16,Match Point Short - Espresso,SHORTS/SKIRT,SS,Women:Bottoms:Shorts,78.0,,False,1,https://cdn.shopify.com/s/files/1/2185/2813/files/W6334R_04064_b2_s1_a2_dSU26_m122.jpg?v=1785196629,w6334r-match-point-short-espresso,b:1:Best Seller;BVCategory:Women;ChinaCatalog;Color:Espresso:Color;ColorGroup:Brown;Filter:DisplaySize:1:XXS - XS;Filter:DisplaySize:3:Small;Filter:DisplaySize:4:Medium;Filter:DisplaySize:5:L - XL;Fil
2026-08-17,W,bestsellers,17,Accolade Short - Pink Marshmallow,SHORTS/SKIRT,SS,Women:Bottoms:Shorts,78.0,,False,1,https://cdn.shopify.com/s/files/1/2185/2813/files/W6472RG_08196_b2_s1_a1_dFA26_m18.jpg?v=1785487592,w6472rg-accolade-short-pink-marshmallow,AccoladeBoostBury;b:1:Best Seller;BVCategory:Women;ChinaCatalog;Color:Pink Marshmallow:Color;ColorGroup:Pink;ColorwayType:Limited;FA26-Campaign;FA26D1-family;FA26Drops-family;Filter:DisplaySize:1:XXS 
2026-08-17,W,bestsellers,18,Match Point Short - Black,SHORTS/SKIRT,SS,Women:Bottoms:Shorts,78.0,,False,1,https://cdn.shopify.com/s/files/1/2185/2813/files/W6334R_01_b1_s1_a12_dSP25_m76_95f28c01-4a4b-451c-9a3e-e37f07f91446.jpg?v=1785184161,w6334r-match-point-short-black,b:1:Best Seller;BIScollection;BVCategory:Women;ChinaCatalog;Color:Black:Color;ColorGroup:Black;FA23;FA23D1-family;Filter:DisplaySize:1:XXS - XS;Filter:DisplaySize:3:Small;Filter:DisplaySize:4:Medium;F
2026-08-17,W,bestsellers,19,Ribbed Modal Cap Sleeve Top - Pink Marshmallow,SHORTS/SKIRT,SS,Women:Tops:Short Sleeves,68.0,,False,1,https://cdn.shopify.com/s/files/1/2185/2813/files/W1512R_08196_b1_s1_a2_dFA26_m207.jpg?v=1784875086,w1512r-ribbed-modal-cap-sleeve-top-pink-marshmallow,b:1:Best Seller;BVCategory:Women;ChinaCatalog;Color:Pink Marshmallow:Color;ColorGroup:Pink;ColorwayType:Limited;FA26D1-family;FA26Drops-family;Fabric:Ribbed;Filter:DisplaySize:1:XXS - XS;Filter:Displa
2026-08-17,W,bestsellers,20,All Day Short Sleeve - White,SHORTS/SKIRT,SS,Women:Tops:Short Sleeves,68.0,,False,1,https://cdn.shopify.com/s/files/1/2185/2813/files/W1430R_05594_b2_s1_a1_dSP26_m54.jpg?v=1770052626,w1430r-all-day-short-sleeve-white,b:1:Best Seller;BVCategory:Women;Color:White:Color;ColorGroup:White;Filter:DisplaySize:1:XXS - XS;Filter:DisplaySize:3:Small;Filter:DisplaySize:4:Medium;Filter:DisplaySize:5:L - XL;Filter:Size:L;Filte
2026-08-17,W,bestsellers,21,Alosoft Crop Finesse Short Sleeve - Pink Marshmallow,SHORTS/SKIRT,SS,Women:Tops:Short Sleeves,68.0,,False,1,https://cdn.shopify.com/s/files/1/2185/2813/files/W1406R_08196_b1_s1_a1_dFA26_m241.jpg?v=1786052696,w1406r-alosoft-crop-finesse-short-sleeve-pink-marshmallow,b:1:Best Seller;BuilderDropzoneStyle:ALOSOFT;BVCategory:Women;ChinaCatalog;Color:Pink Marshmallow:Color;ColorGroup:Pink;ColorwayType:Limited;Content:Builder;FA26D1-family;FA26Drops-family;Fabric:Aloso
2026-08-17,W,bestsellers,22,Splendor Bra - Black,BRA/TANK,SS,Women:Bras,68.0,,False,1,https://cdn.shopify.com/s/files/1/2185/2813/files/W9351RG_01_b2_s1_a2_dSU26_m241.jpg?v=1785195434,w9351rg-splendor-bra-black,b:1:Best Seller;BISCollection;BuilderDropzoneStyle:AIRBRUSH;BVCategory:Women;ChinaCatalog;Color:Black:Color;ColorGroup:Black;Content:Builder;Fabric:Airbrush;Filter:DisplaySize:1:XXS - XS;Filter:Displa
2026-08-17,W,bestsellers,23,Match Point Tennis Skirt - Pink Marshmallow,SHORTS/SKIRT,SS,Women:Bottoms:Skirts,78.0,,False,1,https://cdn.shopify.com/s/files/1/2185/2813/files/W6240R_08196_b2_s1_a1_dFA26_m207.jpg?v=1785487494,w6240r-match-point-tennis-skirt-pink-marshmallow,b:1:Best Seller;BVCategory:Women;ChinaCatalog;Color:Pink Marshmallow:Color;ColorGroup:Pink;ColorwayType:Limited;FA26-Campaign;FA26D1-family;FA26Drops-family;Filter:DisplaySize:1:XXS - XS;Filter:Displa
2026-08-17,W,bestsellers,24,Accolade 1/4 Zip Pullover - White Heather,FLEECE/KNIT,FW,Women:Outerwear:Coverups:Pullovers,148.0,,False,1,https://cdn.shopify.com/s/files/1/2185/2813/files/U3040RG_10060_b2_s1_a1_dSU26_m191_5ce88d6d-56a9-42dd-bde1-37a55b7faba1.jpg?v=1783017241,u3040rg-accolade-1-4-zip-pullover-white-heather,AccoladeBoostBury;b:1:Best Seller;BR:unisex;BVCategory:Women;Color:White Heather:Color;ColorGroup:White;ColorwayType:Limited;Filter:DisplaySize:1:XXS - XS;Filter:DisplaySize:3:Small;Filter:DisplaySize
2026-08-17,W,bestsellers,25,Suit Up Trouser (Regular) - Espresso,ETC,UNTAGGED,Women:Bottoms:Pants,148.0,,False,1,https://cdn.shopify.com/s/files/1/2185/2813/files/W51432R_04064_b2_s1_a1_dFA26_m224.jpg?v=1786394191,w51432r-suit-up-trouser-regular-espresso,b:1:Best Seller;BuilderDropzoneStyle:SUTRSER;BVCategory:Women;ChinaCatalog;Color:Espresso:Color;ColorGroup:Brown;Content:Builder;Filter:DisplaySize:1:XXS - XS;Filter:DisplaySize:3:Small;Filter:Display
2026-08-17,W,bestsellers,26,ALO Sunset Sneaker Mule - Gravel,ETC,UNTAGGED,Accessories:Shoes:Mules,225.0,,False,1,https://cdn.shopify.com/s/files/1/2185/2813/files/A1004U_05438_b1_s1_a3_dSU26_3711f573-8e02-4c2c-986c-3d294ad7ffa5.jpg?v=1785187905,a1004u-alo-sunset-sneaker-mule-gravel,b:1:Best Seller;BuilderDropzoneStyle:SSMULE;BVCategory:Footwear;ChinaCatalog;Color:Gravel:Color;ColorGroup:Beige;Content:Builder;Maintenance:ColorwayProduct;master-accessories-all;master-woman-all;MBe
2026-08-17,W,bestsellers,27,90's Claw Clip - White Pearl,ETC,UNTAGGED,Women:Accessories:Hair Management:Hair Ties,38.0,,False,1,https://cdn.shopify.com/s/files/1/2185/2813/files/A0286W_05201_b1_s1_a1_3036804a-e348-4f82-a26c-a3fd8aa67121.jpg?v=1698259388,a0286w-90s-claw-clip-white-pearl,b:1:Best Seller;BVCategory:Accessories;ChinaCatalog;Color:White Pearl:Color;ColorGroup:White;Computed:IsAlmostGone;FA23;FA23D1-family;Maintenance:ColorwayProduct;master-accessories-all;master-woman-al
2026-08-17,W,bestsellers,28,Suit Up Trouser (Short) - Navy,SHORTS/SKIRT,SS,Women:Bottoms:Pants,148.0,,False,1,https://cdn.shopify.com/s/files/1/2185/2813/files/W54428R_03842_b2_s1_a3_dSU25_m191.jpg?v=1785172235,w54428r-suit-up-trouser-short-navy,b:1:Best Seller;BuilderDropzoneStyle:SUTRSER;BVCategory:Women;ChinaCatalog;Color:Navy:Color;ColorGroup:Blue;Content:Builder;Filter:DisplaySize:1:XXS - XS;Filter:DisplaySize:3:Small;Filter:DisplaySize:
2026-08-17,W,bestsellers,29,90's Claw Clip - Pink Marshmallow Shell,ETC,UNTAGGED,Women:Accessories:Hair Management:Hair Ties,38.0,,False,1,https://cdn.shopify.com/s/files/1/2185/2813/files/A0286W_06684_b1_s1_a207_dFA26_0cfc1278-c506-455b-a9c5-b3e2cd15a233.jpg?v=1786146519,a0286w-90s-claw-clip-pink-marshmallow-shell,b:1:Best Seller;BVCategory:Accessories;ChinaCatalog;Color:Pink Marshmallow Shell:Color;ColorGroup:Pink;ColorwayType:Limited;Computed:IsAlmostGone;FA26D1-family;FA26Drops-family;Maintenance:ColorwayPro
2026-08-17,W,bestsellers,30,Alumni Short - Pink Marshmallow,SHORTS/SKIRT,SS,Women:Bottoms:Shorts,78.0,,False,1,https://cdn.shopify.com/s/files/1/2185/2813/files/W6273R_08196_b1_s1_a1_dFA26_m191.jpg?v=1784876918,w6273r-alumni-short-pink-marshmallow,b:1:Best Seller;BVCategory:Women;ChinaCatalog;Color:Pink Marshmallow:Color;ColorGroup:Pink;ColorwayType:Limited;FA26D1-family;FA26Drops-family;Filter:DisplaySize:1:XXS - XS;Filter:DisplaySize:3:Small;
2026-08-17,W,bestsellers,31,Alosoft Center Stage Bra - Pink Marshmallow Heather,BRA/TANK,SS,Women:Bras,68.0,,False,1,https://cdn.shopify.com/s/files/1/2185/2813/files/W9785R_08234_b1_s1_a1_dFA26_m207.jpg?v=1784878198,w9785r-alosoft-center-stage-bra-pink-marshmallow-heather,b:1:Best Seller;BuilderDropzoneStyle:ALOSOFT;BVCategory:Women;ChinaCatalog;Color:Pink Marshmallow Heather:Color;ColorGroup:Pink;ColorwayType:Limited;Content:Builder;FA26D1-family;FA26Drops-family;Fabr
2026-08-17,W,bestsellers,32,Seamless Ribbed Favorite Bra Tank - Black,BRA/TANK,SS,Women:Tops:Tanks,84.0,,False,1,https://cdn.shopify.com/s/files/1/2185/2813/files/W9616R_01_b2_s1_a2_m191.jpg?v=1769645810,w9616r-seamless-ribbed-favorite-bra-tank-black,b:1:Best Seller;BVCategory:Women;ChinaCatalog;Color:Black:Color;ColorGroup:Black;Content:Builder;Fabric:Seamless;Filter:DisplaySize:1:XXS - XS;Filter:DisplaySize:3:Small;Filter:DisplaySize:4:Medium;Fi
2026-08-17,W,bestsellers,33,Unisex Half-Crew Throwback Sock - White/Pink Marshmallow,ACC,SEASONLESS,Accessories:Socks,34.0,,False,1,https://cdn.shopify.com/s/files/1/2185/2813/files/A0480U_08309_b1_s1_a1_dFA26_jpg.jpg?v=1785075120,a0480u-unisex-half-crew-throwback-sock-white-pink-marshmallow,b:1:Best Seller;BVCategory:Socks;ChinaCatalog;Color:White:Color;ColorGroup:Pink;ColorwayType:Limited;FA26D1-family;FA26Drops-family;Filter:Size:L;Filter:Size:M;Filter:Size:S;Maintenance:ColorwayProduc
2026-08-17,W,bestsellers,34,Alosoft Crop Finesse Short Sleeve - Navy,SHORTS/SKIRT,SS,Women:Tops:Short Sleeves,68.0,,False,1,https://cdn.shopify.com/s/files/1/2185/2813/files/W1406R_03842_b2_s1_a2_dSP26_m262.jpg?v=1785195982,w1406r-alosoft-crop-finesse-short-sleeve-navy,b:1:Best Seller;bis-paused;BuilderDropzoneStyle:ALOSOFT;BVCategory:Women;ChinaCatalog;Color:Navy:Color;ColorGroup:Blue;Content:Builder;Fabric:Alosoft;Filter:DisplaySize:1:XXS - XS;Filter:DisplaySize:3
2026-08-17,W,bestsellers,35,Airbrush Better Together Bra - Pink Marshmallow/White,LEGGING,SS,Women:Bras,88.0,,False,1,https://cdn.shopify.com/s/files/1/2185/2813/files/W9918R_08301_b2_s1_a1_dFA26_m207_4d69d56c-765e-4ebb-86d1-4be8535cd8f7.jpg?v=1786146389,w9918r-airbrush-better-together-bra-pink-marshmallow-white,b:1:Best Seller;BuilderDropzoneStyle:AIRBRUSH;BVCategory:Women;ChinaCatalog;Color:Pink Marshmallow:Color;ColorGroup:Pink;ColorwayType:Limited;Content:Builder;FA26-Campaign;FA26D1-family;FA26Drops-fami
2026-08-17,W,bestsellers,36,Accolade Full Zip Hoodie - Athletic Heather Grey,FLEECE/KNIT,FW,Women:Outerwear:Coverups:Hoodies,148.0,,False,1,https://cdn.shopify.com/s/files/1/2185/2813/files/U3041RG_06501_b2_s1_a1_dSU26_m269.png?v=1778516898,u3041rg-accolade-full-zip-hoodie-athletic-heather-grey,AccoladeBoostBury;b:1:Best Seller;BIScollection;BR:unisex;BVCategory:Women;Color:Athletic Grey:Color;ColorGroup:Grey;Filter:DisplaySize:1:XXS - XS;Filter:DisplaySize:3:Small;Filter:DisplaySize:4:Mediu
2026-08-17,W,bestsellers,37,"3"" ALO Softsculpt High-Waist Precision Short - Pink Marshmallow",SHORTS/SKIRT,SS,Women:Bottoms:Shorts,84.0,,False,1,https://cdn.shopify.com/s/files/1/2185/2813/files/W6495R_08196_b2_s1_a1_dFA26_m207.jpg?v=1785487646,w6495r-3-alo-softsculpt-high-waist-precision-short-pink-marshmallow,b:1:Best Seller;BuilderDropzoneStyle:SOFTSCULPT;BVCategory:Women;ChinaCatalog;Color:Pink Marshmallow:Color;ColorGroup:Pink;ColorwayType:Limited;Content:Builder;FA26-Campaign;FA26D1-family;FA26Drops-fa
2026-08-17,W,bestsellers,38,Accolade 1/4 Zip Pullover - Navy,FLEECE/KNIT,FW,Women:Outerwear:Coverups:Pullovers,148.0,,False,1,https://cdn.shopify.com/s/files/1/2185/2813/files/U3040RG_03842_b1_s1_a3_m218.jpg?v=1752690226,u3040rg-accolade-1-4-zip-pullover-navy,AccoladeBoostBury;b:1:Best Seller;BR:unisex;BVCategory:Women;ChinaCatalog;Color:Navy:Color;ColorGroup:Blue;ColorwayType:Limited;Filter:DisplaySize:1:XXS - XS;Filter:DisplaySize:3:Small;Filter:DisplayS
2026-08-17,W,bestsellers,39,Accolade Short - Dune Grass,SHORTS/SKIRT,SS,Women:Bottoms:Shorts,78.0,,False,1,https://cdn.shopify.com/s/files/1/2185/2813/files/W6472RG_07947_b2_s1_a1_dSU26_m18_e92778f2-5d70-46f2-95f0-162759090f6b.jpg?v=1784743734,w6472rg-accolade-short-dune-grass,AccoladeBoostBury;b:1:Best Seller;BVCategory:Women;Color:Dune Grass:Color;ColorGroup:Green;ColorwayType:Limited;Filter:DisplaySize:1:XXS - XS;Filter:DisplaySize:3:Small;Filter:DisplaySize:4:Medium;Fil
2026-08-17,W,bestsellers,40,High-Waist Dreamscape Trouser (Regular) - Black,ACC,SEASONLESS,Women:Bottoms:Pants,148.0,,False,1,https://cdn.shopify.com/s/files/1/2185/2813/files/W54174R_01_b2_s1_a1_dSU26_m143.png?v=1778692005,w54174r-high-waist-dreamscape-trouser-regular-black,b:1:Back in Stock;b:1:Best Seller;BISCollection;BuilderDropzoneStyle:DRMSCPE;BVCategory:Women;ChinaCatalog;Color:Black:Color;ColorGroup:Black;Content:Builder;FA24D2-family;Filter:DisplaySize:1:XXS - X
2026-08-17,W,bestsellers,41,ALO Softsculpt Precision Halter Tank - Pink Marshmallow,BRA/TANK,SS,Women:Tops:Tanks,88.0,,False,1,https://cdn.shopify.com/s/files/1/2185/2813/files/W2851R_08196_b2_s1_a1_dFA26_m207.png?v=1786379222,w2851r-alo-softsculpt-precision-halter-tank-pink-marshmallow,b:1:Best Seller;BuilderDropzoneStyle:SOFTSCULPT;BVCategory:Women;ChinaCatalog;Color:Pink Marshmallow:Color;ColorGroup:Pink;ColorwayType:Limited;Content:Builder;FA26D1-family;FA26Drops-family;Fabric:AL
2026-08-17,W,bestsellers,42,ALO Softsculpt Amp It Up Bra - Satsuma Breeze,BRA/TANK,SS,Women:Bras,78.0,,False,1,https://cdn.shopify.com/s/files/1/2185/2813/files/W9968R_07950_b2_s1_a2_dSU26_m147.jpg?v=1784752391,w9968r-alo-softsculpt-amp-it-up-bra-satsuma-breeze,b:1:Best Seller;BuilderDropzoneStyle:SOFTSCULPT;BVCategory:Women;Color:Satsuma Breeze:Color;ColorGroup:Orange;ColorwayType:Limited;Content:Builder;Fabric:ALO Softsculpt;Filter:DisplaySize:1:XXS - XS;F
2026-08-17,W,bestsellers,43,ALO Softsculpt Amp It Up Bra - Black,BRA/TANK,SS,Women:Bras,78.0,,False,1,https://cdn.shopify.com/s/files/1/2185/2813/files/W9968R_01_b2_s1_a1_dSU26_m269.png?v=1778044824,w9968r-alo-softsculpt-amp-it-up-bra-black,b:1:Best Seller;BuilderDropzoneStyle:SOFTSCULPT;BVCategory:Women;ChinaCatalog;Color:Black:Color;ColorGroup:Black;Content:Builder;Fabric:ALO Softsculpt;Filter:DisplaySize:1:XXS - XS;Filter:DisplaySize:
2026-08-17,W,bestsellers,44,Alosoft Crop Finesse Short Sleeve - Satsuma Breeze,SHORTS/SKIRT,SS,Women:Tops:Short Sleeves,68.0,,False,1,https://cdn.shopify.com/s/files/1/2185/2813/files/W1406R_07950_b2_s1_a1_dSU26_m241.png?v=1784015981,w1406r-alosoft-crop-finesse-short-sleeve-satsuma-breeze,b:1:Best Seller;BuilderDropzoneStyle:ALOSOFT;BVCategory:Women;Color:Satsuma Breeze:Color;ColorGroup:Orange;ColorwayType:Limited;Content:Builder;Fabric:Alosoft;Filter:DisplaySize:1:XXS - XS;Filter:Disp
2026-08-17,W,bestsellers,45,Full Stride Micro Running Short - Pink Marshmallow,SHORTS/SKIRT,SS,Women:Bottoms:Shorts,78.0,,False,1,https://cdn.shopify.com/s/files/1/2185/2813/files/W6627R_08196_b2_s1_a1_dFA26_m18.jpg?v=1785487766,w6627r-full-stride-micro-running-short-pink-marshmallow,b:1:Best Seller;BVCategory:Women;ChinaCatalog;Color:Pink Marshmallow:Color;ColorGroup:Pink;ColorwayType:Limited;FA26-Campaign;FA26D1-family;FA26Drops-family;Filter:DisplaySize:1:XXS - XS;Filter:Displa
2026-08-17,W,bestsellers,46,Performance Off-Duty Cap - Black/Black,ACC,SEASONLESS,Accessories:Hats:Caps,68.0,,False,1,https://cdn.shopify.com/s/files/1/2185/2813/files/A0543U_0101_b1_s1_a11.jpg?v=1785186051,a0543u-performance-off-duty-cap-black-black,b:1:Best Seller;BIScollection;BVCategory:Accessories;ChinaCatalog;Color:Black:Color;ColorGroup:Black;Maintenance:ColorwayProduct;master-accessories-all;master-man-all;master-woman-all;MBestSeller;Men:
2026-08-17,W,bestsellers,47,Power Moves Workout Gloves - Black,ACC,FW,Accessories:Equipment:Premium Equipment,48.0,,False,1,https://cdn.shopify.com/s/files/1/2185/2813/products/A0363U_01_b1_a1.jpg?v=1656708872,a0363u-power-moves-workout-glove-black,b:1:Best Seller;BVCategory:Accessories;ChinaCatalog;Color:Black:Color;ColorGroup:Black;Filter:Size:L;Filter:Size:M;Filter:Size:S;FIS-exclude;HO22D3Toffee-family;HO22Drops-family;Maintenance:ColorwayPr
2026-08-17,W,bestsellers,48,Aspire Tank - Black/White,BRA/TANK,SS,Women:Tops:Tanks,68.0,,False,1,https://cdn.shopify.com/s/files/1/2185/2813/files/W2675RG_06401_b2_s1_a3_m143.jpg?v=1785179036,w2675rg-aspire-tank-black-white,aloversary20off;b:1:Best Seller;bluequartz-family;BuilderDropzoneStyle:ASPRLGBX;BVCategory:Women;ChinaCatalog;Color:Black:Color;ColorGroup:Black;Content:Builder;Filter:DisplaySize:1:XXS - XS;Filter:Di
2026-08-17,W,bestsellers,49,Airbrush Better Together Tennis Skirt - Black/White,LEGGING,SS,Women:Bottoms:Skirts,88.0,,False,1,https://cdn.shopify.com/s/files/1/2185/2813/files/W6557R_0100_b2_s1_a1_dSU25_m191.jpg?v=1785180788,w6557r-airbrush-better-together-tennis-skirt-black-white,b:1:Best Seller;BuilderDropzoneStyle:AIRBRUSH;BVCategory:Women;ChinaCatalog;Color:Black:Color;ColorGroup:Black;Content:Builder;Fabric:Airbrush;Filter:DisplaySize:1:XXS - XS;Filter:DisplaySize:3:Small;
2026-08-17,W,bestsellers,50,Aspire Tank - White/Black,BRA/TANK,SS,Women:Tops:Tanks,68.0,,False,1,https://cdn.shopify.com/s/files/1/2185/2813/files/W2675RG_0001_b2_s1_a2_dFA26_m212_50011a27-c524-4239-bcb1-7d74d88cf2e6.jpg?v=1786593320,w2675rg-aspire-tank-white-black,AA25-PDPselects;aloversary20off;b:1:Best Seller;bis-paused;bluequartz-family;BVCategory:Women;ChinaCatalog;Color:White:Color;ColorGroup:White;Filter:DisplaySize:1:XXS - XS;Filter:DisplaySize:3:Small;F
2026-08-17,M,mens-bestsellers,1,Double Take Long Sleeve 1/4 Zip - Bone,TOP,SEASONLESS,Men:Tops:Long Sleeves,128.0,,False,1,https://cdn.shopify.com/s/files/1/2185/2813/files/M3290R_03040_b2_s1_a1_dFA26_m257.jpg?v=1786550165,m3290r-double-take-long-sleeve-1-4-zip-bone,b:1:Best Seller;BuilderDropzoneStyle:DBLTK;BVCategory:Men;Color:Bone:Color;ColorGroup:Beige;Content:Builder;FA25-Campaign;FA25Drops-family;FA25MD2-family;Fabric:Double Take;Filter:DisplaySize:3:Small;
2026-08-17,M,mens-bestsellers,2,"7"" Double Take Short - Bone",SHORTS/SKIRT,SS,Men:Bottoms:Shorts,88.0,,False,1,https://cdn.shopify.com/s/files/1/2185/2813/files/M6143R_03040_b2_s1_a1_dFA26_m257.jpg?v=1786550116,m6143r-7-double-take-short-bone,b:1:Best Seller;BVCategory:Men;ChinaCatalog;Color:Bone:Color;ColorGroup:Beige;Fabric:Double Take;Filter:DisplaySize:3:Small;Filter:DisplaySize:4:Medium;Filter:DisplaySize:5:Large;Filter:DisplaySize:6:
2026-08-17,M,mens-bestsellers,3,Conquer Reform Crewneck Short Sleeve - Navy,SHORTS/SKIRT,SS,Men:Tops:Short Sleeves,78.0,,False,1,https://cdn.shopify.com/s/files/1/2185/2813/files/M1205R_03842_b2_s1_a1_1_m214.jpg?v=1761533071,m1205r-conquer-reform-crewneck-short-sleeve-navy,b:1:Best Seller;BuilderDropzoneStyle:CNQR;BVCategory:Men;ChinaCatalog;Color:Navy:Color;ColorGroup:Blue;Content:Builder;FA24MD1-family;Fabric:Conquer;Filter:DisplaySize:3:Small;Filter:DisplaySize:4:Med
2026-08-17,M,mens-bestsellers,4,"7"" Repetition Short - Navy",SHORTS/SKIRT,SS,Men:Bottoms:Shorts,78.0,,False,1,https://cdn.shopify.com/s/files/1/2185/2813/files/M6154R_03842_b2_s1_a1_dSU26_m257.jpg?v=1777661145,m6154r-7-repetition-short-navy,b:1:Best Seller;BVCategory:Men;ChinaCatalog;Color:Navy:Color;ColorGroup:Blue;FA24;FA24Drops-family;Filter:DisplaySize:3:Small;Filter:DisplaySize:4:Medium;Filter:DisplaySize:5:Large;Filter:DisplaySize:
2026-08-17,M,mens-bestsellers,5,Light Weight Takeaway Track Pullover - Black,FLEECE/KNIT,FW,Men:Outerwear:Coverups:Pullovers,148.0,,False,1,https://cdn.shopify.com/s/files/1/2185/2813/files/M3259R_01_b2_s1_a1_dSU26_m275.png?v=1778520221,m3259r-light-weight-takeaway-track-pullover-black,b:1:Best Seller;BISCollection;BVCategory:Men;Color:Black:Color;ColorGroup:Black;EcomVideo-Dale;Filter:DisplaySize:3:Small;Filter:DisplaySize:4:Medium;Filter:DisplaySize:5:Large;Filter:DisplaySize:6:XL
2026-08-17,M,mens-bestsellers,6,"5"" Circuit Short - Black",SHORTS/SKIRT,SS,Men:Bottoms:Shorts,68.0,,False,1,https://cdn.shopify.com/s/files/1/2185/2813/files/M6158R_01_b2_s1_a1_1_m276.png?v=1778632075,m6158r-5-circuit-short-black,b:1:Best Seller;BVCategory:Men;ChinaCatalog;Color:Black:Color;ColorGroup:Black;FA25Drops-family;FA25MBridge-family;Filter:DisplaySize:3:Small;Filter:DisplaySize:4:Medium;Filter:DisplaySize:5:Large;Fil
2026-08-17,M,mens-bestsellers,7,Coastline Knit Short Sleeve Polo - Gravel,SHORTS/SKIRT,SS,Men:Tops:Short Sleeves,128.0,,False,1,https://cdn.shopify.com/s/files/1/2185/2813/files/M1275R_05438_b2_s1_a2_dSU26_m243.jpg?v=1784667366,m1275r-coastline-knit-short-sleeve-polo-gravel,b:1:Best Seller;BVCategory:Men;ChinaCatalog;Color:Gravel:Color;ColorGroup:Beige;Computed:UnderInventoryThreshold:5:for:S;Filter:DisplaySize:4:Medium;Filter:DisplaySize:5:Large;Filter:DisplaySize:6:XL 
2026-08-17,M,mens-bestsellers,8,"7"" Coastline Knit Short - Gravel",SHORTS/SKIRT,SS,Men:Bottoms:Shorts,138.0,,False,1,https://cdn.shopify.com/s/files/1/2185/2813/files/M6196R_05438_b2_s1_a2_dSU26_m243.jpg?v=1785184773,m6196r-7-coastline-knit-short-gravel,b:1:Best Seller;BVCategory:Men;ChinaCatalog;Color:Gravel:Color;ColorGroup:Beige;Filter:DisplaySize:3:Small;Filter:DisplaySize:4:Medium;Filter:DisplaySize:5:Large;Filter:DisplaySize:6:XL - 2XL;Filter:S
2026-08-17,M,mens-bestsellers,9,Street Essential Tee - Dune Grass,SHORTS/SKIRT,SS,Men:Tops:Short Sleeves,68.0,,False,1,https://cdn.shopify.com/s/files/1/2185/2813/files/M1258R_07947_b2_s1_a3_dSU26_m243.jpg?v=1784668998,m1258r-street-essential-tee-dune-grass,b:1:Best Seller;builderdropzonestyle:ESNTL;BVCategory:Men;ChinaCatalog;Color:Dune Grass:Color;ColorGroup:Green;ColorwayType:Limited;Content:Builder;Filter:DisplaySize:3:Small;Filter:DisplaySize:4:Medi
2026-08-17,M,mens-bestsellers,10,Takeaway Track Straight Leg Pant - Bone,ETC,UNTAGGED,Men:Bottoms:Pants,158.0,,False,1,https://cdn.shopify.com/s/files/1/2185/2813/files/M5265R_03040_b2_s1_a4_dFA26_m243.jpg?v=1786547066,m5265r-takeaway-track-straight-leg-pant-bone,b:1:Best Seller;BVCategory:Men;ChinaCatalog;Color:Bone:Color;ColorGroup:Beige;Filter:DisplaySize:3:Small;Filter:DisplaySize:4:Medium;Filter:DisplaySize:5:Large;Filter:DisplaySize:6:XL - 2XL;Filter:Siz
2026-08-17,M,mens-bestsellers,11,ALO Vapor Crewneck Short Sleeve - Black,SHORTS/SKIRT,SS,Men:Tops:Short Sleeves,68.0,,False,1,https://cdn.shopify.com/s/files/1/2185/2813/files/M1228R_01_b2_s3_a3_dFA25_m245.jpg?v=1776888215,m1228r-alo-vapor-crewneck-short-sleeve-black,b:1:Best Seller;BuilderDropzoneStyle:VAPR;BVCategory:Men;ChinaCatalog;Color:Black:Color;ColorGroup:Black;Content:Builder;FA25MBridge-family;Fabric:ALO Vapor;Filter:DisplaySize:3:Small;Filter:DisplaySi
2026-08-17,M,mens-bestsellers,12,"7"" Repetition Short - Black",SHORTS/SKIRT,SS,Men:Bottoms:Shorts,78.0,,False,1,https://cdn.shopify.com/s/files/1/2185/2813/files/M6154R_01_b1_s1_a1_1_m203.jpg?v=1734054413,m6154r-7-repetition-short-black,b:1:Best Seller;BVCategory:Men;ChinaCatalog;Color:Black:Color;ColorGroup:Black;FA24;FA24Drops-family;Filter:DisplaySize:3:Small;Filter:DisplaySize:4:Medium;Filter:DisplaySize:5:Large;Filter:DisplaySiz
2026-08-17,M,mens-bestsellers,13,Double Take Short Sleeve - Espresso,SHORTS/SKIRT,SS,Men:Tops:Short Sleeves,88.0,,False,1,https://cdn.shopify.com/s/files/1/2185/2813/files/M1224R_04064_b1_s1_a3_dSP26_m243.jpg?v=1774385509,m1224r-double-take-short-sleeve-espresso,b:1:Best Seller;BuilderDropzoneStyle:DBLTK;BVCategory:Men;ChinaCatalog;Color:Espresso:Color;ColorGroup:Brown;Content:Builder;Fabric:Double Take;Filter:DisplaySize:3:Small;Filter:DisplaySize:4:Medium;F
2026-08-17,M,mens-bestsellers,14,"7"" Double Take Short - Espresso",SHORTS/SKIRT,SS,Men:Bottoms:Shorts,88.0,,False,1,https://cdn.shopify.com/s/files/1/2185/2813/files/M6143R_04064_b2_s1_a1_dFA26_m245.jpg?v=1786548263,m6143r-7-double-take-short-espresso,b:1:Best Seller;BVCategory:Men;ChinaCatalog;Color:Espresso:Color;ColorGroup:Brown;Fabric:Double Take;Filter:DisplaySize:3:Small;Filter:DisplaySize:4:Medium;Filter:DisplaySize:5:Large;Filter:DisplaySiz
2026-08-17,M,mens-bestsellers,15,ALO Vapor Muscle Tank - Navy,BRA/TANK,SS,Men:Tops:Tanks,58.0,,False,1,https://cdn.shopify.com/s/files/1/2185/2813/files/M2073R_03842_b1_s1_a1_m221.jpg?v=1754471274,m2073r-alo-vapor-muscle-tank-navy,b:1:Best Seller;BuilderDropzoneStyle:VAPR;BVCategory:Men;ChinaCatalog;Color:Navy:Color;ColorGroup:Blue;ColorwayType:Limited;Content:Builder;FA25MBridge-family;Fabric:ALO Vapor;Filter:DisplaySize:3:Sma
2026-08-17,M,mens-bestsellers,16,Co-Op Pant (Regular) - Navy,ETC,UNTAGGED,Men:Bottoms:Pants,138.0,,False,1,https://cdn.shopify.com/s/files/1/2185/2813/files/M5144R_03842_b1_s1_a2_m253.jpg?v=1754696433,m5144r-co-op-pant-regular-navy,b:1:Best Seller;BVCategory:Men;ChinaCatalog;Color:Navy:Color;ColorGroup:Blue;FA25Drops-family;FA25MBridge-family;Filter:DisplaySize:3:Small;Filter:DisplaySize:4:Medium;Filter:DisplaySize:5:Large;Filte
2026-08-17,M,mens-bestsellers,17,Sports Club Sweater Knit Polo - Ivory,FLEECE/KNIT,FW,Men:Tops:Short Sleeves,168.0,,False,1,https://cdn.shopify.com/s/files/1/2185/2813/files/M1250R_03299_b1_s1_a1_m243.jpg?v=1747108191,m1250r-sports-club-sweater-knit-polo-ivory,b:1:Best Seller;BVCategory:Men;ChinaCatalog;Color:Ivory:Color;ColorGroup:White;Computed:UnderInventoryThreshold:5:for:S;Filter:DisplaySize:4:Medium;Filter:DisplaySize:5:Large;Filter:DisplaySize:6:XL -
2026-08-17,M,mens-bestsellers,18,"7"" Sports Club Sweater Knit Short - Ivory",FLEECE/KNIT,FW,Men:Bottoms:Shorts,168.0,,False,1,https://cdn.shopify.com/s/files/1/2185/2813/files/M6171R_03299_b1_s1_a1_m243.jpg?v=1747108210,m6171r-7-sports-club-sweater-knit-short-ivory,b:1:Best Seller;BVCategory:Men;ChinaCatalog;Color:Ivory:Color;ColorGroup:White;Filter:DisplaySize:3:Small;Filter:DisplaySize:4:Medium;Filter:DisplaySize:5:Large;Filter:DisplaySize:6:XL - 2XL;Filter:Si
2026-08-17,M,mens-bestsellers,19,Waffle Lounge Hoodie - Black,FLEECE/KNIT,FW,Men:Outerwear:Coverups:Hoodies,148.0,,False,1,https://cdn.shopify.com/s/files/1/2185/2813/files/M3311R_01_b1_s1_a1_m214.jpg?v=1763551316,m3311r-waffle-lounge-hoodie-black,b:1:Best Seller;BVCategory:Men;ChinaCatalog;Color:Black:Color;ColorGroup:Black;Fabric:Waffle;Filter:DisplaySize:3:Small;Filter:DisplaySize:4:Medium;Filter:DisplaySize:5:Large;Filter:DisplaySize:6:XL -
2026-08-17,M,mens-bestsellers,20,"7"" Waffle Lounge Short - Black",SHORTS/SKIRT,SS,Men:Bottoms:Shorts,98.0,,False,1,https://cdn.shopify.com/s/files/1/2185/2813/files/M6187R_01_b2_s1_a1_dSP26_m243.jpg?v=1769500470,m6187r-7-waffle-lounge-short-black,b:1:Best Seller;BVCategory:Men;ChinaCatalog;Color:Black:Color;ColorGroup:Black;Fabric:Waffle;Filter:DisplaySize:3:Small;Filter:DisplaySize:4:Medium;Filter:DisplaySize:5:Large;Filter:DisplaySize:6:XL -
2026-08-17,M,mens-bestsellers,21,Conquer Muscle Tank - Black,BRA/TANK,SS,Men:Tops:Tanks,68.0,,False,1,https://cdn.shopify.com/s/files/1/2185/2813/files/M2066R_01_b1_s1_a5_dSP26_m243.jpg?v=1774385765,m2066r-conquer-muscle-tank-black,b:1:Best Seller;BuilderDropzoneStyle:CNQR;BVCategory:Men;ChinaCatalog;Color:Black:Color;ColorGroup:Black;Content:Builder;FA23;FA23-ConquerTank;Fabric:Conquer;Filter:DisplaySize:3:Small;Filter:DisplayS
2026-08-17,M,mens-bestsellers,22,"5"" Adapt Running Short - Black",SHORTS/SKIRT,SS,Men:Bottoms:Shorts,78.0,,False,1,https://cdn.shopify.com/s/files/1/2185/2813/files/M6141R_01_b1_s1_a1_dSP26_m243.jpg?v=1774389938,m6097r-5-adapt-running-short-black,alobluemen-family;aloversary20off;b:1:Best Seller;BVCategory:Men;ChinaCatalog;Color:Black:Color;ColorGroup:Black;EcomVideo-Shomari;Filter:DisplaySize:3:Small;Filter:DisplaySize:4:Medium;Filter:Display
2026-08-17,M,mens-bestsellers,23,Conquer Reform Crewneck Short Sleeve - Bone,SHORTS/SKIRT,SS,Men:Tops:Short Sleeves,78.0,,False,1,https://cdn.shopify.com/s/files/1/2185/2813/files/M1205R_03040_b2_s1_a1_dSU26_m257.jpg?v=1777661378,m1205r-conquer-reform-crewneck-short-sleeve-bone,b:1:Best Seller;BuilderDropzoneStyle:CNQR;BVCategory:Men;ChinaCatalog;Color:Bone:Color;ColorGroup:Beige;Content:Builder;Fabric:Conquer;Filter:DisplaySize:3:Small;Filter:DisplaySize:4:Medium;Filter:Dis
2026-08-17,M,mens-bestsellers,24,"7"" Conquer React Performance Short - Bone",SHORTS/SKIRT,SS,Men:Bottoms:Shorts,68.0,,False,1,https://cdn.shopify.com/s/files/1/2185/2813/files/M6131R_03040_b2_s1_a1_1_m252.jpg?v=1760365331,m6131r-conquer-react-performance-short-bone,b:1:Best Seller;BVCategory:Men;ChinaCatalog;Color:Bone:Color;ColorGroup:Beige;EcomVideo-Shomari;Fabric:Conquer;Filter:DisplaySize:3:Small;Filter:DisplaySize:4:Medium;Filter:DisplaySize:5:Large;Filter:
2026-08-17,M,mens-bestsellers,25,Unisex Half-Crew Throwback Sock - White/Pink Marshmallow,ACC,SEASONLESS,Accessories:Socks,34.0,,False,1,https://cdn.shopify.com/s/files/1/2185/2813/files/A0480U_08309_b1_s1_a1_dFA26_jpg.jpg?v=1785075120,a0480u-unisex-half-crew-throwback-sock-white-pink-marshmallow,b:1:Best Seller;BVCategory:Socks;ChinaCatalog;Color:White:Color;ColorGroup:Pink;ColorwayType:Limited;FA26D1-family;FA26Drops-family;Filter:Size:L;Filter:Size:M;Filter:Size:S;Maintenance:ColorwayProduc
2026-08-17,M,mens-bestsellers,26,Conquer Reform Crewneck Short Sleeve - Black,SHORTS/SKIRT,SS,Men:Tops:Short Sleeves,78.0,,False,1,https://cdn.shopify.com/s/files/1/2185/2813/files/M1205R_01_b1_s1_a1_1_m180.jpg?v=1736364701,m1205r-conquer-reform-crewneck-short-sleeve-black,b:1:Best Seller;BuilderDropzoneStyle:CNQR;BVCategory:Men;ChinaCatalog;Color:Black:Color;ColorGroup:Black;Content:Builder;FA24MD3-FAMILY;Fabric:Conquer;Filter:DisplaySize:3:Small;Filter:DisplaySize:4:M
2026-08-17,M,mens-bestsellers,27,Double Take Short Sleeve - Black,SHORTS/SKIRT,SS,Men:Tops:Short Sleeves,88.0,,False,1,https://cdn.shopify.com/s/files/1/2185/2813/files/M1224R_01_b2_s1_a2_dFA26_m257.jpg?v=1786551040,m1224r-double-take-short-sleeve-black,b:1:Best Seller;BuilderDropzoneStyle:DBLTK;BVCategory:Men;ChinaCatalog;Color:Black:Color;ColorGroup:Black;Content:Builder;Fabric:Double Take;Filter:DisplaySize:3:Small;Filter:DisplaySize:4:Medium;Filt
2026-08-17,M,mens-bestsellers,28,Double Take Straight Leg Pant - Black,ETC,UNTAGGED,Men:Bottoms:Pants,128.0,,False,1,https://cdn.shopify.com/s/files/1/2185/2813/files/M5259R_01_b1_s1_a1_dSP26_m243.jpg?v=1769503610,m5259r-double-take-straight-leg-pant-black,b:1:Best Seller;BVCategory:Men;ChinaCatalog;Color:Black:Color;ColorGroup:Black;Fabric:Double Take;Filter:DisplaySize:3:Small;Filter:DisplaySize:4:Medium;Filter:DisplaySize:5:Large;Filter:DisplaySize:6
2026-08-17,M,mens-bestsellers,29,Conquer 1/4 Zip Reform Long Sleeve - Black,TOP,SEASONLESS,Men:Tops:Long Sleeves,108.0,,False,1,https://cdn.shopify.com/s/files/1/2185/2813/files/M3193R_01_b1_s1_a1_dSP26_m243.jpg?v=1774387522,m3193r-conquer-1-4-zip-reform-long-sleeve-black,b:1:Best Seller;BuilderDropzoneStyle:CNQR;BVCategory:Men;ChinaCatalog;Color:Black:Color;ColorGroup:Black;Content:Builder;FA24MD3-FAMILY;Fabric:Conquer;Filter:DisplaySize:3:Small;Filter:DisplaySize:4:M
2026-08-17,M,mens-bestsellers,30,Conquer 1/4 Zip Reform Long Sleeve - Navy,TOP,SEASONLESS,Men:Tops:Long Sleeves,108.0,,False,1,https://cdn.shopify.com/s/files/1/2185/2813/files/M3193R_03842_b1_s1_a1_m263.jpg?v=1762563261,m3193r-conquer-1-4-zip-reform-long-sleeve-navy,b:1:Best Seller;BuilderDropzoneStyle:CNQR;BVCategory:Men;ChinaCatalog;Color:Navy:Color;ColorGroup:Blue;Content:Builder;FA24MD1-family;Fabric:Conquer;Filter:DisplaySize:3:Small;Filter:DisplaySize:4:Med
2026-08-17,M,mens-bestsellers,31,ALO Vapor Crewneck Short Sleeve - Navy,SHORTS/SKIRT,SS,Men:Tops:Short Sleeves,68.0,,False,1,https://cdn.shopify.com/s/files/1/2185/2813/files/M1228R_03842_b1_s1_a1_m180.jpg?v=1754469666,m1228r-alo-vapor-crewneck-short-sleeve-navy,b:1:Best Seller;BuilderDropzoneStyle:VAPR;BVCategory:Men;ChinaCatalog;Color:Navy:Color;ColorGroup:Blue;ColorwayType:Limited;Content:Builder;FA25MBridge-family;Fabric:ALO Vapor;Filter:DisplaySize:3:Sma
2026-08-17,M,mens-bestsellers,32,Double Take Short Sleeve - Bone,SHORTS/SKIRT,SS,Men:Tops:Short Sleeves,88.0,,False,1,https://cdn.shopify.com/s/files/1/2185/2813/files/M1224R_03040_b1_s1_a2_dSU25_m243.jpg?v=1785384438,m1224r-double-take-short-sleeve-bone,b:1:Best Seller;BuilderDropzoneStyle:DBLTK;BVCategory:Men;ChinaCatalog;Color:Bone:Color;ColorGroup:Beige;Content:Builder;Fabric:Double Take;Filter:DisplaySize:3:Small;Filter:DisplaySize:4:Medium;Filte
2026-08-17,M,mens-bestsellers,33,"7"" Repetition Short - Gravel",SHORTS/SKIRT,SS,Men:Bottoms:Shorts,78.0,,False,1,https://cdn.shopify.com/s/files/1/2185/2813/files/M6154R_05438_b2_s1_a1_dSU26_m243.png?v=1778517531,m6154r-7-repetition-short-gravel,b:1:Best Seller;BISCollection;BVCategory:Men;ChinaCatalog;Color:Gravel:Color;ColorGroup:Beige;FA24;FA24Drops-family;Filter:DisplaySize:3:Small;Filter:DisplaySize:4:Medium;Filter:DisplaySize:5:Large;Fi
2026-08-17,M,mens-bestsellers,34,Conquer Reform Crewneck Short Sleeve - White,SHORTS/SKIRT,SS,Men:Tops:Short Sleeves,78.0,,False,1,https://cdn.shopify.com/s/files/1/2185/2813/files/M1205R_00_b2_s1_a1_dFA26_m257.jpg?v=1786551475,m1205r-conquer-reform-crewneck-short-sleeve-white,b:1:Best Seller;BuilderDropzoneStyle:CNQR;BVCategory:Men;ChinaCatalog;Color:White:Color;ColorGroup:White;Content:Builder;FA24MD3-FAMILY;Fabric:Conquer;Filter:DisplaySize:3:Small;Filter:DisplaySize:4:M
2026-08-17,M,mens-bestsellers,35,Double Take Short Sleeve - White,SHORTS/SKIRT,SS,Men:Tops:Short Sleeves,88.0,,False,1,https://cdn.shopify.com/s/files/1/2185/2813/files/M1224R_05594_b1_s1_a1_m221.jpg?v=1761941985,m1224r-double-take-short-sleeve-white,b:1:Best Seller;bis-paused;BuilderDropzoneStyle:DBLTK;BVCategory:Men;ChinaCatalog;Color:White:Color;ColorGroup:White;Content:Builder;Fabric:Double Take;Filter:DisplaySize:3:Small;Filter:DisplaySize:4:
2026-08-17,M,mens-bestsellers,36,Co-Op Pant (Regular) - Black,ETC,UNTAGGED,Men:Bottoms:Pants,138.0,,False,1,https://cdn.shopify.com/s/files/1/2185/2813/files/M5144R_01_b1_s1_a2_m243.jpg?v=1775153771,m5144r-co-op-pant-regular-black,b:1:Best Seller;BVCategory:Men;ChinaCatalog;Color:Black:Color;ColorGroup:Black;FA25Drops-family;FA25MBridge-family;Filter:DisplaySize:3:Small;Filter:DisplaySize:4:Medium;Filter:DisplaySize:5:Large;Fil
2026-08-17,M,mens-bestsellers,37,"7"" Conquer React Performance Short - Black",SHORTS/SKIRT,SS,Men:Bottoms:Shorts,68.0,,False,1,https://cdn.shopify.com/s/files/1/2185/2813/files/M6131R_01_b1_s1_a1_1_m243.jpg?v=1747861552,m6131r-conquer-react-performance-short-black,b:1:Best Seller;BVCategory:Men;ChinaCatalog;Color:Black:Color;ColorGroup:Black;EcomVideo-Shomari;Fabric:Conquer;Filter:DisplaySize:3:Small;Filter:DisplaySize:4:Medium;Filter:DisplaySize:5:Large;Filter
2026-08-17,M,mens-bestsellers,38,Double Take Hoodie - Black,FLEECE/KNIT,FW,Men:Outerwear:Coverups:Hoodies,128.0,,False,1,https://cdn.shopify.com/s/files/1/2185/2813/files/M3245R_01_b1_s1_a2_dSP26_m214.jpg?v=1774388969,m3245r-double-take-hoodie-black,b:1:Best Seller;BVCategory:Men;ChinaCatalog;Color:Black:Color;ColorGroup:Black;Fabric:Double Take;Filter:DisplaySize:3:Small;Filter:DisplaySize:4:Medium;Filter:DisplaySize:5:Large;Filter:DisplaySize:6
2026-08-17,M,mens-bestsellers,39,ALO Vapor Crewneck Short Sleeve - White,SHORTS/SKIRT,SS,Men:Tops:Short Sleeves,68.0,,False,1,https://cdn.shopify.com/s/files/1/2185/2813/files/M1228R_00_b2_s1_a1_dSU26_m257.jpg?v=1777661502,m1228r-alo-vapor-crewneck-short-sleeve-white,b:1:Best Seller;BuilderDropzoneStyle:VAPR;BVCategory:Men;ChinaCatalog;Color:White:Color;ColorGroup:White;Content:Builder;FA25MBridge-family;Fabric:ALO Vapor;Filter:DisplaySize:3:Small;Filter:DisplaySi
2026-08-17,M,mens-bestsellers,40,"7"" Conquer React Performance Short - Navy",SHORTS/SKIRT,SS,Men:Bottoms:Shorts,68.0,,False,1,https://cdn.shopify.com/s/files/1/2185/2813/files/M6131R_03842_b2_s1_a1_dSU26_m243.png?v=1778517491,m6131r-conquer-react-performance-short-navy,b:1:Best Seller;BIScollection;BVCategory:Men;ChinaCatalog;Color:Navy:Color;ColorGroup:Blue;ColorwayType:Limited;EcomVideo-Shomari;Fabric:Conquer;Filter:DisplaySize:3:Small;Filter:DisplaySize:4:Medium;
2026-08-17,M,mens-bestsellers,41,Conquer Max Mock Neck Full Zip - Black,FLEECE/KNIT,FW,Men:Outerwear:Coverups:Pullovers,138.0,,False,1,https://cdn.shopify.com/s/files/1/2185/2813/files/M3262R_01_b2_s1_a1_dWT25_m214.jpg?v=1776888259,m3262r-conquer-max-mock-neck-full-zip-black,b:1:Best Seller;BuilderDropzoneStyle:CNQR;BVCategory:Men;ChinaCatalog;Color:Black:Color;ColorGroup:Black;Content:Builder;Fabric:Conquer;Filter:DisplaySize:3:Small;Filter:DisplaySize:4:Medium;Filter:Di
2026-08-17,M,mens-bestsellers,42,"7"" Repetition Short - Anthracite",SHORTS/SKIRT,SS,Men:Bottoms:Shorts,78.0,,False,1,https://cdn.shopify.com/s/files/1/2185/2813/files/M6154R_02125_b2_s1_a1_m208.jpg?v=1767749600,m6154r-7-repetition-short-anthracite,b:1:Best Seller;BVCategory:Men;ChinaCatalog;Color:Anthracite:Color;ColorGroup:Grey;FA24;FA24Drops-family;Filter:DisplaySize:3:Small;Filter:DisplaySize:4:Medium;Filter:DisplaySize:5:Large;Filter:Displa
2026-08-17,M,mens-bestsellers,43,Chill Short - Black,SHORTS/SKIRT,SS,Men:Bottoms:Shorts,78.0,,False,1,https://cdn.shopify.com/s/files/1/2185/2813/files/M6122R_01_b1_s1_a2_dSP26_m214_6bf38e0e-c727-4b06-96df-d5881f65680e.jpg?v=1780513270,m6122r-chill-short-black,b:1:Best Seller;BVCategory:Men;Color:Black:Color;ColorGroup:Black;EcomVideo-Shomari;Filter:DisplaySize:3:Small;Filter:DisplaySize:4:Medium;Filter:DisplaySize:5:Large;Filter:DisplaySize:6:XL - 2XL;Filt
2026-08-17,M,mens-bestsellers,44,"5"" Circuit Short - Navy",SHORTS/SKIRT,SS,Men:Bottoms:Shorts,68.0,,False,1,https://cdn.shopify.com/s/files/1/2185/2813/files/M6158R_03842_b1_s1_a1_1_m236.jpg?v=1746747607,m6158r-5-circuit-short-navy,b:1:Best Seller;BISCollection;BVCategory:Men;ChinaCatalog;Color:Navy:Color;ColorGroup:Blue;FA25Drops-family;FA25MBridge-family;Filter:DisplaySize:3:Small;Filter:DisplaySize:4:Medium;Filter:DisplaySize
2026-08-17,M,mens-bestsellers,45,Conquer Max Mock Neck Full Zip - Navy,FLEECE/KNIT,FW,Men:Outerwear:Coverups:Pullovers,138.0,,False,1,https://cdn.shopify.com/s/files/1/2185/2813/files/M3262R_03842_b1_s1_a001_1_m221.jpg?v=1742097611,m3262r-conquer-max-mock-neck-full-zip-navy,b:1:Best Seller;BuilderDropzoneStyle:CNQR;BVCategory:Men;ChinaCatalog;Color:Navy:Color;ColorGroup:Blue;ColorwayType:Limited;Content:Builder;Fabric:Conquer;Filter:DisplaySize:3:Small;Filter:DisplaySize
2026-08-17,M,mens-bestsellers,46,Repetition Pant - Black,ETC,UNTAGGED,Men:Bottoms:Pants,128.0,,False,1,https://cdn.shopify.com/s/files/1/2185/2813/files/M5230R_01_b2_s1_a1_dSU26_m257.jpg?v=1777660630,m5230r-repetition-pant-black,b:1:Back in Stock;b:1:Best Seller;BISCollection;BVCategory:Men;ChinaCatalog;Color:Black:Color;ColorGroup:Black;Filter:DisplaySize:3:Small;Filter:DisplaySize:4:Medium;Filter:DisplaySize:5:Large;Filter:
2026-08-17,M,mens-bestsellers,47,Street Essential Tee - Gravel,SHORTS/SKIRT,SS,Men:Tops:Short Sleeves,68.0,,False,1,https://cdn.shopify.com/s/files/1/2185/2813/files/M1258R_05438_b2_s1_a4_dSU26_m243_c025e99d-d1e7-4c4a-b487-3c7a8bbef09b.jpg?v=1785173098,m1258r-street-essential-tee-gravel,b:1:Best Seller;builderdropzonestyle:ESNTL;BVCategory:Men;ChinaCatalog;Color:Gravel:Color;ColorGroup:Beige;Content:Builder;Filter:DisplaySize:3:Small;Filter:DisplaySize:4:Medium;Filter:DisplaySize:5:L
2026-08-17,M,mens-bestsellers,48,ALO Vapor Muscle Tank - Black,BRA/TANK,SS,Men:Tops:Tanks,58.0,,False,1,https://cdn.shopify.com/s/files/1/2185/2813/files/M2073R_01_b1_s1_a2_m180.jpg?v=1754471034,m2073r-alo-vapor-muscle-tank-black,b:1:Best Seller;BuilderDropzoneStyle:VAPR;BVCategory:Men;ChinaCatalog;Color:Black:Color;ColorGroup:Black;Content:Builder;FA25MBridge-family;Fabric:ALO Vapor;Filter:DisplaySize:3:Small;Filter:DisplaySi
2026-08-17,M,mens-bestsellers,49,Conquer 1/4 Zip Reform Long Sleeve - White,TOP,SEASONLESS,Men:Tops:Long Sleeves,108.0,,False,1,https://cdn.shopify.com/s/files/1/2185/2813/files/M3193R_00_b2_s1_a1_dSU26_m243.png?v=1778519952,m3193r-conquer-1-4-zip-reform-long-sleeve-white,b:1:Best Seller;BuilderDropzoneStyle:CNQR;BVCategory:Men;Color:White:Color;ColorGroup:White;Content:Builder;FA24MD3-FAMILY;Fabric:Conquer;Filter:DisplaySize:3:Small;Filter:DisplaySize:4:Medium;Filter:
2026-08-17,M,mens-bestsellers,50,ALO Vapor Crewneck Short Sleeve - Dune Grass,SHORTS/SKIRT,SS,Men:Tops:Short Sleeves,68.0,,False,1,https://cdn.shopify.com/s/files/1/2185/2813/files/M1228R_07947_b1_s1_a1_dSU26_m214_1.jpg?v=1784539884,m1228r-alo-vapor-crewneck-short-sleeve-dune-grass,b:1:Best Seller;BuilderDropzoneStyle:VAPR;BVCategory:Men;ChinaCatalog;Color:Dune Grass:Color;ColorGroup:Green;ColorwayType:Limited;Content:Builder;Fabric:ALO Vapor;Filter:DisplaySize:3:Small;Filter:Di
2026-08-24,W,bestsellers,1,Accolade 1/4 Zip Pullover - Athletic Heather Grey,FLEECE/KNIT,FW,Women:Outerwear:Coverups:Pullovers,148.0,,False,1,https://cdn.shopify.com/s/files/1/2185/2813/files/U3040RG_02910_b2_s1_a1_dSU26_m91.jpg?v=1777666153,u3040rg-accolade-1-4-zip-pullover-athletic-heather-grey,AccoladeBoostBury;b:1:Best Seller;BR:unisex;BVCategory:Women;ChinaCatalog;Color:Athletic Grey:Color;ColorGroup:Grey;Filter:DisplaySize:1:XXS - XS;Filter:DisplaySize:3:Small;Filter:DisplaySize:4:Medium
2026-08-24,W,bestsellers,2,Accolade Crew Neck Pullover - Pink Marshmallow,FLEECE/KNIT,FW,Women:Outerwear:Coverups:Pullovers,138.0,,False,1,https://cdn.shopify.com/s/files/1/2185/2813/files/U3031RG_08196_b2_s1_a1_dFA26_m18.jpg?v=1785483522,u3031rg-accolade-crew-neck-pullover-pink-marshmallow,AccoladeBoostBury;b:1:Best Seller;builderdropzonestyle:FYFACREW;BVCategory:Women;ChinaCatalog;Color:Pink Marshmallow:Color;ColorGroup:Pink;ColorwayType:Limited;Content:Builder;FA26-Campaign;FA26D1-fam
2026-08-24,W,bestsellers,3,Accolade Short - Black,SHORTS/SKIRT,SS,Women:Bottoms:Shorts,78.0,,False,1,https://cdn.shopify.com/s/files/1/2185/2813/files/W6472RG_01_b2_s1_a1_dWT25_m265.jpg?v=1776890407,w6472rg-accolade-short-black,AccoladeBoostBury;b:1:Best Seller;BVCategory:Women;ChinaCatalog;Color:Black:Color;ColorGroup:Black;Filter:DisplaySize:1:XXS - XS;Filter:DisplaySize:3:Small;Filter:DisplaySize:4:Medium;Filter:DisplaySi
2026-08-24,W,bestsellers,4,Accolade 1/4 Zip Pullover - White Heather,FLEECE/KNIT,FW,Women:Outerwear:Coverups:Pullovers,148.0,,False,1,https://cdn.shopify.com/s/files/1/2185/2813/files/U3040RG_10060_b2_s1_a1_dSU26_m191_5ce88d6d-56a9-42dd-bde1-37a55b7faba1.jpg?v=1783017241,u3040rg-accolade-1-4-zip-pullover-white-heather,AccoladeBoostBury;b:1:Best Seller;BR:unisex;BVCategory:Women;Color:White Heather:Color;ColorGroup:White;ColorwayType:Limited;Filter:DisplaySize:1:XXS - XS;Filter:DisplaySize:3:Small;Filter:DisplaySize
2026-08-24,W,bestsellers,5,Suit Up Trouser (Long) - Black,ETC,UNTAGGED,Women:Bottoms:Pants,148.0,,False,1,https://cdn.shopify.com/s/files/1/2185/2813/files/W54187R_01_b2_s1_a1_dSP26_m242_6633269e-29a0-424b-8114-5584580ec498.jpg?v=1771882591,w54187r-suit-up-trouser-long-black,b:1:Best Seller;BuilderDropzoneStyle:SUTRSER;BVCategory:Women;ChinaCatalog;Color:Black:Color;ColorGroup:Black;Content:Builder;Filter:DisplaySize:1:XXS - XS;Filter:DisplaySize:3:Small;Filter:DisplaySiz
2026-08-24,W,bestsellers,6,Suit Up Trouser (Regular) - Navy,ETC,UNTAGGED,Women:Bottoms:Pants,148.0,,False,1,https://cdn.shopify.com/s/files/1/2185/2813/files/W51432R_04893_b2_s1_a1_dSU26_m191_67549e4e-dbea-42f2-8352-9973110ace59.jpg?v=1785175031,w51432r-suit-up-trouser-regular-navy,AA25-PDPselects;b:1:Best Seller;BIScollection;BuilderDropzoneStyle:SUTRSER;BVCategory:Women;ChinaCatalog;Color:Navy:Color;ColorGroup:Blue;Content:Builder;Filter:DisplaySize:1:XXS - XS;Filter:DisplaySi
2026-08-24,W,bestsellers,7,Splendor Bra - Pink Marshmallow/White,BRA/TANK,SS,Women:Bras,68.0,,False,1,https://cdn.shopify.com/s/files/1/2185/2813/files/W9351RG_08301_b2_s1_a1_dFA26_m191.jpg?v=1786145591,w9351rg-splendor-bra-pink-marshmallow-white,b:1:Best Seller;BVCategory:Women;ChinaCatalog;Color:Pink Marshmallow:Color;ColorGroup:Pink;ColorwayType:Limited;FA26D1-family;FA26Drops-family;Filter:DisplaySize:1:XXS - XS;Filter:DisplaySize:3:Small;
2026-08-24,W,bestsellers,8,Match Point Tennis Skirt - Pink Marshmallow,SHORTS/SKIRT,SS,Women:Bottoms:Skirts,78.0,,False,1,https://cdn.shopify.com/s/files/1/2185/2813/files/W6240R_08196_b2_s1_a1_dFA26_m207.jpg?v=1785487494,w6240r-match-point-tennis-skirt-pink-marshmallow,b:1:Best Seller;BVCategory:Women;ChinaCatalog;Color:Pink Marshmallow:Color;ColorGroup:Pink;ColorwayType:Limited;FA26-Campaign;FA26D1-family;FA26Drops-family;Filter:DisplaySize:1:XXS - XS;Filter:Displa
2026-08-24,W,bestsellers,9,Accolade Crew Neck Pullover - Dune Grass,FLEECE/KNIT,FW,Women:Outerwear:Coverups:Pullovers,138.0,,False,1,https://cdn.shopify.com/s/files/1/2185/2813/files/U3031RG_07947_b2_s1_a2_dSU26_m18_5feb1358-f947-4843-bd90-9468b5717de5.jpg?v=1785255625,u3031rg-accolade-crew-neck-pullover-dune-grass,AccoladeBoostBury;b:1:Best Seller;BR:unisex;builderdropzonestyle:FYFACREW;BVCategory:Women;Color:Dune Grass:Color;ColorGroup:Green;ColorwayType:Limited;Content:Builder;Filter:DisplaySize:1:XXS - XS;Fi
2026-08-24,W,bestsellers,10,Match Point Short - Espresso,SHORTS/SKIRT,SS,Women:Bottoms:Shorts,78.0,,False,1,https://cdn.shopify.com/s/files/1/2185/2813/files/W6334R_04064_b2_s1_a2_dSU26_m122.jpg?v=1785196629,w6334r-match-point-short-espresso,b:1:Best Seller;BVCategory:Women;ChinaCatalog;Color:Espresso:Color;ColorGroup:Brown;Filter:DisplaySize:1:XXS - XS;Filter:DisplaySize:3:Small;Filter:DisplaySize:4:Medium;Filter:DisplaySize:5:L - XL;Fil
2026-08-24,W,bestsellers,11,Match Point Short - Black,SHORTS/SKIRT,SS,Women:Bottoms:Shorts,78.0,,False,1,https://cdn.shopify.com/s/files/1/2185/2813/files/W6334R_01_b1_s1_a12_dSP25_m76_95f28c01-4a4b-451c-9a3e-e37f07f91446.jpg?v=1785184161,w6334r-match-point-short-black,b:1:Best Seller;BIScollection;BVCategory:Women;ChinaCatalog;Color:Black:Color;ColorGroup:Black;FA23;FA23D1-family;Filter:DisplaySize:1:XXS - XS;Filter:DisplaySize:3:Small;Filter:DisplaySize:4:Medium;F
2026-08-24,W,bestsellers,12,Suit Up Trouser (Regular) - Espresso,ETC,UNTAGGED,Women:Bottoms:Pants,148.0,,False,1,https://cdn.shopify.com/s/files/1/2185/2813/files/W51432R_04064_b2_s1_a1_dFA26_m224.jpg?v=1786394191,w51432r-suit-up-trouser-regular-espresso,b:1:Best Seller;BuilderDropzoneStyle:SUTRSER;BVCategory:Women;ChinaCatalog;Color:Espresso:Color;ColorGroup:Brown;Content:Builder;Filter:DisplaySize:1:XXS - XS;Filter:DisplaySize:3:Small;Filter:Display
2026-08-24,W,bestsellers,13,Aspire Tank - Black/White,BRA/TANK,SS,Women:Tops:Tanks,68.0,,False,1,https://cdn.shopify.com/s/files/1/2185/2813/files/W2675RG_06401_b2_s1_a3_m143.jpg?v=1785179036,w2675rg-aspire-tank-black-white,aloversary20off;b:1:Best Seller;bluequartz-family;BuilderDropzoneStyle:ASPRLGBX;BVCategory:Women;ChinaCatalog;Color:Black:Color;ColorGroup:Black;Content:Builder;Filter:DisplaySize:1:XXS - XS;Filter:Di
2026-08-24,W,bestsellers,14,Seamless Ribbed Favorite Full Length Bra Tank - Black,BRA/TANK,SS,Women:Tops:Tanks,88.0,,False,1,https://cdn.shopify.com/s/files/1/2185/2813/files/W9698R_01_b2_s1_a5_m240_68cdb616-8e07-4d53-9a5b-fc61bffd7538.jpg?v=1753980289,w9698r-seamless-ribbed-favorite-full-length-bra-tank-black,b:1:Best Seller;BIScollection;BVCategory:Women;ChinaCatalog;Color:Black:Color;ColorGroup:Black;FA25D1-family;FA25Drops-family;Fabric:Seamless;Filter:DisplaySize:1:XXS - XS;Filter:DisplaySize:3:Small;F
2026-08-24,W,bestsellers,15,Match Point Tennis Skirt - Black,SHORTS/SKIRT,SS,Women:Bottoms:Skirts,78.0,,False,1,https://cdn.shopify.com/s/files/1/2185/2813/files/W6240R_01_b2_s1_a2_dSU26_m269.jpg?v=1785182237,w6240r-match-point-tennis-skirt-black,aloversary20off;b:1:Best Seller;BIScollection;blackskirt;BVCategory:Women;ChinaCatalog;Color:Black:Color;ColorGroup:Black;Filter:DisplaySize:1:XXS - XS;Filter:DisplaySize:3:Small;Filter:DisplaySize:4:
2026-08-24,W,bestsellers,16,Aspire Tank - Pink Marshmallow/White,BRA/TANK,SS,Women:Tops:Tanks,68.0,,False,1,https://cdn.shopify.com/s/files/1/2185/2813/files/W2675RG_08301_b2_s1_a1_dFA26_m186_6253e4f4-7afb-4e08-838f-de7d82fbf643.jpg?v=1787179519,w2675rg-aspire-tank-pink-marshmallow-white,b:1:Best Seller;BVCategory:Women;ChinaCatalog;Color:Pink Marshmallow:Color;ColorGroup:Pink;ColorwayType:Limited;FA26-Campaign;FA26-Jisoo;FA26D1-family;FA26Drops-family;Filter:DisplaySize:1:XXS - XS;Fi
2026-08-24,W,bestsellers,17,Aspire Tank - White/Black,BRA/TANK,SS,Women:Tops:Tanks,68.0,,False,1,https://cdn.shopify.com/s/files/1/2185/2813/files/W2675RG_0001_b2_s1_a2_dFA26_m212_50011a27-c524-4239-bcb1-7d74d88cf2e6.jpg?v=1786593320,w2675rg-aspire-tank-white-black,AA25-PDPselects;aloversary20off;b:1:Best Seller;bis-paused;bluequartz-family;BVCategory:Women;ChinaCatalog;Color:White:Color;ColorGroup:White;Filter:DisplaySize:1:XXS - XS;Filter:DisplaySize:3:Small;F
2026-08-24,W,bestsellers,18,Airbrush Streamlined Dress - Black/White,LEGGING,SS,Women:One Piece:Dresses,138.0,,False,1,https://cdn.shopify.com/s/files/1/2185/2813/files/W8278R_0100_b2_s1_a2_dSU26_m191_ec2d2497-1f14-4cd4-a4fa-e185050ad093.jpg?v=1786147476,w8278r-airbrush-streamlined-dress-black-white,b:1:Best Seller;BVCategory:Women;ChinaCatalog;Color:Black:Color;ColorGroup:Black;FA25D1-2-Family;Fabric:Airbrush;Filter:DisplaySize:1:XXS - XS;Filter:DisplaySize:3:Small;Filter:DisplaySize:4:Medium;Fi
2026-08-24,W,bestsellers,19,Alosoft Finesse Full Zip Fitted Hoodie - Pink Marshmallow,FLEECE/KNIT,FW,Women:Outerwear:Coverups:Hoodies,128.0,,False,1,https://cdn.shopify.com/s/files/1/2185/2813/files/W31103R_08196_b2_s1_a1_dFA26_m18.jpg?v=1785485989,w31103r-alosoft-finesse-full-zip-fitted-hoodie-pink-marshmallow,b:1:Best Seller;BuilderDropzoneStyle:ALOSOFT;BVCategory:Women;ChinaCatalog;Color:Pink Marshmallow:Color;ColorGroup:Pink;ColorwayType:Limited;Content:Builder;FA26-Campaign;FA26D1-2-family;FA26Drops-fam
2026-08-24,W,bestsellers,20,Accolade Crew Neck Pullover - Black,FLEECE/KNIT,FW,Women:Outerwear:Coverups:Pullovers,138.0,,False,1,https://cdn.shopify.com/s/files/1/2185/2813/files/U3031RG_01_b2_s1_a3_dFA26_m18.jpg?v=1787251114,u3031rg-accolade-crew-neck-pullover-black,AccoladeBoostBury;b:1:Best Seller;BR:unisex;builderdropzonestyle:FYFACREW;BVCategory:Women;ChinaCatalog;Color:Black:Color;ColorGroup:Black;Content:Builder;Filter:DisplaySize:1:XXS - XS;Filter:DisplayS
2026-08-24,W,bestsellers,21,Sway Bootcut Sweatpant - Black,BOTTOM-WARM,FW,Women:Bottoms:Sweatpants,128.0,,False,1,https://cdn.shopify.com/s/files/1/2185/2813/files/W51304R_01_b2_s1_a1_dSP26_m54_404535b2-b316-4cc9-aaca-8d0bca785181.jpg?v=1787009237,w51304r-sway-bootcut-sweatpant-black,b:1:Best Seller;BVCategory:Women;ChinaCatalog;Color:Black:Color;ColorGroup:Black;FA23;FA23D1-family;Filter:DisplaySize:1:XXS - XS;Filter:DisplaySize:3:Small;Filter:DisplaySize:4:Medium;Filter:DisplayS
2026-08-24,W,bestsellers,22,Accolade Short - Pink Marshmallow,SHORTS/SKIRT,SS,Women:Bottoms:Shorts,78.0,,False,1,https://cdn.shopify.com/s/files/1/2185/2813/files/W6472RG_08196_b2_s1_a1_dFA26_m18.jpg?v=1785487592,w6472rg-accolade-short-pink-marshmallow,AccoladeBoostBury;b:1:Best Seller;BVCategory:Women;ChinaCatalog;Color:Pink Marshmallow:Color;ColorGroup:Pink;ColorwayType:Limited;FA26-Campaign;FA26D1-family;FA26Drops-family;Filter:DisplaySize:1:XXS 
2026-08-24,W,bestsellers,23,Ribbed En Pointe Tank - Dune Grass,BRA/TANK,SS,Women:Tops:Tanks,78.0,,False,1,https://cdn.shopify.com/s/files/1/2185/2813/files/W9777R_07947_b1_s1_a1_dSU26_m54_1.jpg?v=1784543551,w9777r-ribbed-en-pointe-tank-dune-grass,b:1:Best Seller;BVCategory:Women;Color:Dune Grass:Color;ColorGroup:Green;ColorwayType:Limited;Fabric:Ribbed;Filter:DisplaySize:1:XXS - XS;Filter:DisplaySize:3:Small;Filter:DisplaySize:4:Medium;Filter:
2026-08-24,W,bestsellers,24,Accolade Full Zip Hoodie - Athletic Heather Grey,FLEECE/KNIT,FW,Women:Outerwear:Coverups:Hoodies,148.0,,False,1,https://cdn.shopify.com/s/files/1/2185/2813/files/U3041RG_02910_b2_s1_a1_dFA26_m186_05278a83-4ae6-477d-a9dd-0efa2a15e743.jpg?v=1787179520,u3041rg-accolade-full-zip-hoodie-athletic-heather-grey,AccoladeBoostBury;b:1:Best Seller;BIScollection;BR:unisex;BVCategory:Women;Color:Athletic Grey:Color;ColorGroup:Grey;FA26-Jisoo;Filter:DisplaySize:1:XXS - XS;Filter:DisplaySize:3:Small;Filter:DisplayS
2026-08-24,W,bestsellers,25,Suit Up Trouser (Long) - Espresso,ETC,UNTAGGED,Women:Bottoms:Pants,148.0,,False,1,https://cdn.shopify.com/s/files/1/2185/2813/files/W54187R_04064_b1_s1_a1_m161.jpg?v=1775151434,w54187r-suit-up-trouser-long-espresso,b:1:Back in Stock;b:1:Best Seller;BISCollection;BuilderDropzoneStyle:SUTRSER;BVCategory:Women;ChinaCatalog;Color:Espresso:Color;ColorGroup:Brown;Content:Builder;Filter:DisplaySize:1:XXS - XS;Filter:Di
2026-08-24,W,bestsellers,26,Pinstripe Daylight Button Down Long Sleeve - Navy/Ivory,TOP,SEASONLESS,Women:Tops:Long Sleeves,138.0,,False,1,https://cdn.shopify.com/s/files/1/2185/2813/files/W3893R_05617_b1_s1_a1_dSU26_m191.jpg?v=1778659162,w3893r-pinstripe-daylight-button-down-long-sleeve-navy-ivory,b:1:Best Seller;BVCategory:Women;ChinaCatalog;Color:Navy:Color;ColorGroup:Blue;ColorwayType:Limited;Filter:DisplaySize:1:XXS - XS;Filter:DisplaySize:3:Small;Filter:DisplaySize:4:Medium;Filter:DisplayS
2026-08-24,W,bestsellers,27,Full Stride Micro Running Short - Pink Marshmallow,SHORTS/SKIRT,SS,Women:Bottoms:Shorts,78.0,,False,1,https://cdn.shopify.com/s/files/1/2185/2813/files/W6627R_08196_b2_s1_a1_dFA26_m18.jpg?v=1785487766,w6627r-full-stride-micro-running-short-pink-marshmallow,b:1:Best Seller;BVCategory:Women;ChinaCatalog;Color:Pink Marshmallow:Color;ColorGroup:Pink;ColorwayType:Limited;FA26-Campaign;FA26D1-family;FA26Drops-family;Filter:DisplaySize:1:XXS - XS;Filter:Displa
2026-08-24,W,bestsellers,28,Accolade Crew Neck Pullover - Espresso,FLEECE/KNIT,FW,Women:Outerwear:Coverups:Pullovers,138.0,,False,1,https://cdn.shopify.com/s/files/1/2185/2813/files/U3031RG_04064_b2_s1_a1_dSU26_m190.jpg?v=1777665950,u3031rg-accolade-crew-neck-pullover-espresso,AA25-PDPselects;AccoladeBoostBury;b:1:Best Seller;BR:unisex;builderdropzonestyle:FYFACREW;BVCategory:Women;ChinaCatalog;Color:Espresso:Color;ColorGroup:Brown;content:builder;FA24D7-family;Filter:Displ
2026-08-24,W,bestsellers,29,"3"" ALO Softsculpt High-Waist Precision Short - Pink Marshmallow",SHORTS/SKIRT,SS,Women:Bottoms:Shorts,84.0,,False,1,https://cdn.shopify.com/s/files/1/2185/2813/files/W6495R_08196_b2_s1_a1_dFA26_m207.jpg?v=1785487646,w6495r-3-alo-softsculpt-high-waist-precision-short-pink-marshmallow,b:1:Best Seller;BuilderDropzoneStyle:SOFTSCULPT;BVCategory:Women;ChinaCatalog;Color:Pink Marshmallow:Color;ColorGroup:Pink;ColorwayType:Limited;Content:Builder;FA26-Campaign;FA26D1-family;FA26Drops-fa
2026-08-24,W,bestsellers,30,ALO Softsculpt 7/8 Define Legging - Black,LEGGING,SEASONLESS,Women:Bottoms:Leggings,134.0,,False,1,https://cdn.shopify.com/s/files/1/2185/2813/files/W54599R_01_b2_s1_a1_dFA26_m287_jpg.png?v=1786031828,w54599r-alo-softsculpt-7-8-define-legging-black,b:1:Best Seller;BuilderDropzoneStyle:DFNLGG;BVCategory:Women;ChinaCatalog;Color:Black:Color;ColorGroup:Black;Content:Builder;delilahlaunch;Fabric:ALO Softsculpt;Filter:DisplaySize:1:XXS - XS;Filter:Di
2026-08-24,W,bestsellers,31,Alosoft High-Waist Iconic 90's Capri - Black,LEGGING,SEASONLESS,Women:Bottoms:Leggings,98.0,,False,1,https://cdn.shopify.com/s/files/1/2185/2813/files/W51024R_01_b2_s1_a3_dFA25_m259.jpg?v=1786403693,w51024r-alosoft-high-waist-iconic-90s-capri-black,Activity:Train;aloversary20off;B&W;b:1:Best Seller;BISCollection;BuilderDropzoneStyle:ALOSFTRISE;BVCategory:Women;ChinaCatalog;Color:Black:Color;ColorGroup:Black;Content:Builder;EOYSale:Under100;EOYSa
2026-08-24,W,bestsellers,32,ALO Sunset Sneaker Mule - Gravel,ETC,UNTAGGED,Accessories:Shoes:Mules,225.0,,False,1,https://cdn.shopify.com/s/files/1/2185/2813/files/A1004U_05438_b1_s1_a3_dSU26_3711f573-8e02-4c2c-986c-3d294ad7ffa5.jpg?v=1785187905,a1004u-alo-sunset-sneaker-mule-gravel,b:1:Best Seller;BuilderDropzoneStyle:SSMULE;BVCategory:Footwear;ChinaCatalog;Color:Gravel:Color;ColorGroup:Beige;Content:Builder;Maintenance:ColorwayProduct;master-accessories-all;master-woman-all;MBe
2026-08-24,W,bestsellers,33,Airbrush Streamlined Dress - Pink Marshmallow/White,LEGGING,SS,Women:One Piece:Dresses,138.0,,False,1,https://cdn.shopify.com/s/files/1/2185/2813/files/W8278R_08301_b1_s1_a1_dFA26_m191.jpg?v=1784877581,w8278r-airbrush-streamlined-dress-pink-marshmallow-white,b:1:Best Seller;BuilderDropzoneStyle:AIRBRUSH;BVCategory:Women;ChinaCatalog;Color:Pink Marshmallow:Color;ColorGroup:Pink;ColorwayType:Limited;Content:Builder;FA26D1-family;FA26Drops-family;Fabric:Airb
2026-08-24,W,bestsellers,34,Sweater Knit Crossover Long Sleeve - Pink Marshmallow,FLEECE/KNIT,FW,Women:Tops:Long Sleeves,98.0,,False,1,https://cdn.shopify.com/s/files/1/2185/2813/files/W31067R_08196_b1_s1_a4_dFA26_m207.jpg?v=1784875847,w31067r-sweater-knit-crossover-long-sleeve-pink-marshmallow,b:1:Best Seller;BVCategory:Women;ChinaCatalog;Color:Pink Marshmallow:Color;ColorGroup:Pink;ColorwayType:Limited;FA26D1-family;FA26Drops-family;Filter:DisplaySize:1:XXS - XS;Filter:DisplaySize:3:Small;
2026-08-24,W,bestsellers,35,ALO Softsculpt Precision Halter Tank - Pink Marshmallow,BRA/TANK,SS,Women:Tops:Tanks,88.0,,False,1,https://cdn.shopify.com/s/files/1/2185/2813/files/W2851R_08196_b2_s1_a1_dFA26_m207.png?v=1786379222,w2851r-alo-softsculpt-precision-halter-tank-pink-marshmallow,b:1:Best Seller;BuilderDropzoneStyle:SOFTSCULPT;BVCategory:Women;ChinaCatalog;Color:Pink Marshmallow:Color;ColorGroup:Pink;ColorwayType:Limited;Content:Builder;FA26D1-family;FA26Drops-family;Fabric:AL
2026-08-24,W,bestsellers,36,Accolade Straight Leg Sweatpant - Navy,BOTTOM-WARM,FW,Women:Bottoms:Sweatpants,138.0,,False,1,https://cdn.shopify.com/s/files/1/2185/2813/files/U5012RG_03842_b2_s1_a1_dSP26_m190.jpg?v=1775110605,u5012rg-accolade-straight-leg-sweatpant-navy,AccoladeBoostBury;b:1:Best Seller;builderdropzonestyle:FYFASL;BVCategory:Women;ChinaCatalog;Color:Navy:Color;ColorGroup:Blue;Content:Builder;Filter:DisplaySize:1:XXS - XS;Filter:DisplaySize:3:Small;Fi
2026-08-24,W,bestsellers,37,ALO Softsculpt Amp It Up Bra - Satsuma Breeze,BRA/TANK,SS,Women:Bras,78.0,,False,1,https://cdn.shopify.com/s/files/1/2185/2813/files/W9968R_07950_b2_s1_a2_dSU26_m147.jpg?v=1784752391,w9968r-alo-softsculpt-amp-it-up-bra-satsuma-breeze,b:1:Best Seller;BuilderDropzoneStyle:SOFTSCULPT;BVCategory:Women;Color:Satsuma Breeze:Color;ColorGroup:Orange;ColorwayType:Limited;Content:Builder;Fabric:ALO Softsculpt;Filter:DisplaySize:1:XXS - XS;F
2026-08-24,W,bestsellers,38,Cotton Real Deal Button Up Long Sleeve - White,TOP,SEASONLESS,Women:Tops:Long Sleeves,118.0,,False,1,https://cdn.shopify.com/s/files/1/2185/2813/files/W3970R_00_b2_s1_a1_dFA26_m264.jpg?v=1786393051,w3970r-cotton-real-deal-button-up-long-sleeve-white,b:1:Back in Stock;b:1:Best Seller;BIScollection;BVCategory:Women;ChinaCatalog;Color:White:Color;ColorGroup:White;FA25-Campaign;FA25D1-family;FA25Drops-family;Filter:DisplaySize:1:XXS - XS;Filter:Displ
2026-08-24,W,bestsellers,39,Accolade Short - Athletic Heather Grey,SHORTS/SKIRT,SS,Women:Bottoms:Shorts,78.0,,False,1,https://cdn.shopify.com/s/files/1/2185/2813/files/W6472RG_02910_b2_s1_a1_dFA26_m285.png?v=1785797997,w6472rg-accolade-short-athletic-heather-grey,AccoladeBoostBury;b:1:Best Seller;bellalaunch;BVCategory:Women;ChinaCatalog;Color:Athletic Grey:Color;ColorGroup:Grey;Filter:DisplaySize:1:XXS - XS;Filter:DisplaySize:3:Small;Filter:DisplaySize:4:Medi
2026-08-24,W,bestsellers,40,ALO Softsculpt Precision Short Sleeve Top - Black,SHORTS/SKIRT,SS,Women:Tops:Short Sleeves,78.0,,False,1,https://cdn.shopify.com/s/files/1/2185/2813/files/W1479R_01_b2_s1_a1_dSU26_m143.jpg?v=1783356090,w1479r-alo-softsculpt-precision-short-sleeve-top-black,b:1:Best Seller;BuilderDropzoneStyle:SOFTSCULPT;BVCategory:Women;ChinaCatalog;Color:Black:Color;ColorGroup:Black;Content:Builder;FA25D1-family;FA25Drops-family;Fabric:ALO Softsculpt;Filter:DisplaySize
2026-08-24,W,bestsellers,41,Alosoft High-Waist 7/8 Highlight Legging - Black,LEGGING,SEASONLESS,Women:Bottoms:Leggings,108.0,,False,1,https://cdn.shopify.com/s/files/1/2185/2813/files/W51104R_01_b1_s1_a1_1_m91.jpg?v=1736468997,w51104r-alosoft-high-waist-7-8-highlight-legging-black,aloversary20off;b:1:Best Seller;BIScollection;BuilderDropzoneStyle:ALOSFTRISE;BVCategory:Women;ChinaCatalog;Color:Black:Color;ColorGroup:Black;Content:Builder;FA21D2-family;Fabric:Alosoft;Filter:Displ
2026-08-24,W,bestsellers,42,Sweater Knit Crossover Long Sleeve - Black,FLEECE/KNIT,FW,Women:Tops:Long Sleeves,98.0,,False,1,https://cdn.shopify.com/s/files/1/2185/2813/files/W31067R_01_b2_s1_a1_dFA26_m18_8c1f5d03-200b-4793-8a1f-6f755872cde0.jpg?v=1786146726,w31067r-sweater-knit-crossover-long-sleeve-black,b:1:Best Seller;BVCategory:Women;ChinaCatalog;Color:Black:Color;ColorGroup:Black;FA26-Campaign;FA26D1-family;FA26Drops-family;Filter:DisplaySize:1:XXS - XS;Filter:DisplaySize:3:Small;Filter:DisplaySiz
2026-08-24,W,bestsellers,43,Cropped 1/4 Zip Alumni Pullover - Pink Marshmallow,FLEECE/KNIT,FW,Women:Outerwear:Coverups:Pullovers,128.0,,False,1,https://cdn.shopify.com/s/files/1/2185/2813/files/W3660R_08196_b1_s1_a1_dFA26_m191.jpg?v=1784875888,w3660r-cropped-1-4-zip-alumni-pullover-pink-marshmallow,b:1:Best Seller;BVCategory:Women;ChinaCatalog;Color:Pink Marshmallow:Color;ColorGroup:Pink;ColorwayType:Limited;FA26-Campaign;FA26D1-family;FA26Drops-family;Filter:DisplaySize:1:XXS - XS;Filter:Displa
2026-08-24,W,bestsellers,44,All Day Short Sleeve - Black,SHORTS/SKIRT,SS,Women:Tops:Short Sleeves,68.0,,False,1,https://cdn.shopify.com/s/files/1/2185/2813/files/W1430R_01_b1_s1_a1_1_m76.jpg?v=1741638123,w1430r-all-day-short-sleeve-black,b:1:Best Seller;BVCategory:Women;Color:Black:Color;ColorGroup:Black;Filter:DisplaySize:1:XXS - XS;Filter:DisplaySize:3:Small;Filter:DisplaySize:4:Medium;Filter:DisplaySize:5:L - XL;Filter:Size:L;Filte
2026-08-24,W,bestsellers,45,Airbrush Better Together Bra - Pink Marshmallow/White,LEGGING,SS,Women:Bras,88.0,,False,1,https://cdn.shopify.com/s/files/1/2185/2813/files/W9918R_08301_b2_s1_a1_dFA26_m207_4d69d56c-765e-4ebb-86d1-4be8535cd8f7.jpg?v=1786146389,w9918r-airbrush-better-together-bra-pink-marshmallow-white,b:1:Best Seller;BuilderDropzoneStyle:AIRBRUSH;BVCategory:Women;ChinaCatalog;Color:Pink Marshmallow:Color;ColorGroup:Pink;ColorwayType:Limited;Content:Builder;FA26-Campaign;FA26D1-family;FA26Drops-fami
2026-08-24,W,bestsellers,46,Airbrush Better Together Bra - Black/White,LEGGING,SS,Women:Bras,88.0,,False,1,https://cdn.shopify.com/s/files/1/2185/2813/files/W9918R_0100_b2_s1_a2_dFA26_m285.png?v=1785797782,w9918r-airbrush-better-together-bra-black-white,b:1:Best Seller;bellalaunch;BISCollection;BuilderDropzoneStyle:AIRBRUSH;BVCategory:Women;ChinaCatalog;Color:Black:Color;ColorGroup:Black;Content:Builder;Fabric:Airbrush;Filter:DisplaySize:1:XXS - XS;F
2026-08-24,W,bestsellers,47,Match Point Short - Navy,SHORTS/SKIRT,SS,Women:Bottoms:Shorts,78.0,,False,1,https://cdn.shopify.com/s/files/1/2185/2813/files/W6344R_03842_b2_s1_a1_dSP26_m54.jpg?v=1782250851,w6334r-match-point-short-navy,b:1:Best Seller;BIScollection;BVCategory:Women;ChinaCatalog;Color:Navy:Color;ColorGroup:Blue;ColorwayType:Limited;Filter:DisplaySize:1:XXS - XS;Filter:DisplaySize:3:Small;Filter:DisplaySize:4:Medium;F
2026-08-24,W,bestsellers,48,Accolade 1/4 Zip Pullover - Black,FLEECE/KNIT,FW,Women:Outerwear:Coverups:Pullovers,148.0,,False,1,https://cdn.shopify.com/s/files/1/2185/2813/files/U3040RG_01_b2_s1_a1_1_m210.jpg?v=1770144016,u3040rg-accolade-1-4-zip-pullover-black,AA25-PDPselects;AccoladeBoostBury;b:1:Best Seller;BISCollection;BR:unisex;BVCategory:Women;Color:Black:Color;ColorGroup:Black;Filter:DisplaySize:1:XXS - XS;Filter:DisplaySize:3:Small;Filter:DisplaySiz
2026-08-24,W,bestsellers,49,Suit Up Trouser (Short) - Black,SHORTS/SKIRT,SS,Women:Bottoms:Pants,148.0,,False,1,https://cdn.shopify.com/s/files/1/2185/2813/files/W54428R_01_b1_s1_a1_dSU26_m207_079634e6-40a0-4a87-b84b-fadf9fca4d89.jpg?v=1785172319,w54428r-suit-up-trouser-short-black,b:1:Best Seller;BISCollection;BuilderDropzoneStyle:SUTRSER;BVCategory:Women;ChinaCatalog;Color:Black:Color;ColorGroup:Black;Content:Builder;Filter:DisplaySize:1:XXS - XS;Filter:DisplaySize:3:Small;Fil
2026-08-24,W,bestsellers,50,Alosoft Intuition Bra - Pink Marshmallow Heather,BRA/TANK,SS,Women:Bras,68.0,,False,1,https://cdn.shopify.com/s/files/1/2185/2813/files/W91032R_08234_b2_s1_a1_dFA26_m212_4a516245-c050-4656-a5e0-19fd85cb25ed.jpg?v=1786593320,w91032r-alosoft-intuition-bra-pink-marshmallow-heather,b:1:Best Seller;BuilderDropzoneStyle:ALOSOFT;BVCategory:Women;ChinaCatalog;Color:Pink Marshmallow Heather:Color;ColorGroup:Pink;ColorwayType:Limited;Content:Builder;FA26-Campaign;FA26D1-1-family;FA26D
2026-08-24,M,mens-bestsellers,1,Double Take Long Sleeve 1/4 Zip - Bone,TOP,SEASONLESS,Men:Tops:Long Sleeves,128.0,,False,1,https://cdn.shopify.com/s/files/1/2185/2813/files/M3290R_03040_b2_s1_a1_dFA26_m257.jpg?v=1786550165,m3290r-double-take-long-sleeve-1-4-zip-bone,b:1:Best Seller;BuilderDropzoneStyle:DBLTK;BVCategory:Men;Color:Bone:Color;ColorGroup:Beige;Content:Builder;FA25-Campaign;FA25Drops-family;FA25MD2-family;Fabric:Double Take;Filter:DisplaySize:3:Small;
2026-08-24,M,mens-bestsellers,2,"7"" Double Take Short - Bone",SHORTS/SKIRT,SS,Men:Bottoms:Shorts,88.0,,False,1,https://cdn.shopify.com/s/files/1/2185/2813/files/M6143R_03040_b2_s1_a1_dFA26_m257.jpg?v=1786550116,m6143r-7-double-take-short-bone,b:1:Best Seller;BVCategory:Men;ChinaCatalog;Color:Bone:Color;ColorGroup:Beige;Fabric:Double Take;Filter:DisplaySize:3:Small;Filter:DisplaySize:4:Medium;Filter:DisplaySize:5:Large;Filter:DisplaySize:6:
2026-08-24,M,mens-bestsellers,3,Conquer Reform Crewneck Short Sleeve - Monument,SHORTS/SKIRT,SS,Men:Tops:Short Sleeves,78.0,,False,1,https://cdn.shopify.com/s/files/1/2185/2813/files/M1205R_03497_b2_s1_a1_dFA26_m245_43581ff1-74d1-42e9-b1c4-71a13b13cf25.jpg?v=1786566911,m1205r-conquer-reform-crewneck-short-sleeve-monument,b:1:Best Seller;BuilderDropzoneStyle:CNQR;BVCategory:Men;ChinaCatalog;Color:Monument:Color;ColorGroup:Grey;ColorwayType:Limited;Content:Builder;FA26Drops-family;FA26MD1-family;Fabric:Conquer;Filter:Di
2026-08-24,M,mens-bestsellers,4,"7"" Repetition Short - Monument",SHORTS/SKIRT,SS,Men:Bottoms:Shorts,78.0,,False,1,https://cdn.shopify.com/s/files/1/2185/2813/files/M6154R_03497_b1_s1_a1_dFA26_m257.jpg?v=1784629796,m6154r-7-repetition-short-monument,b:1:Best Seller;BVCategory:Men;ChinaCatalog;Color:Monument:Color;ColorGroup:Grey;ColorwayType:Limited;FA26Drops-family;FA26MD1-family;Filter:DisplaySize:3:Small;Filter:DisplaySize:4:Medium;Filter:Disp
2026-08-24,M,mens-bestsellers,5,Light Weight Takeaway Track Pullover - Black,FLEECE/KNIT,FW,Men:Outerwear:Coverups:Pullovers,148.0,,False,1,https://cdn.shopify.com/s/files/1/2185/2813/files/M3259R_01_b2_s1_a1_dSU26_m275.png?v=1778520221,m3259r-light-weight-takeaway-track-pullover-black,b:1:Best Seller;BISCollection;BVCategory:Men;Color:Black:Color;ColorGroup:Black;EcomVideo-Dale;Filter:DisplaySize:3:Small;Filter:DisplaySize:4:Medium;Filter:DisplaySize:5:Large;Filter:DisplaySize:6:XL
2026-08-24,M,mens-bestsellers,6,"5"" Circuit Short - Black",SHORTS/SKIRT,SS,Men:Bottoms:Shorts,68.0,,False,1,https://cdn.shopify.com/s/files/1/2185/2813/files/M6158R_01_b2_s1_a1_1_m276.png?v=1778632075,m6158r-5-circuit-short-black,b:1:Best Seller;BVCategory:Men;ChinaCatalog;Color:Black:Color;ColorGroup:Black;FA25Drops-family;FA25MBridge-family;Filter:DisplaySize:3:Small;Filter:DisplaySize:4:Medium;Filter:DisplaySize:5:Large;Fil
2026-08-24,M,mens-bestsellers,7,ALO Vapor Crewneck Short Sleeve - White,SHORTS/SKIRT,SS,Men:Tops:Short Sleeves,68.0,,False,1,https://cdn.shopify.com/s/files/1/2185/2813/files/M1228R_00_b2_s1_a1_dSU26_m257.jpg?v=1777661502,m1228r-alo-vapor-crewneck-short-sleeve-white,b:1:Best Seller;BuilderDropzoneStyle:VAPR;BVCategory:Men;ChinaCatalog;Color:White:Color;ColorGroup:White;Content:Builder;FA25MBridge-family;Fabric:ALO Vapor;Filter:DisplaySize:3:Small;Filter:DisplaySi
2026-08-24,M,mens-bestsellers,8,"7"" Repetition Short - Navy",SHORTS/SKIRT,SS,Men:Bottoms:Shorts,78.0,,False,1,https://cdn.shopify.com/s/files/1/2185/2813/files/M6154R_03842_b2_s1_a1_dSU26_m257.jpg?v=1777661145,m6154r-7-repetition-short-navy,b:1:Best Seller;BVCategory:Men;ChinaCatalog;Color:Navy:Color;ColorGroup:Blue;FA24;FA24Drops-family;Filter:DisplaySize:3:Small;Filter:DisplaySize:4:Medium;Filter:DisplaySize:5:Large;Filter:DisplaySize:
2026-08-24,M,mens-bestsellers,9,Triumph Tee - Black,SHORTS/SKIRT,SS,Men:Tops:Short Sleeves,58.0,,False,1,https://cdn.shopify.com/s/files/1/2185/2813/files/M1257R_01_b1_s1_a4_dSP26_m214.jpg?v=1775244311,m1257r-triumph-tee-black,b:1:Best Seller;BuilderDropzoneStyle:TRMPH;BVCategory:Men;ChinaCatalog;Color:Black:Color;ColorGroup:Black;Content:Builder;FA24;FA24Drops-family;FA24MD6-family;Fabric:Triumph;Filter:DisplaySize:3:Small
2026-08-24,M,mens-bestsellers,10,Chill Short - Black,SHORTS/SKIRT,SS,Men:Bottoms:Shorts,78.0,,False,1,https://cdn.shopify.com/s/files/1/2185/2813/files/M6122R_01_b1_s1_a2_dSP26_m214_6bf38e0e-c727-4b06-96df-d5881f65680e.jpg?v=1780513270,m6122r-chill-short-black,b:1:Best Seller;BVCategory:Men;Color:Black:Color;ColorGroup:Black;EcomVideo-Shomari;Filter:DisplaySize:3:Small;Filter:DisplaySize:4:Medium;Filter:DisplaySize:5:Large;Filter:DisplaySize:6:XL - 2XL;Filt
2026-08-24,M,mens-bestsellers,11,Double Take Short Sleeve - Monument,SHORTS/SKIRT,SS,Men:Tops:Short Sleeves,88.0,,False,1,https://cdn.shopify.com/s/files/1/2185/2813/files/M1224R_03497_b1_s1_a4_dFA26_m257.jpg?v=1784629143,m1224r-double-take-short-sleeve-monument,b:1:Best Seller;b:3:New;BuilderDropzoneStyle:DBLTK;BVCategory:Men;ChinaCatalog;Color:Monument:Color;ColorGroup:Grey;ColorwayType:Limited;Content:Builder;FA26Drops-family;FA26MD1-family;Fabric:Double T
2026-08-24,M,mens-bestsellers,12,Double Take Straight Leg Pant - Monument,ETC,UNTAGGED,Men:Bottoms:Pants,128.0,,False,1,https://cdn.shopify.com/s/files/1/2185/2813/files/M5259R_03497_b1_s1_a1_dFA26_m257.jpg?v=1784629786,m5259r-double-take-straight-leg-pant-monument,b:1:Best Seller;BuilderDropzoneStyle:DBLTK;BVCategory:Men;ChinaCatalog;Color:Monument:Color;ColorGroup:Grey;ColorwayType:Limited;Content:Builder;FA26Drops-family;FA26MD1-family;Fabric:Double Take;Filt
2026-08-24,M,mens-bestsellers,13,Conquer Muscle Tank - Bone,BRA/TANK,SS,Men:Tops:Tanks,68.0,,False,1,https://cdn.shopify.com/s/files/1/2185/2813/files/M2066R_03040_b1_s1_a1_m236.jpg?v=1746519975,m2066r-conquer-muscle-tank-bone,b:1:Best Seller;BuilderDropzoneStyle:CNQR;BVCategory:Men;ChinaCatalog;Color:Bone:Color;ColorGroup:Beige;Content:Builder;Fabric:Conquer;Filter:DisplaySize:3:Small;Filter:DisplaySize:4:Medium;Filter:Dis
2026-08-24,M,mens-bestsellers,14,"7"" Conquer React Performance Short - Bone",SHORTS/SKIRT,SS,Men:Bottoms:Shorts,68.0,,False,1,https://cdn.shopify.com/s/files/1/2185/2813/files/M6131R_03040_b2_s1_a1_1_m252.jpg?v=1760365331,m6131r-conquer-react-performance-short-bone,b:1:Best Seller;BVCategory:Men;ChinaCatalog;Color:Bone:Color;ColorGroup:Beige;EcomVideo-Shomari;Fabric:Conquer;Filter:DisplaySize:3:Small;Filter:DisplaySize:4:Medium;Filter:DisplaySize:5:Large;Filter:
2026-08-24,M,mens-bestsellers,15,ALO Vapor Muscle Tank - Navy,BRA/TANK,SS,Men:Tops:Tanks,58.0,,False,1,https://cdn.shopify.com/s/files/1/2185/2813/files/M2073R_03842_b1_s1_a1_m221.jpg?v=1754471274,m2073r-alo-vapor-muscle-tank-navy,b:1:Best Seller;BuilderDropzoneStyle:VAPR;BVCategory:Men;ChinaCatalog;Color:Navy:Color;ColorGroup:Blue;ColorwayType:Limited;Content:Builder;FA25MBridge-family;Fabric:ALO Vapor;Filter:DisplaySize:3:Sma
2026-08-24,M,mens-bestsellers,16,Co-Op Pant (Regular) - Navy,ETC,UNTAGGED,Men:Bottoms:Pants,138.0,,False,1,https://cdn.shopify.com/s/files/1/2185/2813/files/M5144R_03842_b1_s1_a2_m253.jpg?v=1754696433,m5144r-co-op-pant-regular-navy,b:1:Best Seller;BVCategory:Men;ChinaCatalog;Color:Navy:Color;ColorGroup:Blue;FA25Drops-family;FA25MBridge-family;Filter:DisplaySize:3:Small;Filter:DisplaySize:4:Medium;Filter:DisplaySize:5:Large;Filte
2026-08-24,M,mens-bestsellers,17,Accolade Hoodie - Black,FLEECE/KNIT,FW,Men:Outerwear:Coverups:Hoodies,148.0,,False,1,https://cdn.shopify.com/s/files/1/2185/2813/files/U3032RG_01_b1_s1_a1_dFA26_m257.jpg?v=1784908352,w3550rg-accolade-hoodie-black-mens,AccoladeBoostBury;aloversary20off;b:1:Best Seller;BR:unisex;BVCategory:Men;Color:Black:Color;ColorGroup:Black;EcomVideo-Ikce;Filter:DisplaySize:1:XXS - XS;Filter:DisplaySize:3:Small;Filter:DisplaySize
2026-08-24,M,mens-bestsellers,18,Accolade Sweatpant - Black,BOTTOM-WARM,FW,Men:Bottoms:Sweatpants,138.0,,False,1,https://cdn.shopify.com/s/files/1/2185/2813/files/U5013RG_01_b1_s1_a1_dFA26_m257.jpg?v=1785956448,w5942rg-accolade-sweatpant-black-mens,AccoladeBoostBury;aloversary20off;b:1:Best Seller;BISCollection;BR:unisex;BVCategory:Men;ChinaCatalog;Color:Black:Color;ColorGroup:Black;Filter:DisplaySize:1:XXS - XS;Filter:DisplaySize:3:Small;Filter
2026-08-24,M,mens-bestsellers,19,Conquer 1/4 Zip Reform Long Sleeve - White,TOP,SEASONLESS,Men:Tops:Long Sleeves,108.0,,False,1,https://cdn.shopify.com/s/files/1/2185/2813/files/M3193R_00_b2_s1_a1_dSU26_m243.png?v=1778519952,m3193r-conquer-1-4-zip-reform-long-sleeve-white,b:1:Best Seller;BuilderDropzoneStyle:CNQR;BVCategory:Men;Color:White:Color;ColorGroup:White;Content:Builder;FA24MD3-FAMILY;Fabric:Conquer;Filter:DisplaySize:3:Small;Filter:DisplaySize:4:Medium;Filter:
2026-08-24,M,mens-bestsellers,20,"7"" Conquer React Performance Short - Navy",SHORTS/SKIRT,SS,Men:Bottoms:Shorts,68.0,,False,1,https://cdn.shopify.com/s/files/1/2185/2813/files/M6131R_03842_b2_s1_a1_dSU26_m243.png?v=1778517491,m6131r-conquer-react-performance-short-navy,b:1:Best Seller;BIScollection;BVCategory:Men;ChinaCatalog;Color:Navy:Color;ColorGroup:Blue;ColorwayType:Limited;EcomVideo-Shomari;Fabric:Conquer;Filter:DisplaySize:3:Small;Filter:DisplaySize:4:Medium;
2026-08-24,M,mens-bestsellers,21,Double Take Short Sleeve - Bone,SHORTS/SKIRT,SS,Men:Tops:Short Sleeves,88.0,,False,1,https://cdn.shopify.com/s/files/1/2185/2813/files/M1224R_03040_b1_s1_a2_dSU25_m243.jpg?v=1785384438,m1224r-double-take-short-sleeve-bone,b:1:Best Seller;BuilderDropzoneStyle:DBLTK;BVCategory:Men;ChinaCatalog;Color:Bone:Color;ColorGroup:Beige;Content:Builder;Fabric:Double Take;Filter:DisplaySize:3:Small;Filter:DisplaySize:4:Medium;Filte
2026-08-24,M,mens-bestsellers,22,Takeaway Track Straight Leg Pant - Bone,ETC,UNTAGGED,Men:Bottoms:Pants,158.0,,False,1,https://cdn.shopify.com/s/files/1/2185/2813/files/M5265R_03040_b2_s1_a4_dFA26_m243.jpg?v=1786547066,m5265r-takeaway-track-straight-leg-pant-bone,b:1:Best Seller;BVCategory:Men;ChinaCatalog;Color:Bone:Color;ColorGroup:Beige;Filter:DisplaySize:3:Small;Filter:DisplaySize:4:Medium;Filter:DisplaySize:5:Large;Filter:DisplaySize:6:XL - 2XL;Filter:Siz
2026-08-24,M,mens-bestsellers,23,Essential Short Sleeve Street Tee - White,SHORTS/SKIRT,SS,Men:Tops:Short Sleeves,68.0,,False,1,https://cdn.shopify.com/s/files/1/2185/2813/files/M1258R_00_b2_s1_a1_dSU26_m275.png?v=1778519304,m1258r-essential-short-sleeve-street-tee-white,b:1:Best Seller;builderdropzonestyle:ESNTL;BVCategory:Men;ChinaCatalog;Color:White:Color;ColorGroup:White;Content:Builder;Filter:DisplaySize:3:Small;Filter:DisplaySize:4:Medium;Filter:DisplaySize:5:La
2026-08-24,M,mens-bestsellers,24,Conquer Max Performance Jogger - Black,BOTTOM-WARM,FW,Men:Bottoms:Pants,128.0,,False,1,https://cdn.shopify.com/s/files/1/2185/2813/files/M5226R_01_b2_s1_a1_dSU26_m275.png?v=1778517370,m5226r-conquer-max-performance-jogger-black,b:1:Best Seller;BVCategory:Men;ChinaCatalog;Color:Black:Color;ColorGroup:Black;Fabric:Conquer;Filter:DisplaySize:3:Small;Filter:DisplaySize:4:Medium;Filter:DisplaySize:5:Large;Filter:DisplaySize:6:XL 
2026-08-24,M,mens-bestsellers,25,Conquer Reform Crewneck Short Sleeve - Black,SHORTS/SKIRT,SS,Men:Tops:Short Sleeves,78.0,,False,1,https://cdn.shopify.com/s/files/1/2185/2813/files/M1205R_01_b1_s1_a1_1_m180.jpg?v=1736364701,m1205r-conquer-reform-crewneck-short-sleeve-black,b:1:Best Seller;BuilderDropzoneStyle:CNQR;BVCategory:Men;ChinaCatalog;Color:Black:Color;ColorGroup:Black;Content:Builder;FA24MD3-FAMILY;Fabric:Conquer;Filter:DisplaySize:3:Small;Filter:DisplaySize:4:M
2026-08-24,M,mens-bestsellers,26,"7"" Repetition Short - Black",SHORTS/SKIRT,SS,Men:Bottoms:Shorts,78.0,,False,1,https://cdn.shopify.com/s/files/1/2185/2813/files/M6154R_01_b1_s1_a1_1_m203.jpg?v=1734054413,m6154r-7-repetition-short-black,b:1:Best Seller;BVCategory:Men;ChinaCatalog;Color:Black:Color;ColorGroup:Black;FA24;FA24Drops-family;Filter:DisplaySize:3:Small;Filter:DisplaySize:4:Medium;Filter:DisplaySize:5:Large;Filter:DisplaySiz
2026-08-24,M,mens-bestsellers,27,Conquer Reform Crewneck Short Sleeve - Navy,SHORTS/SKIRT,SS,Men:Tops:Short Sleeves,78.0,,False,1,https://cdn.shopify.com/s/files/1/2185/2813/files/M1205R_03842_b2_s1_a1_1_m214.jpg?v=1761533071,m1205r-conquer-reform-crewneck-short-sleeve-navy,b:1:Best Seller;BuilderDropzoneStyle:CNQR;BVCategory:Men;ChinaCatalog;Color:Navy:Color;ColorGroup:Blue;Content:Builder;FA24MD1-family;Fabric:Conquer;Filter:DisplaySize:3:Small;Filter:DisplaySize:4:Med
2026-08-24,M,mens-bestsellers,28,Double Take Short Sleeve - Black,SHORTS/SKIRT,SS,Men:Tops:Short Sleeves,88.0,,False,1,https://cdn.shopify.com/s/files/1/2185/2813/files/M1224R_01_b2_s1_a2_dFA26_m257.jpg?v=1786551040,m1224r-double-take-short-sleeve-black,b:1:Best Seller;BuilderDropzoneStyle:DBLTK;BVCategory:Men;ChinaCatalog;Color:Black:Color;ColorGroup:Black;Content:Builder;Fabric:Double Take;Filter:DisplaySize:3:Small;Filter:DisplaySize:4:Medium;Filt
2026-08-24,M,mens-bestsellers,29,Double Take Straight Leg Pant - Black,ETC,UNTAGGED,Men:Bottoms:Pants,128.0,,False,1,https://cdn.shopify.com/s/files/1/2185/2813/files/M5259R_01_b1_s1_a1_dSP26_m243.jpg?v=1769503610,m5259r-double-take-straight-leg-pant-black,b:1:Best Seller;BVCategory:Men;ChinaCatalog;Color:Black:Color;ColorGroup:Black;Fabric:Double Take;Filter:DisplaySize:3:Small;Filter:DisplaySize:4:Medium;Filter:DisplaySize:5:Large;Filter:DisplaySize:6
2026-08-24,M,mens-bestsellers,30,Conquer 1/4 Zip Reform Long Sleeve - Navy,TOP,SEASONLESS,Men:Tops:Long Sleeves,108.0,,False,1,https://cdn.shopify.com/s/files/1/2185/2813/files/M3193R_03842_b1_s1_a1_m263.jpg?v=1762563261,m3193r-conquer-1-4-zip-reform-long-sleeve-navy,b:1:Best Seller;BuilderDropzoneStyle:CNQR;BVCategory:Men;ChinaCatalog;Color:Navy:Color;ColorGroup:Blue;Content:Builder;FA24MD1-family;Fabric:Conquer;Filter:DisplaySize:3:Small;Filter:DisplaySize:4:Med
2026-08-24,M,mens-bestsellers,31,Conquer 1/4 Zip Reform Long Sleeve - Black,TOP,SEASONLESS,Men:Tops:Long Sleeves,108.0,,False,1,https://cdn.shopify.com/s/files/1/2185/2813/files/M3193R_01_b1_s1_a1_dSP26_m243.jpg?v=1774387522,m3193r-conquer-1-4-zip-reform-long-sleeve-black,b:1:Best Seller;BuilderDropzoneStyle:CNQR;BVCategory:Men;ChinaCatalog;Color:Black:Color;ColorGroup:Black;Content:Builder;FA24MD3-FAMILY;Fabric:Conquer;Filter:DisplaySize:3:Small;Filter:DisplaySize:4:M
2026-08-24,M,mens-bestsellers,32,Takeaway Track Straight Leg Pant - Black,ETC,UNTAGGED,Men:Bottoms:Pants,158.0,,False,1,https://cdn.shopify.com/s/files/1/2185/2813/files/M5265R_01_b2_s1_a1_dSU26_m243.png?v=1778240989,m5265r-takeaway-track-straight-leg-pant-black,b:1:Best Seller;BVCategory:Men;ChinaCatalog;Color:Black:Color;ColorGroup:Black;Filter:DisplaySize:3:Small;Filter:DisplaySize:4:Medium;Filter:DisplaySize:5:Large;Filter:DisplaySize:6:XL - 2XL;Filter:Si
2026-08-24,M,mens-bestsellers,33,Conquer Reform Crewneck Short Sleeve - White,SHORTS/SKIRT,SS,Men:Tops:Short Sleeves,78.0,,False,1,https://cdn.shopify.com/s/files/1/2185/2813/files/M1205R_00_b2_s1_a1_dFA26_m257.jpg?v=1786551475,m1205r-conquer-reform-crewneck-short-sleeve-white,b:1:Best Seller;BuilderDropzoneStyle:CNQR;BVCategory:Men;ChinaCatalog;Color:White:Color;ColorGroup:White;Content:Builder;FA24MD3-FAMILY;Fabric:Conquer;Filter:DisplaySize:3:Small;Filter:DisplaySize:4:M
2026-08-24,M,mens-bestsellers,34,ALO Vapor Crewneck Short Sleeve - Black,SHORTS/SKIRT,SS,Men:Tops:Short Sleeves,68.0,,False,1,https://cdn.shopify.com/s/files/1/2185/2813/files/M1228R_01_b2_s3_a3_dFA25_m245.jpg?v=1776888215,m1228r-alo-vapor-crewneck-short-sleeve-black,b:1:Best Seller;BuilderDropzoneStyle:VAPR;BVCategory:Men;ChinaCatalog;Color:Black:Color;ColorGroup:Black;Content:Builder;FA25MBridge-family;Fabric:ALO Vapor;Filter:DisplaySize:3:Small;Filter:DisplaySi
2026-08-24,M,mens-bestsellers,35,Double Take Short Sleeve - White,SHORTS/SKIRT,SS,Men:Tops:Short Sleeves,88.0,,False,1,https://cdn.shopify.com/s/files/1/2185/2813/files/M1224R_05594_b1_s1_a1_m221.jpg?v=1761941985,m1224r-double-take-short-sleeve-white,b:1:Best Seller;bis-paused;BuilderDropzoneStyle:DBLTK;BVCategory:Men;ChinaCatalog;Color:White:Color;ColorGroup:White;Content:Builder;Fabric:Double Take;Filter:DisplaySize:3:Small;Filter:DisplaySize:4:
2026-08-24,M,mens-bestsellers,36,ALO Vapor Crewneck Short Sleeve - Navy,SHORTS/SKIRT,SS,Men:Tops:Short Sleeves,68.0,,False,1,https://cdn.shopify.com/s/files/1/2185/2813/files/M1228R_03842_b1_s1_a1_m180.jpg?v=1754469666,m1228r-alo-vapor-crewneck-short-sleeve-navy,b:1:Best Seller;BuilderDropzoneStyle:VAPR;BVCategory:Men;ChinaCatalog;Color:Navy:Color;ColorGroup:Blue;ColorwayType:Limited;Content:Builder;FA25MBridge-family;Fabric:ALO Vapor;Filter:DisplaySize:3:Sma
2026-08-24,M,mens-bestsellers,37,Unisex Half-Crew Throwback Sock - White/Black,ACC,SEASONLESS,Accessories:Socks,34.0,,False,1,https://cdn.shopify.com/s/files/1/2185/2813/products/A0480U_0001_b1_a1.jpg?v=1669748933,a0480u-unisex-half-crew-throwback-sock-white-black,b:1:Best Seller;BVCategory:Socks;ChinaCatalog;Color:White:Color;ColorGroup:White;Filter:Size:L;Filter:Size:M;Filter:Size:S;Maintenance:ColorwayProduct;master-accessories-all;master-accessories-men;mas
2026-08-24,M,mens-bestsellers,38,Conquer Max Mock Neck Full Zip - Black,FLEECE/KNIT,FW,Men:Outerwear:Coverups:Pullovers,138.0,,False,1,https://cdn.shopify.com/s/files/1/2185/2813/files/M3262R_01_b2_s1_a1_dWT25_m214.jpg?v=1776888259,m3262r-conquer-max-mock-neck-full-zip-black,b:1:Best Seller;BuilderDropzoneStyle:CNQR;BVCategory:Men;ChinaCatalog;Color:Black:Color;ColorGroup:Black;Content:Builder;Fabric:Conquer;Filter:DisplaySize:3:Small;Filter:DisplaySize:4:Medium;Filter:Di
2026-08-24,M,mens-bestsellers,39,Co-Op Pant (Regular) - Black,ETC,UNTAGGED,Men:Bottoms:Pants,138.0,,False,1,https://cdn.shopify.com/s/files/1/2185/2813/files/M5144R_01_b1_s1_a2_m243.jpg?v=1775153771,m5144r-co-op-pant-regular-black,b:1:Best Seller;BVCategory:Men;ChinaCatalog;Color:Black:Color;ColorGroup:Black;FA25Drops-family;FA25MBridge-family;Filter:DisplaySize:3:Small;Filter:DisplaySize:4:Medium;Filter:DisplaySize:5:Large;Fil
2026-08-24,M,mens-bestsellers,40,"7"" Repetition Short - Gravel",SHORTS/SKIRT,SS,Men:Bottoms:Shorts,78.0,,False,1,https://cdn.shopify.com/s/files/1/2185/2813/files/M6154R_05438_b2_s1_a1_dSU26_m243.png?v=1778517531,m6154r-7-repetition-short-gravel,b:1:Best Seller;BISCollection;BVCategory:Men;ChinaCatalog;Color:Gravel:Color;ColorGroup:Beige;FA24;FA24Drops-family;Filter:DisplaySize:3:Small;Filter:DisplaySize:4:Medium;Filter:DisplaySize:5:Large;Fi
2026-08-24,M,mens-bestsellers,41,Repetition Pant - Black,ETC,UNTAGGED,Men:Bottoms:Pants,128.0,,False,1,https://cdn.shopify.com/s/files/1/2185/2813/files/M5230R_01_b2_s1_a1_dSU26_m257.jpg?v=1777660630,m5230r-repetition-pant-black,b:1:Back in Stock;b:1:Best Seller;BISCollection;BVCategory:Men;ChinaCatalog;Color:Black:Color;ColorGroup:Black;Filter:DisplaySize:3:Small;Filter:DisplaySize:4:Medium;Filter:DisplaySize:5:Large;Filter:
2026-08-24,M,mens-bestsellers,42,Double Take Hoodie - Black,FLEECE/KNIT,FW,Men:Outerwear:Coverups:Hoodies,128.0,,False,1,https://cdn.shopify.com/s/files/1/2185/2813/files/M3245R_01_b1_s1_a2_dSP26_m214.jpg?v=1774388969,m3245r-double-take-hoodie-black,b:1:Best Seller;BVCategory:Men;ChinaCatalog;Color:Black:Color;ColorGroup:Black;Fabric:Double Take;Filter:DisplaySize:3:Small;Filter:DisplaySize:4:Medium;Filter:DisplaySize:5:Large;Filter:DisplaySize:6
2026-08-24,M,mens-bestsellers,43,"5"" Traction Running Short - Monument",SHORTS/SKIRT,SS,Men:Bottoms:Shorts,88.0,,False,1,https://cdn.shopify.com/s/files/1/2185/2813/files/M6169R_03497_b2_s1_a1_dFA26_m209.jpg?v=1785277558,m6169r-5-traction-running-short-monument,b:1:Best Seller;BVCategory:Men;ChinaCatalog;Color:Monument:Color;ColorGroup:Grey;ColorwayType:Limited;FA26Drops-family;FA26MD1-family;Filter:DisplaySize:3:Small;Filter:DisplaySize:4:Medium;Filter:Disp
2026-08-24,M,mens-bestsellers,44,"7"" Conquer React Performance Short - Black",SHORTS/SKIRT,SS,Men:Bottoms:Shorts,68.0,,False,1,https://cdn.shopify.com/s/files/1/2185/2813/files/M6131R_01_b1_s1_a1_1_m243.jpg?v=1747861552,m6131r-conquer-react-performance-short-black,b:1:Best Seller;BVCategory:Men;ChinaCatalog;Color:Black:Color;ColorGroup:Black;EcomVideo-Shomari;Fabric:Conquer;Filter:DisplaySize:3:Small;Filter:DisplaySize:4:Medium;Filter:DisplaySize:5:Large;Filter
2026-08-24,M,mens-bestsellers,45,ALO Vapor Crewneck Short Sleeve - Anthracite,SHORTS/SKIRT,SS,Men:Tops:Short Sleeves,68.0,,False,1,https://cdn.shopify.com/s/files/1/2185/2813/files/M1228R_02125_b2_s1_a1_m208.jpg?v=1766553426,m1228r-alo-vapor-crewneck-short-sleeve-anthracite,b:1:Best Seller;BuilderDropzoneStyle:VAPR;BVCategory:Men;ChinaCatalog;Color:Anthracite:Color;ColorGroup:Grey;Content:Builder;Fabric:ALO Vapor;Filter:DisplaySize:3:Small;Filter:DisplaySize:4:Medium;Fil
2026-08-24,M,mens-bestsellers,46,Conquer Max Mock Neck Full Zip - Navy,FLEECE/KNIT,FW,Men:Outerwear:Coverups:Pullovers,138.0,,False,1,https://cdn.shopify.com/s/files/1/2185/2813/files/M3262R_03842_b1_s1_a001_1_m221.jpg?v=1742097611,m3262r-conquer-max-mock-neck-full-zip-navy,b:1:Best Seller;BuilderDropzoneStyle:CNQR;BVCategory:Men;ChinaCatalog;Color:Navy:Color;ColorGroup:Blue;ColorwayType:Limited;Content:Builder;Fabric:Conquer;Filter:DisplaySize:3:Small;Filter:DisplaySize
2026-08-24,M,mens-bestsellers,47,Waffle Lounge Hoodie - Black,FLEECE/KNIT,FW,Men:Outerwear:Coverups:Hoodies,148.0,,False,1,https://cdn.shopify.com/s/files/1/2185/2813/files/M3311R_01_b1_s1_a1_m214.jpg?v=1763551316,m3311r-waffle-lounge-hoodie-black,b:1:Best Seller;BVCategory:Men;ChinaCatalog;Color:Black:Color;ColorGroup:Black;Fabric:Waffle;Filter:DisplaySize:3:Small;Filter:DisplaySize:4:Medium;Filter:DisplaySize:5:Large;Filter:DisplaySize:6:XL -
2026-08-24,M,mens-bestsellers,48,Double Take Long Sleeve 1/4 Zip - Monument,TOP,SEASONLESS,Men:Tops:Long Sleeves,128.0,,False,1,https://cdn.shopify.com/s/files/1/2185/2813/files/M3290R_03497_b2_s1_a2_dFA26_m257.png?v=1786465604,m3290r-double-take-long-sleeve-1-4-zip-monument,b:1:Best Seller;BuilderDropzoneStyle:DBLTK;BVCategory:Men;Color:Monument:Color;ColorGroup:Grey;ColorwayType:Limited;Content:Builder;FA26Drops-family;FA26MD1-family;Fabric:Double Take;Filter:DisplaySiz
2026-08-24,M,mens-bestsellers,49,Double Take Short Sleeve - Espresso,SHORTS/SKIRT,SS,Men:Tops:Short Sleeves,88.0,,False,1,https://cdn.shopify.com/s/files/1/2185/2813/files/M1224R_04064_b1_s1_a3_dSP26_m243.jpg?v=1774385509,m1224r-double-take-short-sleeve-espresso,b:1:Best Seller;BuilderDropzoneStyle:DBLTK;BVCategory:Men;ChinaCatalog;Color:Espresso:Color;ColorGroup:Brown;Content:Builder;Fabric:Double Take;Filter:DisplaySize:3:Small;Filter:DisplaySize:4:Medium;F
2026-08-24,M,mens-bestsellers,50,"7"" Double Take Short - Espresso",SHORTS/SKIRT,SS,Men:Bottoms:Shorts,88.0,,False,1,https://cdn.shopify.com/s/files/1/2185/2813/files/M6143R_04064_b2_s1_a1_dFA26_m245.jpg?v=1786548263,m6143r-7-double-take-short-espresso,b:1:Best Seller;BVCategory:Men;ChinaCatalog;Color:Espresso:Color;ColorGroup:Brown;Fabric:Double Take;Filter:DisplaySize:3:Small;Filter:DisplaySize:4:Medium;Filter:DisplaySize:5:Large;Filter:DisplaySiz
2026-08-31,W,bestsellers,1,Aspire Tank - Dune Grass/White,BRA/TANK,SS,Women:Tops:Tanks,68.0,,False,1,https://cdn.shopify.com/s/files/1/2185/2813/files/W2675RG_08023_b2_s1_a3_dSU26_m228.jpg?v=1784748145,w2675rg-aspire-tank-dune-grass-white,b:1:Best Seller;BVCategory:Women;ChinaCatalog;Color:Dune Grass:Color;ColorGroup:Green;ColorwayType:Limited;Filter:DisplaySize:1:XXS - XS;Filter:DisplaySize:3:Small;Filter:DisplaySize:4:Medium;Filter:D
2026-08-31,W,bestsellers,2,Alosoft Crop Finesse Short Sleeve - California Blue,SHORTS/SKIRT,SS,Women:Tops:Short Sleeves,68.0,,False,1,https://cdn.shopify.com/s/files/1/2185/2813/files/W1406R_08193_b1_s1_a1_dFA26_m241.jpg?v=1785918059,w1406r-alosoft-crop-finesse-short-sleeve-california-blue,b:1:Best Seller;b:3:New;BuilderDropzoneStyle:ALOSOFT;BVCategory:Women;ChinaCatalog;Color:California Blue:Color;ColorGroup:Blue;ColorwayType:Limited;Content:Builder;FA26D2-family;FA26Drops-family;Fabri
2026-08-31,W,bestsellers,3,Alosoft High-Waist 7/8 Highlight Legging - Pink Marshmallow Heather,LEGGING,SEASONLESS,Women:Bottoms:Leggings,108.0,,False,1,https://cdn.shopify.com/s/files/1/2185/2813/files/W51104R_08234_b2_s1_a1_dFA26_m18.jpg?v=1785486526,w51104r-alosoft-high-waist-7-8-highlight-legging-pink-marshmallow-heather,b:1:Best Seller;BuilderDropzoneStyle:ALOSFTRISE;BVCategory:Women;ChinaCatalog;Color:Pink Marshmallow Heather:Color;ColorGroup:Pink;ColorwayType:Limited;Content:Builder;FA26-Campaign;FA26D1-family;FA26
2026-08-31,W,bestsellers,4,Pinstripe Daylight Button Down Long Sleeve - California Blue/White,TOP,SEASONLESS,Women:Tops:Long Sleeves,138.0,,False,1,https://cdn.shopify.com/s/files/1/2185/2813/files/W3893R_08305_b1_s1_a1_dFA26_m91.jpg?v=1785918503,w3893r-pinstripe-daylight-button-down-long-sleeve-california-blue-white,b:1:Best Seller;b:3:New;BVCategory:Women;ChinaCatalog;Color:California Blue:Color;ColorGroup:Blue;ColorwayType:Limited;FA26D2-family;FA26Drops-family;Filter:DisplaySize:1:XXS - XS;Filter:DisplaySize:3
2026-08-31,W,bestsellers,5,Aspire Tank - Pink Marshmallow/White,BRA/TANK,SS,Women:Tops:Tanks,68.0,,False,1,https://cdn.shopify.com/s/files/1/2185/2813/files/W2675RG_08301_b2_s1_a1_dFA26_m186_6253e4f4-7afb-4e08-838f-de7d82fbf643.jpg?v=1787179519,w2675rg-aspire-tank-pink-marshmallow-white,b:1:Best Seller;BVCategory:Women;ChinaCatalog;Color:Pink Marshmallow:Color;ColorGroup:Pink;ColorwayType:Limited;FA26-Campaign;FA26-Jisoo;FA26D1-family;FA26Drops-family;Filter:DisplaySize:1:XXS - XS;Fi
2026-08-31,W,bestsellers,6,Match Point Short - Pink Marshmallow,SHORTS/SKIRT,SS,Women:Bottoms:Shorts,78.0,,False,1,https://cdn.shopify.com/s/files/1/2185/2813/files/W6334R_08196_b2_s1_a3_dFA26_m18.png?v=1786133877,w6334r-match-point-short-pink-marshmallow,b:1:Best Seller;BVCategory:Women;ChinaCatalog;Color:Pink Marshmallow:Color;ColorGroup:Pink;ColorwayType:Limited;FA26-Campaign;FA26D1-family;FA26Drops-family;Filter:DisplaySize:1:XXS - XS;Filter:Displa
2026-08-31,W,bestsellers,7,ALO Softsculpt Amp It Up Bra - White/Black,BRA/TANK,SS,Women:Bras,78.0,,False,1,https://cdn.shopify.com/s/files/1/2185/2813/files/W9968R_06092_b2_s1_a4_dSU26_m269.jpg?v=1784752731,w9968r-alo-softsculpt-amp-it-up-bra-white-black,b:1:Best Seller;BuilderDropzoneStyle:SOFTSCULPT;BVCategory:Women;ChinaCatalog;Color:White:Color;ColorGroup:White;Content:Builder;Fabric:ALO Softsculpt;Filter:DisplaySize:1:XXS - XS;Filter:DisplaySize:
2026-08-31,W,bestsellers,8,Unisex Half-Crew Throwback Sock - White/Black,ACC,SEASONLESS,Accessories:Socks,34.0,,False,1,https://cdn.shopify.com/s/files/1/2185/2813/products/A0480U_0001_b1_a1.jpg?v=1669748933,a0480u-unisex-half-crew-throwback-sock-white-black,b:1:Best Seller;BVCategory:Socks;ChinaCatalog;Color:White:Color;ColorGroup:White;Filter:Size:L;Filter:Size:M;Filter:Size:S;Maintenance:ColorwayProduct;master-accessories-all;master-accessories-men;mas
2026-08-31,W,bestsellers,9,Performance Conquer Headband - Black,ACC,SEASONLESS,Women:Accessories:Hair Management:Headbands,34.0,,False,1,https://cdn.shopify.com/s/files/1/2185/2813/products/A0518U_01_b1_a1.jpg?v=1745838296,a0518u-performance-conquer-headband-black,b:1:Best Seller;BVCategory:Accessories;ChinaCatalog;Color:Black:Color;ColorGroup:Black;Maintenance:ColorwayProduct;master-accessories-all;master-woman-all;MBestSeller;Men:Activity:Court;Men:Activity:R
2026-08-31,W,bestsellers,10,Accolade Crew Neck Pullover - Dune Grass,FLEECE/KNIT,FW,Women:Outerwear:Coverups:Pullovers,138.0,,False,1,https://cdn.shopify.com/s/files/1/2185/2813/files/U3031RG_07947_b2_s1_a2_dSU26_m18_5feb1358-f947-4843-bd90-9468b5717de5.jpg?v=1785255625,u3031rg-accolade-crew-neck-pullover-dune-grass,AccoladeBoostBury;b:1:Best Seller;BR:unisex;builderdropzonestyle:FYFACREW;BVCategory:Women;Color:Dune Grass:Color;ColorGroup:Green;ColorwayType:Limited;Content:Builder;Filter:DisplaySize:1:XXS - XS;Fi
2026-08-31,W,bestsellers,11,Performance Off-Duty Cap - Black/Black,ACC,SEASONLESS,Accessories:Hats:Caps,68.0,,False,1,https://cdn.shopify.com/s/files/1/2185/2813/files/A0543U_0101_b1_s1_a11.jpg?v=1785186051,a0543u-performance-off-duty-cap-black-black,b:1:Best Seller;BIScollection;BVCategory:Accessories;ChinaCatalog;Color:Black:Color;ColorGroup:Black;Maintenance:ColorwayProduct;master-accessories-all;master-man-all;master-woman-all;MBestSeller;Men:
2026-08-31,W,bestsellers,12,Accolade Crew Neck Pullover - Black,FLEECE/KNIT,FW,Women:Outerwear:Coverups:Pullovers,138.0,,False,1,https://cdn.shopify.com/s/files/1/2185/2813/files/U3031RG_01_b2_s1_a3_dFA26_m18.jpg?v=1787251114,u3031rg-accolade-crew-neck-pullover-black,AccoladeBoostBury;b:1:Best Seller;BR:unisex;builderdropzonestyle:FYFACREW;BVCategory:Women;ChinaCatalog;Color:Black:Color;ColorGroup:Black;Content:Builder;Filter:DisplaySize:1:XXS - XS;Filter:DisplayS
2026-08-31,W,bestsellers,13,Suit Up Trouser (Short) - Black,SHORTS/SKIRT,SS,Women:Bottoms:Pants,148.0,,False,1,https://cdn.shopify.com/s/files/1/2185/2813/files/W54428R_01_b1_s1_a1_dSU26_m207_079634e6-40a0-4a87-b84b-fadf9fca4d89.jpg?v=1785172319,w54428r-suit-up-trouser-short-black,b:1:Best Seller;BISCollection;BuilderDropzoneStyle:SUTRSER;BVCategory:Women;ChinaCatalog;Color:Black:Color;ColorGroup:Black;Content:Builder;Filter:DisplaySize:1:XXS - XS;Filter:DisplaySize:3:Small;Fil
2026-08-31,W,bestsellers,14,Accolade Full Zip Hoodie - Athletic Heather Grey,FLEECE/KNIT,FW,Women:Outerwear:Coverups:Hoodies,148.0,,False,1,https://cdn.shopify.com/s/files/1/2185/2813/files/U3041RG_02910_b2_s1_a1_dFA26_m186_05278a83-4ae6-477d-a9dd-0efa2a15e743.jpg?v=1787179520,u3041rg-accolade-full-zip-hoodie-athletic-heather-grey,AccoladeBoostBury;b:1:Best Seller;BIScollection;BR:unisex;BVCategory:Women;Color:Athletic Grey:Color;ColorGroup:Grey;FA26-Jisoo;Filter:DisplaySize:1:XXS - XS;Filter:DisplaySize:3:Small;Filter:DisplayS
2026-08-31,W,bestsellers,15,Match Point Tennis Skirt - White,SHORTS/SKIRT,SS,Women:Bottoms:Skirts,78.0,,False,1,https://cdn.shopify.com/s/files/1/2185/2813/files/W6240R_00_b1_s1_a4_dFA26_m224.jpg?v=1787872552,w6240r-match-point-tennis-skirt-white,aloversary20off;b:1:Best Seller;BVCategory:Women;ChinaCatalog;Color:White:Color;ColorGroup:White;Filter:DisplaySize:1:XXS - XS;Filter:DisplaySize:3:Small;Filter:DisplaySize:4:Medium;Filter:DisplaySize
2026-08-31,W,bestsellers,16,Suit Up Trouser (Short) - Navy,SHORTS/SKIRT,SS,Women:Bottoms:Pants,148.0,,False,1,https://cdn.shopify.com/s/files/1/2185/2813/files/W54428R_03842_b2_s1_a3_dSU25_m191.jpg?v=1785172235,w54428r-suit-up-trouser-short-navy,b:1:Best Seller;BuilderDropzoneStyle:SUTRSER;BVCategory:Women;ChinaCatalog;Color:Navy:Color;ColorGroup:Blue;Content:Builder;Filter:DisplaySize:1:XXS - XS;Filter:DisplaySize:3:Small;Filter:DisplaySize:
2026-08-31,W,bestsellers,17,Airbrush Streamlined Dress - Black/White,LEGGING,SS,Women:One Piece:Dresses,138.0,,False,1,https://cdn.shopify.com/s/files/1/2185/2813/files/W8278R_0100_b2_s1_a2_dSU26_m191_ec2d2497-1f14-4cd4-a4fa-e185050ad093.jpg?v=1786147476,w8278r-airbrush-streamlined-dress-black-white,b:1:Best Seller;BVCategory:Women;ChinaCatalog;Color:Black:Color;ColorGroup:Black;FA25D1-2-Family;Fabric:Airbrush;Filter:DisplaySize:1:XXS - XS;Filter:DisplaySize:3:Small;Filter:DisplaySize:4:Medium;Fi
2026-08-31,W,bestsellers,18,Aspire Tank - Black/White,BRA/TANK,SS,Women:Tops:Tanks,68.0,,False,1,https://cdn.shopify.com/s/files/1/2185/2813/files/W2675RG_06401_b2_s1_a3_m143.jpg?v=1785179036,w2675rg-aspire-tank-black-white,aloversary20off;b:1:Best Seller;bluequartz-family;BuilderDropzoneStyle:ASPRLGBX;BVCategory:Women;ChinaCatalog;Color:Black:Color;ColorGroup:Black;Content:Builder;Filter:DisplaySize:1:XXS - XS;Filter:Di
2026-08-31,W,bestsellers,19,ALO Softsculpt Precision Short Sleeve Top - Espresso,SHORTS/SKIRT,SS,Women:Tops:Short Sleeves,78.0,,False,1,https://cdn.shopify.com/s/files/1/2185/2813/files/W1479R_04064_b2_s1_a1_m190_aa6ac71e-9347-428e-919e-24f5eddd94df.jpg?v=1786148281,w1479r-alo-softsculpt-precision-short-sleeve-top-espresso,b:1:Best Seller;BuilderDropzoneStyle:SOFTSCULPT;BVCategory:Women;ChinaCatalog;Color:Espresso:Color;ColorGroup:Brown;Content:Builder;Fabric:ALO Softsculpt;Filter:DisplaySize:1:XXS - XS;Filter:DisplaySi
2026-08-31,W,bestsellers,20,Suit Up Trouser (Long) - Espresso,ETC,UNTAGGED,Women:Bottoms:Pants,148.0,,False,1,https://cdn.shopify.com/s/files/1/2185/2813/files/W54187R_04064_b1_s1_a1_m161.jpg?v=1775151434,w54187r-suit-up-trouser-long-espresso,b:1:Back in Stock;b:1:Best Seller;BISCollection;BuilderDropzoneStyle:SUTRSER;BVCategory:Women;ChinaCatalog;Color:Espresso:Color;ColorGroup:Brown;Content:Builder;Filter:DisplaySize:1:XXS - XS;Filter:Di
2026-08-31,W,bestsellers,21,Accolade Crew Neck Pullover - California Blue,FLEECE/KNIT,FW,Women:Outerwear:Coverups:Pullovers,138.0,,False,1,https://cdn.shopify.com/s/files/1/2185/2813/files/U3031RG_08193_b2_s1_a1_dFA26_m269.jpg?v=1786425596,u3031rg-accolade-crew-neck-pullover-california-blue,AccoladeBoostBury;b:1:Best Seller;b:3:New;builderdropzonestyle:FYFACREW;BVCategory:Women;ChinaCatalog;Color:California Blue:Color;ColorGroup:Blue;ColorwayType:Limited;Content:Builder;FA26-Campaign;FA2
2026-08-31,W,bestsellers,22,ALO Softsculpt Precision Halter Tank - Black,BRA/TANK,SS,Women:Tops:Tanks,88.0,,False,1,https://cdn.shopify.com/s/files/1/2185/2813/files/W2851R_01_b1_s1_a2_dFA26_m191.jpg?v=1784875371,w2851r-alo-softsculpt-precision-halter-tank-black,b:1:Best Seller;BuilderDropzoneStyle:SOFTSCULPT;BVCategory:Women;ChinaCatalog;Color:Black:Color;ColorGroup:Black;Content:Builder;FA26D1-family;FA26Drops-family;Fabric:ALO Softsculpt;Filter:DisplaySize
2026-08-31,W,bestsellers,23,Accolade Full Zip Hoodie - Navy,FLEECE/KNIT,FW,Women:Outerwear:Coverups:Hoodies,148.0,,False,1,https://cdn.shopify.com/s/files/1/2185/2813/files/U3041RG_03842_b2_s1_a1_dSU26_m191.png?v=1778756485,u3041rg-accolade-full-zip-hoodie-navy,AccoladeBoostBury;b:1:Best Seller;BR:unisex;BVCategory:Women;Color:Navy:Color;ColorGroup:Blue;Filter:DisplaySize:1:XXS - XS;Filter:DisplaySize:3:Small;Filter:DisplaySize:4:Medium;Filter:DisplaySize:5:
2026-08-31,W,bestsellers,24,Accolade Short - Black,SHORTS/SKIRT,SS,Women:Bottoms:Shorts,78.0,,False,1,https://cdn.shopify.com/s/files/1/2185/2813/files/W6472RG_01_b2_s1_a1_dWT25_m265.jpg?v=1776890407,w6472rg-accolade-short-black,AccoladeBoostBury;b:1:Best Seller;BVCategory:Women;ChinaCatalog;Color:Black:Color;ColorGroup:Black;Filter:DisplaySize:1:XXS - XS;Filter:DisplaySize:3:Small;Filter:DisplaySize:4:Medium;Filter:DisplaySi
2026-08-31,W,bestsellers,25,Splendor Bra - Black,BRA/TANK,SS,Women:Bras,68.0,,False,1,https://cdn.shopify.com/s/files/1/2185/2813/files/W9351RG_01_b2_s1_a2_dSU26_m241.jpg?v=1785195434,w9351rg-splendor-bra-black,b:1:Best Seller;BISCollection;BuilderDropzoneStyle:AIRBRUSH;BVCategory:Women;ChinaCatalog;Color:Black:Color;ColorGroup:Black;Content:Builder;Fabric:Airbrush;Filter:DisplaySize:1:XXS - XS;Filter:Displa
2026-08-31,W,bestsellers,26,Suit Up Trouser (Long) - Navy,ETC,UNTAGGED,Women:Bottoms:Pants,148.0,,False,1,https://cdn.shopify.com/s/files/1/2185/2813/files/W54187R_03842_b2_s1_a3_m18.jpg?v=1785173060,w54187r-suit-up-trouser-long-navy,b:1:Best Seller;BISCollection;BuilderDropzoneStyle:SUTRSER;BVCategory:Women;ChinaCatalog;Color:Navy:Color;ColorGroup:Blue;Content:Builder;Filter:DisplaySize:1:XXS - XS;Filter:DisplaySize:3:Small;Filte
2026-08-31,W,bestsellers,27,Seamless Ribbed Favorite Bra Tank - Black,BRA/TANK,SS,Women:Tops:Tanks,84.0,,False,1,https://cdn.shopify.com/s/files/1/2185/2813/files/W9616R_01_b2_s1_a2_m191.jpg?v=1769645810,w9616r-seamless-ribbed-favorite-bra-tank-black,b:1:Best Seller;BVCategory:Women;ChinaCatalog;Color:Black:Color;ColorGroup:Black;Content:Builder;Fabric:Seamless;Filter:DisplaySize:1:XXS - XS;Filter:DisplaySize:3:Small;Filter:DisplaySize:4:Medium;Fi
2026-08-31,W,bestsellers,28,Cotton Real Deal Button Up Long Sleeve - White,TOP,SEASONLESS,Women:Tops:Long Sleeves,118.0,,False,1,https://cdn.shopify.com/s/files/1/2185/2813/files/W3970R_00_b2_s1_a1_dFA26_m264.jpg?v=1786393051,w3970r-cotton-real-deal-button-up-long-sleeve-white,b:1:Back in Stock;b:1:Best Seller;BIScollection;BVCategory:Women;ChinaCatalog;Color:White:Color;ColorGroup:White;FA25-Campaign;FA25D1-family;FA25Drops-family;Filter:DisplaySize:1:XXS - XS;Filter:Displ
2026-08-31,W,bestsellers,29,Accolade 1/4 Zip Pullover - Navy,FLEECE/KNIT,FW,Women:Outerwear:Coverups:Pullovers,148.0,,False,1,https://cdn.shopify.com/s/files/1/2185/2813/files/U3040RG_03842_b2_s1_a1_m224.jpg?v=1787626913,u3040rg-accolade-1-4-zip-pullover-navy,AccoladeBoostBury;b:1:Best Seller;BR:unisex;BVCategory:Women;ChinaCatalog;Color:Navy:Color;ColorGroup:Blue;ColorwayType:Limited;Filter:DisplaySize:1:XXS - XS;Filter:DisplaySize:3:Small;Filter:DisplayS
2026-08-31,W,bestsellers,30,Aspire Tank - White/Black,BRA/TANK,SS,Women:Tops:Tanks,68.0,,False,1,https://cdn.shopify.com/s/files/1/2185/2813/files/W2675RG_0001_b2_s1_a2_dFA26_m212_50011a27-c524-4239-bcb1-7d74d88cf2e6.jpg?v=1786593320,w2675rg-aspire-tank-white-black,AA25-PDPselects;aloversary20off;b:1:Best Seller;bis-paused;bluequartz-family;BVCategory:Women;ChinaCatalog;Color:White:Color;ColorGroup:White;Filter:DisplaySize:1:XXS - XS;Filter:DisplaySize:3:Small;F
2026-08-31,W,bestsellers,31,Alosoft Mid-Rise Finesse Wide Leg Sweatpant - Black,BOTTOM-WARM,FW,Women:Bottoms:Sweatpants,108.0,,False,1,https://cdn.shopify.com/s/files/1/2185/2813/files/W54413R_01_b1_s1_a2_dFA26_m161.jpg?v=1784876493,w54413r-alosoft-mid-rise-finesse-wide-leg-sweatpant-black,b:1:Best Seller;BuilderDropzoneStyle:ALOSOFT;BVCategory:Women;ChinaCatalog;Color:Black:Color;ColorGroup:Black;Content:Builder;FA26D1-2-family;FA26Drops-family;Fabric:Alosoft;Filter:DisplaySize:1:XXS -
2026-08-31,W,bestsellers,32,Accolade Short - Navy,SHORTS/SKIRT,SS,Women:Bottoms:Shorts,78.0,,False,1,https://cdn.shopify.com/s/files/1/2185/2813/files/W6472RG_03842_b2_s1_a1_dSU26_m191_e9584235-b300-40c9-bd81-b81c5e962a42.png?v=1779407461,w6472rg-accolade-short-navy,AccoladeBoostBury;b:1:Best Seller;BVCategory:Women;ChinaCatalog;Color:Navy:Color;ColorGroup:Blue;ColorwayType:Limited;Filter:DisplaySize:1:XXS - XS;Filter:DisplaySize:3:Small;Filter:DisplaySize:4:Medi
2026-08-31,W,bestsellers,33,Clubhouse Jacket - Navy,OUTERWEAR,FW,Women:Outerwear:Jackets,138.0,,False,1,https://cdn.shopify.com/s/files/1/2185/2813/files/W4526R_03842_b1_s1_a2_dFA26_m207.jpg?v=1785918585,w4526r-clubhouse-jacket-navy,b:1:Best Seller;b:3:New;BVCategory:Women;ChinaCatalog;Color:Navy:Color;ColorGroup:Blue;FA26D2-family;FA26Drops-family;Filter:DisplaySize:1:XXS - XS;Filter:DisplaySize:3:Small;Filter:DisplaySize:4:Medi
2026-08-31,W,bestsellers,34,Accolade 1/4 Zip Pullover - White Heather,FLEECE/KNIT,FW,Women:Outerwear:Coverups:Pullovers,148.0,,False,1,https://cdn.shopify.com/s/files/1/2185/2813/files/U3040RG_10060_b2_s1_a1_dSU26_m191_5ce88d6d-56a9-42dd-bde1-37a55b7faba1.jpg?v=1783017241,u3040rg-accolade-1-4-zip-pullover-white-heather,AccoladeBoostBury;b:1:Best Seller;BR:unisex;BVCategory:Women;Color:White Heather:Color;ColorGroup:White;ColorwayType:Limited;Filter:DisplaySize:1:XXS - XS;Filter:DisplaySize:3:Small;Filter:DisplaySize
2026-08-31,W,bestsellers,35,Seamless Ribbed Favorite Full Length Bra Tank - Black,BRA/TANK,SS,Women:Tops:Tanks,88.0,,False,1,https://cdn.shopify.com/s/files/1/2185/2813/files/W9698R_01_b2_s1_a5_m240_68cdb616-8e07-4d53-9a5b-fc61bffd7538.jpg?v=1753980289,w9698r-seamless-ribbed-favorite-full-length-bra-tank-black,b:1:Best Seller;BIScollection;BVCategory:Women;ChinaCatalog;Color:Black:Color;ColorGroup:Black;FA25D1-family;FA25Drops-family;Fabric:Seamless;Filter:DisplaySize:1:XXS - XS;Filter:DisplaySize:3:Small;F
2026-08-31,W,bestsellers,36,Airbrush Heart Throb Bra - Navy/White,LEGGING,SS,Women:Bras,88.0,,False,1,https://cdn.shopify.com/s/files/1/2185/2813/files/W9680R_06639_b2_s1_a1_dFA26_m277.jpg?v=1787086706,w9680r-airbrush-heart-throb-bra-navy-white,b:1:Best Seller;BuilderDropzoneStyle:AIRBRUSH;BVCategory:Women;ChinaCatalog;Color:Navy:Color;ColorGroup:Blue;Content:Builder;Fabric:Airbrush;Filter:DisplaySize:1:XXS - XS;Filter:DisplaySize:3:Small;Fi
2026-08-31,W,bestsellers,37,Accolade Short - Athletic Heather Grey,SHORTS/SKIRT,SS,Women:Bottoms:Shorts,78.0,,False,1,https://cdn.shopify.com/s/files/1/2185/2813/files/W6472RG_02910_b2_s1_a1_dFA26_m285.png?v=1785797997,w6472rg-accolade-short-athletic-heather-grey,AccoladeBoostBury;b:1:Best Seller;bellalaunch;BVCategory:Women;ChinaCatalog;Color:Athletic Grey:Color;ColorGroup:Grey;Filter:DisplaySize:1:XXS - XS;Filter:DisplaySize:3:Small;Filter:DisplaySize:4:Medi
2026-08-31,W,bestsellers,38,Splendor Bra - White/Black,BRA/TANK,SS,Women:Bras,68.0,,False,1,https://cdn.shopify.com/s/files/1/2185/2813/files/W2675RG_0001_b2_s1_a3_dFA26_m212_da57ffb4-4a3b-4698-b285-d8900e42da07.jpg?v=1786593320,w9351rg-splendor-bra-white-black,B&W;b:1:Best Seller;BuilderDropzoneStyle:AIRBRUSH;BVCategory:Women;ChinaCatalog;Color:White:Color;ColorGroup:White;Content:Builder;Filter:DisplaySize:1:XXS - XS;Filter:DisplaySize:3:Small;Filter:Displ
2026-08-31,W,bestsellers,39,Pinstripe Daylight Button Down Long Sleeve - Navy/Ivory,TOP,SEASONLESS,Women:Tops:Long Sleeves,138.0,,False,1,https://cdn.shopify.com/s/files/1/2185/2813/files/W3893R_05617_b1_s1_a1_dSU26_m191.jpg?v=1778659162,w3893r-pinstripe-daylight-button-down-long-sleeve-navy-ivory,b:1:Best Seller;BVCategory:Women;ChinaCatalog;Color:Navy:Color;ColorGroup:Blue;ColorwayType:Limited;Filter:DisplaySize:1:XXS - XS;Filter:DisplaySize:3:Small;Filter:DisplaySize:4:Medium;Filter:DisplayS
2026-08-31,W,bestsellers,40,Ribbed En Pointe Tank - Black,BRA/TANK,SS,Women:Tops:Tanks,78.0,,False,1,https://cdn.shopify.com/s/files/1/2185/2813/files/W9777R_01_b1_s1_a2_dFA24_m18.jpg?v=1785176575,w9777r-ribbed-en-pointe-tank-black,b:1:Best Seller;BVCategory:Women;ChinaCatalog;Color:Black:Color;ColorGroup:Black;FA24;FA24D2-family;FA24Drops-family;Fabric:Ribbed;Filter:DisplaySize:1:XXS - XS;Filter:DisplaySize:3:Small;Filter:Displ
2026-08-31,W,bestsellers,41,ALO Runner - Black/Black,ETC,UNTAGGED,Accessories:Shoes:Sneakers,195.0,,False,1,https://cdn.shopify.com/s/files/1/2185/2813/files/A0590U_01010_b1_s1_a1_80874896-a70c-482f-acfd-cfa3bf64210c.jpg?v=1785189409,a0590u-alo-runner-black-black,b:1:Best Seller;BuilderDropzoneStyle:WHITEARUNNER;BVCategory:Footwear;ChinaCatalog;Color:Black:Color;ColorGroup:Black;Content:Builder;FA24-AloRunner;Maintenance:ColorwayProduct;master-accessories-all;
2026-08-31,W,bestsellers,42,Match Point Short - California Blue,SHORTS/SKIRT,SS,Women:Bottoms:Shorts,78.0,,False,1,https://cdn.shopify.com/s/files/1/2185/2813/files/W6334R_08193_b2_s1_a1_dFA26_m280.jpg?v=1786450795,w6334r-match-point-short-california-blue,b:1:Best Seller;b:3:New;BVCategory:Women;ChinaCatalog;Color:California Blue:Color;ColorGroup:Blue;ColorwayType:Limited;FA26D2-family;FA26Drops-family;Filter:DisplaySize:1:XXS - XS;Filter:DisplaySize:3
2026-08-31,W,bestsellers,43,Accolade Crew Neck Pullover - Pink Marshmallow,FLEECE/KNIT,FW,Women:Outerwear:Coverups:Pullovers,138.0,,False,1,https://cdn.shopify.com/s/files/1/2185/2813/files/U3031RG_08196_b2_s1_a1_dFA26_m18.jpg?v=1785483522,u3031rg-accolade-crew-neck-pullover-pink-marshmallow,AccoladeBoostBury;b:1:Best Seller;builderdropzonestyle:FYFACREW;BVCategory:Women;ChinaCatalog;Color:Pink Marshmallow:Color;ColorGroup:Pink;ColorwayType:Limited;Content:Builder;FA26-Campaign;FA26D1-fam
2026-08-31,W,bestsellers,44,Alosoft Finesse Full Zip Fitted Hoodie - Vintage Athletic Heather,FLEECE/KNIT,FW,Women:Outerwear:Coverups:Hoodies,128.0,,False,1,https://cdn.shopify.com/s/files/1/2185/2813/files/W31103R_07081_b1_s1_a2_dFA26_m191.jpg?v=1784875877,w31103r-alosoft-finesse-full-zip-fitted-hoodie-vintage-athletic-heather,b:1:Best Seller;BuilderDropzoneStyle:ALOSOFT;BVCategory:Women;ChinaCatalog;Color:Vintage Athletic Heather:Color;ColorGroup:Grey;Content:Builder;FA26D1-2-family;FA26Drops-family;Fabric:Alosoft;Filter:D
2026-08-31,W,bestsellers,45,Magnesium Reset Spray,ETC,UNTAGGED,Beauty:Body,48.0,,False,1,https://cdn.shopify.com/s/files/1/2185/2813/files/B2012F_0001_b1_a1_5_ff7695f7-7dc9-47f3-9b25-b91a95c847ec.jpg?v=1761143261,b2012f-magnesium-reset-spray,aloversary20off;b:1:Best Seller;beauty-family;BuilderDropzoneStyle:MGSPRY;BVCategory:Beauty;Content:Builder;DomesticOnly;Maintenance:ColorwayProduct;maintenance:wasfullprice;not_clearance;Policy:Beaut
2026-08-31,W,bestsellers,46,Accolade Short - Pink Marshmallow,SHORTS/SKIRT,SS,Women:Bottoms:Shorts,78.0,,False,1,https://cdn.shopify.com/s/files/1/2185/2813/files/W6472RG_08196_b2_s1_a1_dFA26_m18.jpg?v=1785487592,w6472rg-accolade-short-pink-marshmallow,AccoladeBoostBury;b:1:Best Seller;BVCategory:Women;ChinaCatalog;Color:Pink Marshmallow:Color;ColorGroup:Pink;ColorwayType:Limited;FA26-Campaign;FA26D1-family;FA26Drops-family;Filter:DisplaySize:1:XXS 
2026-08-31,W,bestsellers,47,Airbrush Heart Throb Bra - Dune Grass/White,LEGGING,SS,Women:Bras,88.0,,False,1,https://cdn.shopify.com/s/files/1/2185/2813/files/W9680R_08023_b2_s1_a2_dSU26_m18_95fa4923-7254-4c3f-9e97-95649262ecc7.jpg?v=1784742235,w9680r-airbrush-heart-throb-bra-dune-grass-white,b:1:Best Seller;BuilderDropzoneStyle:AIRBRUSH;BVCategory:Women;ChinaCatalog;Color:Dune Grass:Color;ColorGroup:Green;ColorwayType:Limited;Content:Builder;Fabric:Airbrush;Filter:DisplaySize:1:XXS - XS;F
2026-08-31,W,bestsellers,48,Keep It Cool Gym Towel - Gravel,ACC,SEASONLESS,Accessories:Equipment:Towels,38.0,,False,1,https://cdn.shopify.com/s/files/1/2185/2813/files/A0457U_05438_b1_s1_a3_dSU26.jpg?v=1776857083,a0457u-keep-it-cool-gym-towel-gravel,b:1:Best Seller;BVCategory:Accessories;ChinaCatalog;Color:Gravel:Color;ColorGroup:Beige;Maintenance:ColorwayProduct;master-accessories-all;master-accessories-men;master-man-all;master-woman-all;not_cl
2026-08-31,W,bestsellers,49,Alosoft Intuition Bra - Pink Marshmallow Heather,BRA/TANK,SS,Women:Bras,68.0,,False,1,https://cdn.shopify.com/s/files/1/2185/2813/files/W91032R_08234_b2_s1_a1_dFA26_m212_4a516245-c050-4656-a5e0-19fd85cb25ed.jpg?v=1786593320,w91032r-alosoft-intuition-bra-pink-marshmallow-heather,b:1:Best Seller;BuilderDropzoneStyle:ALOSOFT;BVCategory:Women;ChinaCatalog;Color:Pink Marshmallow Heather:Color;ColorGroup:Pink;ColorwayType:Limited;Content:Builder;FA26-Campaign;FA26D1-1-family;FA26D
2026-08-31,W,bestsellers,50,Airbrush Better Together Bra - Pink Marshmallow/White,LEGGING,SS,Women:Bras,88.0,,False,1,https://cdn.shopify.com/s/files/1/2185/2813/files/W9918R_08301_b2_s1_a1_dFA26_m207_4d69d56c-765e-4ebb-86d1-4be8535cd8f7.jpg?v=1786146389,w9918r-airbrush-better-together-bra-pink-marshmallow-white,b:1:Best Seller;BuilderDropzoneStyle:AIRBRUSH;BVCategory:Women;ChinaCatalog;Color:Pink Marshmallow:Color;ColorGroup:Pink;ColorwayType:Limited;Content:Builder;FA26-Campaign;FA26D1-family;FA26Drops-fami
2026-08-31,M,mens-bestsellers,1,Conquer Reform Crewneck Short Sleeve - White,SHORTS/SKIRT,SS,Men:Tops:Short Sleeves,78.0,,False,1,https://cdn.shopify.com/s/files/1/2185/2813/files/M1205R_00_b2_s1_a1_dFA26_m257.jpg?v=1786551475,m1205r-conquer-reform-crewneck-short-sleeve-white,b:1:Best Seller;BuilderDropzoneStyle:CNQR;BVCategory:Men;ChinaCatalog;Color:White:Color;ColorGroup:White;Content:Builder;FA24MD3-FAMILY;Fabric:Conquer;Filter:DisplaySize:3:Small;Filter:DisplaySize:4:M
2026-08-31,M,mens-bestsellers,2,"7"" Repetition Short - Navy",SHORTS/SKIRT,SS,Men:Bottoms:Shorts,78.0,,False,1,https://cdn.shopify.com/s/files/1/2185/2813/files/M6154R_03842_b2_s1_a1_dSU26_m257.jpg?v=1777661145,m6154r-7-repetition-short-navy,b:1:Best Seller;BVCategory:Men;ChinaCatalog;Color:Navy:Color;ColorGroup:Blue;FA24;FA24Drops-family;Filter:DisplaySize:3:Small;Filter:DisplaySize:4:Medium;Filter:DisplaySize:5:Large;Filter:DisplaySize:
2026-08-31,M,mens-bestsellers,3,Double Take Long Sleeve 1/4 Zip - Bone,TOP,SEASONLESS,Men:Tops:Long Sleeves,128.0,,False,1,https://cdn.shopify.com/s/files/1/2185/2813/files/M3290R_03040_b2_s1_a1_dFA26_m257.jpg?v=1786550165,m3290r-double-take-long-sleeve-1-4-zip-bone,b:1:Best Seller;BuilderDropzoneStyle:DBLTK;BVCategory:Men;Color:Bone:Color;ColorGroup:Beige;Content:Builder;FA25-Campaign;FA25Drops-family;FA25MD2-family;FA26MD3-Carryover;Fabric:Double Take;Filter:Di
2026-08-31,M,mens-bestsellers,4,"7"" Double Take Short - Bone",SHORTS/SKIRT,SS,Men:Bottoms:Shorts,88.0,,False,1,https://cdn.shopify.com/s/files/1/2185/2813/files/M6143R_03040_b2_s1_a1_dFA26_m257.jpg?v=1786550116,m6143r-7-double-take-short-bone,b:1:Best Seller;BVCategory:Men;ChinaCatalog;Color:Bone:Color;ColorGroup:Beige;Fabric:Double Take;Filter:DisplaySize:3:Small;Filter:DisplaySize:4:Medium;Filter:DisplaySize:5:Large;Filter:DisplaySize:6:
2026-08-31,M,mens-bestsellers,5,Light Weight Takeaway Track Pullover - Black,FLEECE/KNIT,FW,Men:Outerwear:Coverups:Pullovers,148.0,,False,1,https://cdn.shopify.com/s/files/1/2185/2813/files/M3259R_01_b2_s1_a1_dSU26_m275.png?v=1778520221,m3259r-light-weight-takeaway-track-pullover-black,b:1:Best Seller;BISCollection;BVCategory:Men;Color:Black:Color;ColorGroup:Black;EcomVideo-Dale;Filter:DisplaySize:3:Small;Filter:DisplaySize:4:Medium;Filter:DisplaySize:5:Large;Filter:DisplaySize:6:XL
2026-08-31,M,mens-bestsellers,6,Suited Trouser - Black,ETC,UNTAGGED,Men:Bottoms:Pants,148.0,,False,1,https://cdn.shopify.com/s/files/1/2185/2813/files/M5016R_01_b2_s1_a1_dFA26_m243.jpg?v=1785280462,m5016r-suited-trouser-black,b:1:Best Seller;b:3:New;BVCategory:Men;ChinaCatalog;Color:Black:Color;ColorGroup:Black;FA26Drops-family;FA26MD1-1-family;Filter:DisplaySize:3:Small;Filter:DisplaySize:4:Medium;Filter:DisplaySize:5:Lar
2026-08-31,M,mens-bestsellers,7,Conquer Reform Crewneck Short Sleeve - Monument,SHORTS/SKIRT,SS,Men:Tops:Short Sleeves,78.0,,False,1,https://cdn.shopify.com/s/files/1/2185/2813/files/M1205R_03497_b2_s1_a1_dFA26_m245_43581ff1-74d1-42e9-b1c4-71a13b13cf25.jpg?v=1786566911,m1205r-conquer-reform-crewneck-short-sleeve-monument,b:1:Best Seller;BuilderDropzoneStyle:CNQR;BVCategory:Men;ChinaCatalog;Color:Monument:Color;ColorGroup:Grey;ColorwayType:Limited;Content:Builder;FA26Drops-family;FA26MD1-family;Fabric:Conquer;Filter:Di
2026-08-31,M,mens-bestsellers,8,"5"" Traction Running Short - Monument",SHORTS/SKIRT,SS,Men:Bottoms:Shorts,88.0,,False,1,https://cdn.shopify.com/s/files/1/2185/2813/files/M6169R_03497_b2_s1_a1_dFA26_m209.jpg?v=1785277558,m6169r-5-traction-running-short-monument,b:1:Best Seller;BVCategory:Men;ChinaCatalog;Color:Monument:Color;ColorGroup:Grey;ColorwayType:Limited;FA26Drops-family;FA26MD1-family;Filter:DisplaySize:3:Small;Filter:DisplaySize:4:Medium;Filter:Disp
2026-08-31,M,mens-bestsellers,9,Double Take Short Sleeve - Espresso,SHORTS/SKIRT,SS,Men:Tops:Short Sleeves,88.0,,False,1,https://cdn.shopify.com/s/files/1/2185/2813/files/M1224R_04064_b1_s1_a3_dSP26_m243.jpg?v=1774385509,m1224r-double-take-short-sleeve-espresso,b:1:Best Seller;BuilderDropzoneStyle:DBLTK;BVCategory:Men;ChinaCatalog;Color:Espresso:Color;ColorGroup:Brown;Content:Builder;Fabric:Double Take;Filter:DisplaySize:3:Small;Filter:DisplaySize:4:Medium;F
2026-08-31,M,mens-bestsellers,10,"7"" Double Take Short - Espresso",SHORTS/SKIRT,SS,Men:Bottoms:Shorts,88.0,,False,1,https://cdn.shopify.com/s/files/1/2185/2813/files/M6143R_04064_b2_s1_a1_dFA26_m245.jpg?v=1786548263,m6143r-7-double-take-short-espresso,b:1:Best Seller;BVCategory:Men;ChinaCatalog;Color:Espresso:Color;ColorGroup:Brown;Fabric:Double Take;Filter:DisplaySize:3:Small;Filter:DisplaySize:4:Medium;Filter:DisplaySize:5:Large;Filter:DisplaySiz
2026-08-31,M,mens-bestsellers,11,Conquer 1/4 Zip Reform Long Sleeve - Navy,TOP,SEASONLESS,Men:Tops:Long Sleeves,108.0,,False,1,https://cdn.shopify.com/s/files/1/2185/2813/files/M3193R_03842_b1_s1_a1_m263.jpg?v=1762563261,m3193r-conquer-1-4-zip-reform-long-sleeve-navy,b:1:Best Seller;BuilderDropzoneStyle:CNQR;BVCategory:Men;ChinaCatalog;Color:Navy:Color;ColorGroup:Blue;Content:Builder;FA24MD1-family;Fabric:Conquer;Filter:DisplaySize:3:Small;Filter:DisplaySize:4:Med
2026-08-31,M,mens-bestsellers,12,Conquer Max Performance Jogger - Navy,BOTTOM-WARM,FW,Men:Bottoms:Pants,128.0,,False,1,https://cdn.shopify.com/s/files/1/2185/2813/files/M5226R_03842_b2_s1_a1_m214.jpg?v=1761532990,m5226r-conquer-max-performance-jogger-navy,b:1:Best Seller;BVCategory:Men;ChinaCatalog;Color:Navy:Color;ColorGroup:Blue;FA25-Campaign;FA25Drops-family;FA25MBridge-family;Fabric:Conquer;Filter:DisplaySize:3:Small;Filter:DisplaySize:4:Medium;Fil
2026-08-31,M,mens-bestsellers,13,Conquer Muscle Tank - Black,BRA/TANK,SS,Men:Tops:Tanks,68.0,,False,1,https://cdn.shopify.com/s/files/1/2185/2813/files/M2066R_01_b1_s1_a5_dSP26_m243.jpg?v=1774385765,m2066r-conquer-muscle-tank-black,b:1:Best Seller;BuilderDropzoneStyle:CNQR;BVCategory:Men;ChinaCatalog;Color:Black:Color;ColorGroup:Black;Content:Builder;FA23;FA23-ConquerTank;Fabric:Conquer;Filter:DisplaySize:3:Small;Filter:DisplayS
2026-08-31,M,mens-bestsellers,14,"5"" Circuit Short - Black",SHORTS/SKIRT,SS,Men:Bottoms:Shorts,68.0,,False,1,https://cdn.shopify.com/s/files/1/2185/2813/files/M6158R_01_b2_s1_a1_1_m276.png?v=1778632075,m6158r-5-circuit-short-black,b:1:Best Seller;BVCategory:Men;ChinaCatalog;Color:Black:Color;ColorGroup:Black;FA25Drops-family;FA25MBridge-family;Filter:DisplaySize:3:Small;Filter:DisplaySize:4:Medium;Filter:DisplaySize:5:Large;Fil
2026-08-31,M,mens-bestsellers,15,Conquer Max Mock Neck Full Zip - Gravel,FLEECE/KNIT,FW,Men:Outerwear:Coverups:Pullovers,138.0,,False,1,https://cdn.shopify.com/s/files/1/2185/2813/files/M3262R_05438_b1_s1_a1_dSP26_m257.jpg?v=1770160181,m3262r-conquer-max-mock-neck-full-zip-gravel,b:1:Best Seller;BuilderDropzoneStyle:CNQR;BVCategory:Men;ChinaCatalog;Color:Gravel:Color;ColorGroup:Beige;Content:Builder;FA26MD3-Carryover;Fabric:Conquer;Filter:DisplaySize:3:Small;Filter:DisplaySize
2026-08-31,M,mens-bestsellers,16,"7"" Repetition Short - Gravel",SHORTS/SKIRT,SS,Men:Bottoms:Shorts,78.0,,False,1,https://cdn.shopify.com/s/files/1/2185/2813/files/M6154R_05438_b2_s1_a1_dSU26_m243.png?v=1778517531,m6154r-7-repetition-short-gravel,b:1:Best Seller;BISCollection;BVCategory:Men;ChinaCatalog;Color:Gravel:Color;ColorGroup:Beige;FA24;FA24Drops-family;Filter:DisplaySize:3:Small;Filter:DisplaySize:4:Medium;Filter:DisplaySize:5:Large;Fi
2026-08-31,M,mens-bestsellers,17,ALO Vapor Crewneck Short Sleeve - White,SHORTS/SKIRT,SS,Men:Tops:Short Sleeves,68.0,,False,1,https://cdn.shopify.com/s/files/1/2185/2813/files/M1228R_00_b2_s1_a1_dSU26_m257.jpg?v=1777661502,m1228r-alo-vapor-crewneck-short-sleeve-white,b:1:Best Seller;BuilderDropzoneStyle:VAPR;BVCategory:Men;ChinaCatalog;Color:White:Color;ColorGroup:White;Content:Builder;FA25MBridge-family;Fabric:ALO Vapor;Filter:DisplaySize:3:Small;Filter:DisplaySi
2026-08-31,M,mens-bestsellers,18,Co-Op Pant (Regular) - Navy,ETC,UNTAGGED,Men:Bottoms:Pants,138.0,,False,1,https://cdn.shopify.com/s/files/1/2185/2813/files/M5144R_03842_b1_s1_a2_m253.jpg?v=1754696433,m5144r-co-op-pant-regular-navy,b:1:Best Seller;BVCategory:Men;ChinaCatalog;Color:Navy:Color;ColorGroup:Blue;FA25Drops-family;FA25MBridge-family;Filter:DisplaySize:3:Small;Filter:DisplaySize:4:Medium;Filter:DisplaySize:5:Large;Filte
2026-08-31,M,mens-bestsellers,19,Triumph Tee - Black,SHORTS/SKIRT,SS,Men:Tops:Short Sleeves,58.0,,False,1,https://cdn.shopify.com/s/files/1/2185/2813/files/M1257R_01_b1_s1_a4_dSP26_m214.jpg?v=1775244311,m1257r-triumph-tee-black,b:1:Best Seller;BuilderDropzoneStyle:TRMPH;BVCategory:Men;ChinaCatalog;Color:Black:Color;ColorGroup:Black;Content:Builder;FA24;FA24Drops-family;FA24MD6-family;Fabric:Triumph;Filter:DisplaySize:3:Small
2026-08-31,M,mens-bestsellers,20,Chill Short - Black,SHORTS/SKIRT,SS,Men:Bottoms:Shorts,78.0,,False,1,https://cdn.shopify.com/s/files/1/2185/2813/files/M6122R_01_b1_s1_a2_dSP26_m214_6bf38e0e-c727-4b06-96df-d5881f65680e.jpg?v=1780513270,m6122r-chill-short-black,b:1:Best Seller;BVCategory:Men;Color:Black:Color;ColorGroup:Black;EcomVideo-Shomari;Filter:DisplaySize:3:Small;Filter:DisplaySize:4:Medium;Filter:DisplaySize:5:Large;Filter:DisplaySize:6:XL - 2XL;Filt
2026-08-31,M,mens-bestsellers,21,Double Take Long Sleeve 1/4 Zip - Monument,TOP,SEASONLESS,Men:Tops:Long Sleeves,128.0,,False,1,https://cdn.shopify.com/s/files/1/2185/2813/files/M3290R_03497_b2_s1_a2_dFA26_m257.png?v=1786465604,m3290r-double-take-long-sleeve-1-4-zip-monument,b:1:Best Seller;BuilderDropzoneStyle:DBLTK;BVCategory:Men;Color:Monument:Color;ColorGroup:Grey;ColorwayType:Limited;Content:Builder;FA26Drops-family;FA26MD1-family;Fabric:Double Take;Filter:DisplaySiz
2026-08-31,M,mens-bestsellers,22,Double Take Straight Leg Pant - Monument,ETC,UNTAGGED,Men:Bottoms:Pants,128.0,,False,1,https://cdn.shopify.com/s/files/1/2185/2813/files/M5259R_03497_b1_s1_a1_dFA26_m257.jpg?v=1784629786,m5259r-double-take-straight-leg-pant-monument,b:1:Best Seller;BuilderDropzoneStyle:DBLTK;BVCategory:Men;ChinaCatalog;Color:Monument:Color;ColorGroup:Grey;ColorwayType:Limited;Content:Builder;FA26Drops-family;FA26MD1-family;Fabric:Double Take;Filt
2026-08-31,M,mens-bestsellers,23,Takeaway Track Full Zip Jacket - Black,OUTERWEAR,FW,Men:Outerwear:Jackets,188.0,,False,1,https://cdn.shopify.com/s/files/1/2185/2813/files/M3334R_01_b2_s1_a1_dSU26_m243.png?v=1778242657,m3334r-takeaway-track-full-zip-jacket-black,b:1:Best Seller;BR:unisex;BVCategory:Men;Color:Black:Color;ColorGroup:Black;Filter:DisplaySize:3:Small;Filter:DisplaySize:4:Medium;Filter:DisplaySize:5:Large;Filter:DisplaySize:6:XL - 2XL;Filter:Size:
2026-08-31,M,mens-bestsellers,24,Takeaway Track Straight Leg Pant - Black,ETC,UNTAGGED,Men:Bottoms:Pants,158.0,,False,1,https://cdn.shopify.com/s/files/1/2185/2813/files/M5265R_01_b2_s1_a1_dSU26_m243.png?v=1778240989,m5265r-takeaway-track-straight-leg-pant-black,b:1:Best Seller;BVCategory:Men;ChinaCatalog;Color:Black:Color;ColorGroup:Black;Filter:DisplaySize:3:Small;Filter:DisplaySize:4:Medium;Filter:DisplaySize:5:Large;Filter:DisplaySize:6:XL - 2XL;Filter:Si
2026-08-31,M,mens-bestsellers,25,Conquer Reform Crewneck Short Sleeve - Black,SHORTS/SKIRT,SS,Men:Tops:Short Sleeves,78.0,,False,1,https://cdn.shopify.com/s/files/1/2185/2813/files/M1205R_01_b1_s1_a1_1_m180.jpg?v=1736364701,m1205r-conquer-reform-crewneck-short-sleeve-black,b:1:Best Seller;BuilderDropzoneStyle:CNQR;BVCategory:Men;ChinaCatalog;Color:Black:Color;ColorGroup:Black;Content:Builder;FA24MD3-FAMILY;Fabric:Conquer;Filter:DisplaySize:3:Small;Filter:DisplaySize:4:M
2026-08-31,M,mens-bestsellers,26,"7"" Repetition Short - Black",SHORTS/SKIRT,SS,Men:Bottoms:Shorts,78.0,,False,1,https://cdn.shopify.com/s/files/1/2185/2813/files/M6154R_01_b1_s1_a1_1_m203.jpg?v=1734054413,m6154r-7-repetition-short-black,b:1:Best Seller;BVCategory:Men;ChinaCatalog;Color:Black:Color;ColorGroup:Black;FA24;FA24Drops-family;Filter:DisplaySize:3:Small;Filter:DisplaySize:4:Medium;Filter:DisplaySize:5:Large;Filter:DisplaySiz
2026-08-31,M,mens-bestsellers,27,Conquer Max Mock Neck Full Zip - Black,FLEECE/KNIT,FW,Men:Outerwear:Coverups:Pullovers,138.0,,False,1,https://cdn.shopify.com/s/files/1/2185/2813/files/M3262R_01_b2_s1_a1_dWT25_m214.jpg?v=1776888259,m3262r-conquer-max-mock-neck-full-zip-black,b:1:Best Seller;BuilderDropzoneStyle:CNQR;BVCategory:Men;ChinaCatalog;Color:Black:Color;ColorGroup:Black;Content:Builder;Fabric:Conquer;Filter:DisplaySize:3:Small;Filter:DisplaySize:4:Medium;Filter:Di
2026-08-31,M,mens-bestsellers,28,Conquer Reform Crewneck Short Sleeve - Navy,SHORTS/SKIRT,SS,Men:Tops:Short Sleeves,78.0,,False,1,https://cdn.shopify.com/s/files/1/2185/2813/files/M1205R_03842_b2_s1_a1_1_m214.jpg?v=1761533071,m1205r-conquer-reform-crewneck-short-sleeve-navy,b:1:Best Seller;BuilderDropzoneStyle:CNQR;BVCategory:Men;ChinaCatalog;Color:Navy:Color;ColorGroup:Blue;Content:Builder;FA24MD1-family;Fabric:Conquer;Filter:DisplaySize:3:Small;Filter:DisplaySize:4:Med
2026-08-31,M,mens-bestsellers,29,Double Take Short Sleeve - Black,SHORTS/SKIRT,SS,Men:Tops:Short Sleeves,88.0,,False,1,https://cdn.shopify.com/s/files/1/2185/2813/files/M1224R_01_b2_s1_a2_dFA26_m257.jpg?v=1786551040,m1224r-double-take-short-sleeve-black,b:1:Best Seller;BuilderDropzoneStyle:DBLTK;BVCategory:Men;ChinaCatalog;Color:Black:Color;ColorGroup:Black;Content:Builder;Fabric:Double Take;Filter:DisplaySize:3:Small;Filter:DisplaySize:4:Medium;Filt
2026-08-31,M,mens-bestsellers,30,Co-Op Pant (Regular) - Black,ETC,UNTAGGED,Men:Bottoms:Pants,138.0,,False,1,https://cdn.shopify.com/s/files/1/2185/2813/files/M5144R_01_b1_s1_a2_m243.jpg?v=1775153771,m5144r-co-op-pant-regular-black,b:1:Best Seller;BVCategory:Men;ChinaCatalog;Color:Black:Color;ColorGroup:Black;FA25Drops-family;FA25MBridge-family;Filter:DisplaySize:3:Small;Filter:DisplaySize:4:Medium;Filter:DisplaySize:5:Large;Fil
2026-08-31,M,mens-bestsellers,31,Double Take Straight Leg Pant - Black,ETC,UNTAGGED,Men:Bottoms:Pants,128.0,,False,1,https://cdn.shopify.com/s/files/1/2185/2813/files/M5259R_01_b1_s1_a1_dSP26_m243.jpg?v=1769503610,m5259r-double-take-straight-leg-pant-black,b:1:Best Seller;BVCategory:Men;ChinaCatalog;Color:Black:Color;ColorGroup:Black;Fabric:Double Take;Filter:DisplaySize:3:Small;Filter:DisplaySize:4:Medium;Filter:DisplaySize:5:Large;Filter:DisplaySize:6
2026-08-31,M,mens-bestsellers,32,Conquer Max Mock Neck Full Zip - Navy,FLEECE/KNIT,FW,Men:Outerwear:Coverups:Pullovers,138.0,,False,1,https://cdn.shopify.com/s/files/1/2185/2813/files/M3262R_03842_b1_s1_a001_1_m221.jpg?v=1742097611,m3262r-conquer-max-mock-neck-full-zip-navy,b:1:Best Seller;BuilderDropzoneStyle:CNQR;BVCategory:Men;ChinaCatalog;Color:Navy:Color;ColorGroup:Blue;ColorwayType:Limited;Content:Builder;Fabric:Conquer;Filter:DisplaySize:3:Small;Filter:DisplaySize
2026-08-31,M,mens-bestsellers,33,Conquer 1/4 Zip Reform Long Sleeve - Black,TOP,SEASONLESS,Men:Tops:Long Sleeves,108.0,,False,1,https://cdn.shopify.com/s/files/1/2185/2813/files/M3193R_01_b1_s1_a1_dSP26_m243.jpg?v=1774387522,m3193r-conquer-1-4-zip-reform-long-sleeve-black,b:1:Best Seller;BuilderDropzoneStyle:CNQR;BVCategory:Men;ChinaCatalog;Color:Black:Color;ColorGroup:Black;Content:Builder;FA24MD3-FAMILY;Fabric:Conquer;Filter:DisplaySize:3:Small;Filter:DisplaySize:4:M
2026-08-31,M,mens-bestsellers,34,Repetition Pant - Black,ETC,UNTAGGED,Men:Bottoms:Pants,128.0,,False,1,https://cdn.shopify.com/s/files/1/2185/2813/files/M5230R_01_b2_s1_a1_dSU26_m257.jpg?v=1777660630,m5230r-repetition-pant-black,b:1:Back in Stock;b:1:Best Seller;BISCollection;BVCategory:Men;ChinaCatalog;Color:Black:Color;ColorGroup:Black;Filter:DisplaySize:3:Small;Filter:DisplaySize:4:Medium;Filter:DisplaySize:5:Large;Filter:
2026-08-31,M,mens-bestsellers,35,ALO Vapor Crewneck Short Sleeve - Black,SHORTS/SKIRT,SS,Men:Tops:Short Sleeves,68.0,,False,1,https://cdn.shopify.com/s/files/1/2185/2813/files/M1228R_01_b2_s3_a3_dFA25_m245.jpg?v=1776888215,m1228r-alo-vapor-crewneck-short-sleeve-black,b:1:Best Seller;BuilderDropzoneStyle:VAPR;BVCategory:Men;ChinaCatalog;Color:Black:Color;ColorGroup:Black;Content:Builder;FA25MBridge-family;Fabric:ALO Vapor;Filter:DisplaySize:3:Small;Filter:DisplaySi
2026-08-31,M,mens-bestsellers,36,Double Take Short Sleeve - White,SHORTS/SKIRT,SS,Men:Tops:Short Sleeves,88.0,,False,1,https://cdn.shopify.com/s/files/1/2185/2813/files/M1224R_05594_b1_s1_a1_m221.jpg?v=1761941985,m1224r-double-take-short-sleeve-white,b:1:Best Seller;bis-paused;BuilderDropzoneStyle:DBLTK;BVCategory:Men;ChinaCatalog;Color:White:Color;ColorGroup:White;Content:Builder;Fabric:Double Take;Filter:DisplaySize:3:Small;Filter:DisplaySize:4:
2026-08-31,M,mens-bestsellers,37,ALO Vapor Crewneck Short Sleeve - Navy,SHORTS/SKIRT,SS,Men:Tops:Short Sleeves,68.0,,False,1,https://cdn.shopify.com/s/files/1/2185/2813/files/M1228R_03842_b1_s1_a1_m180.jpg?v=1754469666,m1228r-alo-vapor-crewneck-short-sleeve-navy,b:1:Best Seller;BuilderDropzoneStyle:VAPR;BVCategory:Men;ChinaCatalog;Color:Navy:Color;ColorGroup:Blue;ColorwayType:Limited;Content:Builder;FA25MBridge-family;Fabric:ALO Vapor;Filter:DisplaySize:3:Sma
2026-08-31,M,mens-bestsellers,38,Unisex Half-Crew Throwback Sock - White/Black,ACC,SEASONLESS,Accessories:Socks,34.0,,False,1,https://cdn.shopify.com/s/files/1/2185/2813/products/A0480U_0001_b1_a1.jpg?v=1669748933,a0480u-unisex-half-crew-throwback-sock-white-black,b:1:Best Seller;BVCategory:Socks;ChinaCatalog;Color:White:Color;ColorGroup:White;Filter:Size:L;Filter:Size:M;Filter:Size:S;Maintenance:ColorwayProduct;master-accessories-all;master-accessories-men;mas
2026-08-31,M,mens-bestsellers,39,ALO Vapor Crewneck Short Sleeve - Anthracite,SHORTS/SKIRT,SS,Men:Tops:Short Sleeves,68.0,,False,1,https://cdn.shopify.com/s/files/1/2185/2813/files/M1228R_02125_b2_s1_a1_m208.jpg?v=1766553426,m1228r-alo-vapor-crewneck-short-sleeve-anthracite,b:1:Best Seller;BuilderDropzoneStyle:VAPR;BVCategory:Men;ChinaCatalog;Color:Anthracite:Color;ColorGroup:Grey;Content:Builder;FA26MD4-Carryover;Fabric:ALO Vapor;Filter:DisplaySize:3:Small;Filter:Displa
2026-08-31,M,mens-bestsellers,40,Double Take Short Sleeve - Bone,SHORTS/SKIRT,SS,Men:Tops:Short Sleeves,88.0,,False,1,https://cdn.shopify.com/s/files/1/2185/2813/files/M1224R_03040_b1_s1_a2_dSU25_m243.jpg?v=1785384438,m1224r-double-take-short-sleeve-bone,b:1:Best Seller;BuilderDropzoneStyle:DBLTK;BVCategory:Men;ChinaCatalog;Color:Bone:Color;ColorGroup:Beige;Content:Builder;Fabric:Double Take;Filter:DisplaySize:3:Small;Filter:DisplaySize:4:Medium;Filte
2026-08-31,M,mens-bestsellers,41,Double Take Hoodie - Black,FLEECE/KNIT,FW,Men:Outerwear:Coverups:Hoodies,128.0,,False,1,https://cdn.shopify.com/s/files/1/2185/2813/files/M3245R_01_b1_s1_a2_dSP26_m214.jpg?v=1774388969,m3245r-double-take-hoodie-black,b:1:Best Seller;BVCategory:Men;ChinaCatalog;Color:Black:Color;ColorGroup:Black;Fabric:Double Take;Filter:DisplaySize:3:Small;Filter:DisplaySize:4:Medium;Filter:DisplaySize:5:Large;Filter:DisplaySize:6
2026-08-31,M,mens-bestsellers,42,Conquer Max Performance Jogger - Black,BOTTOM-WARM,FW,Men:Bottoms:Pants,128.0,,False,1,https://cdn.shopify.com/s/files/1/2185/2813/files/M5226R_01_b2_s1_a1_dSU26_m275.png?v=1778517370,m5226r-conquer-max-performance-jogger-black,b:1:Best Seller;BVCategory:Men;ChinaCatalog;Color:Black:Color;ColorGroup:Black;Fabric:Conquer;Filter:DisplaySize:3:Small;Filter:DisplaySize:4:Medium;Filter:DisplaySize:5:Large;Filter:DisplaySize:6:XL 
2026-08-31,M,mens-bestsellers,43,Conquer Reform Long Sleeve With Hood - Black,TOP,SEASONLESS,Men:Tops:Long Sleeves,108.0,,False,1,https://cdn.shopify.com/s/files/1/2185/2813/files/M3199R_01_b1_s1_a4_dSP26_m243.jpg?v=1774388049,m3199r-conquer-reform-long-sleeve-with-hood-black,b:1:Best Seller;BuilderDropzoneStyle:CNQR;BVCategory:Men;ChinaCatalog;Color:Black:Color;ColorGroup:Black;Content:Builder;FA24MD3-FAMILY;Fabric:Conquer;Filter:DisplaySize:3:Small;Filter:DisplaySize:4:M
2026-08-31,M,mens-bestsellers,44,Co-Op Pant (Long) - Navy,ETC,UNTAGGED,Men:Bottoms:Pants,138.0,,False,1,https://cdn.shopify.com/s/files/1/2185/2813/files/M5084R_03842_b1_s1_a1_1_m236.jpg?v=1746737309,m5190r-co-op-pant-long-navy,b:1:Back in Stock;b:1:Best Seller;BISCollection;BVCategory:Men;ChinaCatalog;Color:Navy:Color;ColorGroup:Blue;ColorwayType:Limited;Filter:DisplaySize:3:Small;Filter:DisplaySize:4:Medium;Filter:DisplayS
2026-08-31,M,mens-bestsellers,45,"7"" Repetition Short - Anthracite",SHORTS/SKIRT,SS,Men:Bottoms:Shorts,78.0,,False,1,https://cdn.shopify.com/s/files/1/2185/2813/files/M6154R_02125_b2_s1_a1_m208.jpg?v=1767749600,m6154r-7-repetition-short-anthracite,b:1:Best Seller;BVCategory:Men;ChinaCatalog;Color:Anthracite:Color;ColorGroup:Grey;FA24;FA24Drops-family;FA26MD4-Carryover;Filter:DisplaySize:3:Small;Filter:DisplaySize:4:Medium;Filter:DisplaySize:5:L
2026-08-31,M,mens-bestsellers,46,Elemental Full-Zip Jacket - Black,OUTERWEAR,FW,Men:Outerwear:Jackets,198.0,,False,1,https://cdn.shopify.com/s/files/1/2185/2813/files/M4185R_01_b1_s1_a1_m243.jpg?v=1758927468,m4185r-elemental-full-zip-jacket-black,b:1:Best Seller;BVCategory:Men;ChinaCatalog;Color:Black:Color;ColorGroup:Black;Filter:DisplaySize:3:Small;Filter:DisplaySize:4:Medium;Filter:DisplaySize:5:Large;Filter:DisplaySize:6:XL - 2XL;Filter:Si
2026-08-31,M,mens-bestsellers,47,Waffle Lounge Hoodie - Black,FLEECE/KNIT,FW,Men:Outerwear:Coverups:Hoodies,148.0,,False,1,https://cdn.shopify.com/s/files/1/2185/2813/files/M3311R_01_b1_s1_a1_m214.jpg?v=1763551316,m3311r-waffle-lounge-hoodie-black,b:1:Best Seller;BVCategory:Men;ChinaCatalog;Color:Black:Color;ColorGroup:Black;Fabric:Waffle;Filter:DisplaySize:3:Small;Filter:DisplaySize:4:Medium;Filter:DisplaySize:5:Large;Filter:DisplaySize:6:XL -
2026-08-31,M,mens-bestsellers,48,Alpha Shell Jacket - Black,OUTERWEAR,FW,Men:Outerwear:Jackets,348.0,,False,1,https://cdn.shopify.com/s/files/1/2185/2813/files/M4200R_01_b2_s1_a1_m252.jpg?v=1756135963,m4200r-alpha-shell-jacket-black,b:1:Best Seller;BVCategory:Men;ChinaCatalog;Color:Black:Color;ColorGroup:Black;FA25-Campaign;FA25MBridge-family;Filter:DisplaySize:3:Small;Filter:DisplaySize:4:Medium;Filter:DisplaySize:5:Large;Filter
2026-08-31,M,mens-bestsellers,49,Alpha Shell Jacket - Navy,OUTERWEAR,FW,Men:Outerwear:Jackets,348.0,,False,1,https://cdn.shopify.com/s/files/1/2185/2813/files/M4200R_03842_b1_s1_a3_m221.jpg?v=1754502770,m4200r-alpha-shell-jacket-navy,b:1:Best Seller;BVCategory:Men;ChinaCatalog;Color:Navy:Color;ColorGroup:Blue;FA25Drops-family;FA25MBridge-family;Filter:DisplaySize:3:Small;Filter:DisplaySize:4:Medium;Filter:DisplaySize:5:Large;Filte
2026-08-31,M,mens-bestsellers,50,"7"" Conquer React Performance Short - Black",SHORTS/SKIRT,SS,Men:Bottoms:Shorts,68.0,,False,1,https://cdn.shopify.com/s/files/1/2185/2813/files/M6131R_01_b1_s1_a1_1_m243.jpg?v=1747861552,m6131r-conquer-react-performance-short-black,b:1:Best Seller;BVCategory:Men;ChinaCatalog;Color:Black:Color;ColorGroup:Black;EcomVideo-Shomari;Fabric:Conquer;Filter:DisplaySize:3:Small;Filter:DisplaySize:4:Medium;Filter:DisplaySize:5:Large;Filter
2026-09-07,W,bestsellers,1,ALO Softsculpt Precision Halter Tank - Pink Marshmallow,BRA/TANK,SS,Women:Tops:Tanks,88.0,,False,1,https://cdn.shopify.com/s/files/1/2185/2813/files/W2851R_08196_b2_s1_a1_dFA26_m207.png?v=1786379222,w2851r-alo-softsculpt-precision-halter-tank-pink-marshmallow,b:1:Best Seller;BuilderDropzoneStyle:SOFTSCULPT;BVCategory:Women;ChinaCatalog;Color:Pink Marshmallow:Color;ColorGroup:Pink;ColorwayType:Limited;Content:Builder;FA26D1-family;FA26Drops-family;Fabric:AL
2026-09-07,W,bestsellers,2,Match Point Short - Pink Marshmallow,SHORTS/SKIRT,SS,Women:Bottoms:Shorts,78.0,,False,1,https://cdn.shopify.com/s/files/1/2185/2813/files/W6334R_08196_b2_s1_a3_dFA26_m18.png?v=1786133877,w6334r-match-point-short-pink-marshmallow,b:1:Best Seller;BVCategory:Women;ChinaCatalog;Color:Pink Marshmallow:Color;ColorGroup:Pink;ColorwayType:Limited;FA26-Campaign;FA26D1-family;FA26Drops-family;Filter:DisplaySize:1:XXS - XS;Filter:Displa
2026-09-07,W,bestsellers,3,Aspire Tank - Espresso/White,BRA/TANK,SS,Women:Tops:Tanks,68.0,,False,1,https://cdn.shopify.com/s/files/1/2185/2813/files/W2675RG_04064_b2_s1_a1_dSU26_m18.jpg?v=1784833535,w2675rg-aspire-tank-espresso-white,aloversary20off;b:1:Best Seller;BVCategory:Women;ChinaCatalog;Color:Espresso:Color;ColorGroup:Brown;Filter:DisplaySize:1:XXS - XS;Filter:DisplaySize:3:Small;Filter:DisplaySize:4:Medium;Filter:DisplayS
2026-09-07,W,bestsellers,4,Suit Up Trouser (Regular) - Espresso,ETC,UNTAGGED,Women:Bottoms:Pants,148.0,,False,1,https://cdn.shopify.com/s/files/1/2185/2813/files/W51432R_04064_b2_s1_a1_dFA26_m224.jpg?v=1786394191,w51432r-suit-up-trouser-regular-espresso,b:1:Best Seller;BuilderDropzoneStyle:SUTRSER;BVCategory:Women;ChinaCatalog;Color:Espresso:Color;ColorGroup:Brown;Content:Builder;Filter:DisplaySize:1:XXS - XS;Filter:DisplaySize:3:Small;Filter:Display
2026-09-07,W,bestsellers,5,Splendor Bra - Black,BRA/TANK,SS,Women:Bras,68.0,,False,1,https://cdn.shopify.com/s/files/1/2185/2813/files/W9351RG_01_b2_s1_a2_dSU26_m241.jpg?v=1785195434,w9351rg-splendor-bra-black,b:1:Best Seller;BISCollection;BuilderDropzoneStyle:AIRBRUSH;BVCategory:Women;ChinaCatalog;Color:Black:Color;ColorGroup:Black;Content:Builder;Fabric:Airbrush;Filter:DisplaySize:1:XXS - XS;Filter:Displa
2026-09-07,W,bestsellers,6,Match Point Tennis Skirt - Black,SHORTS/SKIRT,SS,Women:Bottoms:Skirts,78.0,,False,1,https://cdn.shopify.com/s/files/1/2185/2813/files/W6240R_01_b2_s1_a2_dSU26_m269.jpg?v=1785182237,w6240r-match-point-tennis-skirt-black,aloversary20off;b:1:Best Seller;BIScollection;blackskirt;BVCategory:Women;ChinaCatalog;Color:Black:Color;ColorGroup:Black;Filter:DisplaySize:1:XXS - XS;Filter:DisplaySize:3:Small;Filter:DisplaySize:4:
2026-09-07,W,bestsellers,7,Pinstripe Daylight Button Down Long Sleeve - Navy/Ivory,TOP,SEASONLESS,Women:Tops:Long Sleeves,138.0,,False,1,https://cdn.shopify.com/s/files/1/2185/2813/files/W3893R_05617_b1_s1_a1_dSU26_m191.jpg?v=1778659162,w3893r-pinstripe-daylight-button-down-long-sleeve-navy-ivory,b:1:Best Seller;BVCategory:Women;ChinaCatalog;Color:Navy:Color;ColorGroup:Blue;ColorwayType:Limited;Filter:DisplaySize:1:XXS - XS;Filter:DisplaySize:3:Small;Filter:DisplaySize:4:Medium;Filter:DisplayS
2026-09-07,W,bestsellers,8,Pinstripe Daylight Boxer Pant (Regular) - Navy/Ivory,ETC,UNTAGGED,Women:Bottoms:Pants,148.0,,False,1,https://cdn.shopify.com/s/files/1/2185/2813/files/W54260R_05617_b1_s1_a3_dFA26_m286.jpg?v=1785918885,w54260r-pinstripe-daylight-boxer-pant-navy-ivory,b:1:Best Seller;b:3:New;BVCategory:Women;ChinaCatalog;Color:Navy:Color;ColorGroup:Blue;FA26D2-family;FA26Drops-family;Filter:DisplaySize:1:XXS - XS;Filter:DisplaySize:3:Small;Filter:DisplaySize:4:Medi
2026-09-07,W,bestsellers,9,Accolade Crew Neck Pullover - Pink Marshmallow,FLEECE/KNIT,FW,Women:Outerwear:Coverups:Pullovers,138.0,,False,1,https://cdn.shopify.com/s/files/1/2185/2813/files/U3031RG_08196_b2_s1_a1_dFA26_m18.jpg?v=1785483522,u3031rg-accolade-crew-neck-pullover-pink-marshmallow,AccoladeBoostBury;b:1:Best Seller;builderdropzonestyle:FYFACREW;BVCategory:Women;ChinaCatalog;Color:Pink Marshmallow:Color;ColorGroup:Pink;ColorwayType:Limited;Content:Builder;FA26-Campaign;FA26D1-fam
2026-09-07,W,bestsellers,10,Accolade Short - Pink Marshmallow,SHORTS/SKIRT,SS,Women:Bottoms:Shorts,78.0,,False,1,https://cdn.shopify.com/s/files/1/2185/2813/files/W6472RG_08196_b2_s1_a1_dFA26_m18.jpg?v=1785487592,w6472rg-accolade-short-pink-marshmallow,AccoladeBoostBury;b:1:Best Seller;BVCategory:Women;ChinaCatalog;Color:Pink Marshmallow:Color;ColorGroup:Pink;ColorwayType:Limited;FA26-Campaign;FA26D1-family;FA26Drops-family;Filter:DisplaySize:1:XXS 
2026-09-07,W,bestsellers,11,All Day Short Sleeve - Black,SHORTS/SKIRT,SS,Women:Tops:Short Sleeves,68.0,,False,1,https://cdn.shopify.com/s/files/1/2185/2813/files/W1430R_01_b1_s1_a5_dFA26_m191.jpg?v=1787872273,w1430r-all-day-short-sleeve-black,b:1:Best Seller;BVCategory:Women;Color:Black:Color;ColorGroup:Black;Filter:DisplaySize:1:XXS - XS;Filter:DisplaySize:3:Small;Filter:DisplaySize:4:Medium;Filter:DisplaySize:5:L - XL;Filter:Size:L;Filte
2026-09-07,W,bestsellers,12,Suit Up Trouser (Short) - Black,SHORTS/SKIRT,SS,Women:Bottoms:Pants,148.0,,False,1,https://cdn.shopify.com/s/files/1/2185/2813/files/W54428R_01_b1_s1_a1_dSU26_m207_079634e6-40a0-4a87-b84b-fadf9fca4d89.jpg?v=1785172319,w54428r-suit-up-trouser-short-black,b:1:Best Seller;BISCollection;BuilderDropzoneStyle:SUTRSER;BVCategory:Women;ChinaCatalog;Color:Black:Color;ColorGroup:Black;Content:Builder;Filter:DisplaySize:1:XXS - XS;Filter:DisplaySize:3:Small;Fil
2026-09-07,W,bestsellers,13,Suit Up Trouser (Regular) - Black,ETC,UNTAGGED,Women:Bottoms:Pants,148.0,,False,1,https://cdn.shopify.com/s/files/1/2185/2813/files/W54187R_01_b2_s1_a1_dFA26_m264.jpg?v=1786394345,w51432r-suit-up-trouser-black,AA25-PDPselects;b:1:Best Seller;BuilderDropzoneStyle:SUTRSER;BVCategory:Women;ChinaCatalog;Color:Black:Color;ColorGroup:Black;Content:Builder;Filter:DisplaySize:1:XXS - XS;Filter:DisplaySize:3:Small;F
2026-09-07,W,bestsellers,14,Suit Up Trouser (Regular) - Navy,ETC,UNTAGGED,Women:Bottoms:Pants,148.0,,False,1,https://cdn.shopify.com/s/files/1/2185/2813/files/W51432R_03842_b2_s1_a1_dFA26_m18.jpg?v=1787588852,w51432r-suit-up-trouser-regular-navy,AA25-PDPselects;b:1:Best Seller;BIScollection;BuilderDropzoneStyle:SUTRSER;BVCategory:Women;ChinaCatalog;Color:Navy:Color;ColorGroup:Blue;Content:Builder;Filter:DisplaySize:1:XXS - XS;Filter:DisplaySi
2026-09-07,W,bestsellers,15,Match Point Tennis Skirt - Navy,SHORTS/SKIRT,SS,Women:Bottoms:Skirts,78.0,,False,1,https://cdn.shopify.com/s/files/1/2185/2813/files/W6240R_03842_b2_s1_a1_dFA26_m191.jpg?v=1786450170,w6240r-match-point-tennis-skirt-navy,b:1:Best Seller;BVCategory:Women;ChinaCatalog;Color:Navy:Color;ColorGroup:Blue;FA26D2-family;FA26Drops-family;Filter:DisplaySize:1:XXS - XS;Filter:DisplaySize:3:Small;Filter:DisplaySize:4:Medium;Filte
2026-09-07,W,bestsellers,16,Suit Up Trouser (Long) - Black,ETC,UNTAGGED,Women:Bottoms:Pants,148.0,,False,1,https://cdn.shopify.com/s/files/1/2185/2813/files/W54187R_01_b2_s1_a1_dSP26_m242_6633269e-29a0-424b-8114-5584580ec498.jpg?v=1771882591,w54187r-suit-up-trouser-long-black,b:1:Best Seller;BuilderDropzoneStyle:SUTRSER;BVCategory:Women;ChinaCatalog;Color:Black:Color;ColorGroup:Black;Content:Builder;Filter:DisplaySize:1:XXS - XS;Filter:DisplaySize:3:Small;Filter:DisplaySiz
2026-09-07,W,bestsellers,17,Match Point Short - Black,SHORTS/SKIRT,SS,Women:Bottoms:Shorts,78.0,,False,1,https://cdn.shopify.com/s/files/1/2185/2813/files/W6334R_01_b1_s1_a12_dSP25_m76_95f28c01-4a4b-451c-9a3e-e37f07f91446.jpg?v=1785184161,w6334r-match-point-short-black,b:1:Best Seller;BIScollection;BVCategory:Women;ChinaCatalog;Color:Black:Color;ColorGroup:Black;FA23;FA23D1-family;Filter:DisplaySize:1:XXS - XS;Filter:DisplaySize:3:Small;Filter:DisplaySize:4:Medium;F
2026-09-07,W,bestsellers,18,ALO Sunset Sneaker Mule - Gravel,ETC,UNTAGGED,Accessories:Shoes:Mules,225.0,,False,1,https://cdn.shopify.com/s/files/1/2185/2813/files/A1004U_05438_b1_s1_a3_dSU26_3711f573-8e02-4c2c-986c-3d294ad7ffa5.jpg?v=1785187905,a1004u-alo-sunset-sneaker-mule-gravel,b:1:Best Seller;BuilderDropzoneStyle:SSMULE;BVCategory:Footwear;ChinaCatalog;Color:Gravel:Color;ColorGroup:Beige;Content:Builder;Maintenance:ColorwayProduct;master-accessories-all;master-woman-all;MBe
2026-09-07,W,bestsellers,19,ALO Runner - Black/Black,ETC,UNTAGGED,Accessories:Shoes:Sneakers,195.0,,False,1,https://cdn.shopify.com/s/files/1/2185/2813/files/A0590U_01010_b1_s1_a1_80874896-a70c-482f-acfd-cfa3bf64210c.jpg?v=1785189409,a0590u-alo-runner-black-black,b:1:Best Seller;BuilderDropzoneStyle:WHITEARUNNER;BVCategory:Footwear;ChinaCatalog;Color:Black:Color;ColorGroup:Black;Content:Builder;FA24-AloRunner;Maintenance:ColorwayProduct;master-accessories-all;
2026-09-07,W,bestsellers,20,Suit Up Trouser (Short) - Navy,SHORTS/SKIRT,SS,Women:Bottoms:Pants,148.0,,False,1,https://cdn.shopify.com/s/files/1/2185/2813/files/W54428R_03842_b2_s1_a3_dSU25_m191.jpg?v=1785172235,w54428r-suit-up-trouser-short-navy,b:1:Best Seller;BuilderDropzoneStyle:SUTRSER;BVCategory:Women;ChinaCatalog;Color:Navy:Color;ColorGroup:Blue;Content:Builder;Filter:DisplaySize:1:XXS - XS;Filter:DisplaySize:3:Small;Filter:DisplaySize:
2026-09-07,W,bestsellers,21,Unisex Half-Crew Throwback Sock - White/Black,ACC,SEASONLESS,Accessories:Socks,34.0,,False,1,https://cdn.shopify.com/s/files/1/2185/2813/products/A0480U_0001_b1_a1.jpg?v=1669748933,a0480u-unisex-half-crew-throwback-sock-white-black,b:1:Best Seller;BVCategory:Socks;ChinaCatalog;Color:White:Color;ColorGroup:White;Filter:Size:L;Filter:Size:M;Filter:Size:S;Maintenance:ColorwayProduct;master-accessories-all;master-accessories-men;mas
2026-09-07,W,bestsellers,22,Aspire Tank - Black/White,BRA/TANK,SS,Women:Tops:Tanks,68.0,,False,1,https://cdn.shopify.com/s/files/1/2185/2813/files/W2675RG_06401_b2_s1_a3_m143.jpg?v=1785179036,w2675rg-aspire-tank-black-white,aloversary20off;b:1:Best Seller;bluequartz-family;BuilderDropzoneStyle:ASPRLGBX;BVCategory:Women;ChinaCatalog;Color:Black:Color;ColorGroup:Black;Content:Builder;Filter:DisplaySize:1:XXS - XS;Filter:Di
2026-09-07,W,bestsellers,23,ALO Softsculpt 7/8 Define Legging - Black,LEGGING,SEASONLESS,Women:Bottoms:Leggings,134.0,,False,1,https://cdn.shopify.com/s/files/1/2185/2813/files/W54599R_01_b2_s1_a1_dFA26_m287_jpg.png?v=1786031828,w54599r-alo-softsculpt-7-8-define-legging-black,b:1:Best Seller;BuilderDropzoneStyle:DFNLGG;BVCategory:Women;ChinaCatalog;Color:Black:Color;ColorGroup:Black;Content:Builder;delilahlaunch;Fabric:ALO Softsculpt;Filter:DisplaySize:1:XXS - XS;Filter:Di
2026-09-07,W,bestsellers,24,Performance Off-Duty Cap - Black/Black,ACC,SEASONLESS,Accessories:Hats:Caps,68.0,,False,1,https://cdn.shopify.com/s/files/1/2185/2813/files/A0543U_0101_b1_s1_a11.jpg?v=1785186051,a0543u-performance-off-duty-cap-black-black,b:1:Best Seller;BIScollection;BVCategory:Accessories;ChinaCatalog;Color:Black:Color;ColorGroup:Black;Maintenance:ColorwayProduct;master-accessories-all;master-man-all;master-woman-all;MBestSeller;Men:
2026-09-07,W,bestsellers,25,Performance Conquer Headband - Black,ACC,SEASONLESS,Women:Accessories:Hair Management:Headbands,34.0,,False,1,https://cdn.shopify.com/s/files/1/2185/2813/products/A0518U_01_b1_a1.jpg?v=1745838296,a0518u-performance-conquer-headband-black,b:1:Best Seller;BVCategory:Accessories;ChinaCatalog;Color:Black:Color;ColorGroup:Black;Maintenance:ColorwayProduct;master-accessories-all;master-woman-all;MBestSeller;Men:Activity:Court;Men:Activity:R
2026-09-07,W,bestsellers,26,Airbrush Heart Throb Bra - Black/White,LEGGING,SS,Women:Bras,88.0,,False,1,https://cdn.shopify.com/s/files/1/2185/2813/files/W9680R_0100_b2_s1_a2_dSU26_m191.jpg?v=1785177524,w9680r-airbrush-heart-throb-bra-black-white,b:1:Best Seller;BIScollection;BuilderDropzoneStyle:AIRBRUSH;BVCategory:Women;ChinaCatalog;Color:Black:Color;ColorGroup:Black;Content:Builder;FA23;FA23D3-family;Filter:DisplaySize:1:XXS - XS;Filter:Dis
2026-09-07,W,bestsellers,27,90's Claw Clip - Brown Tortoise,ETC,UNTAGGED,Women:Accessories:Hair Management:Hair Ties,38.0,,False,1,https://cdn.shopify.com/s/files/1/2185/2813/files/A0286W_05200_b1_s1_a1_af11627d-df09-4830-9b0b-5693ac9f9597.jpg?v=1698259824,a0286w-90s-claw-clip-brown-tortoise,b:1:Best Seller;BVCategory:Accessories;ChinaCatalog;Color:Brown Tortoise:Color;ColorGroup:Brown;FA23;FA23D1-family;Maintenance:ColorwayProduct;master-accessories-all;master-woman-all;not_clearance;pri
2026-09-07,W,bestsellers,28,Ribbed Sea Coast Long Sleeve - Black,TOP,SEASONLESS,Women:Tops:Long Sleeves,74.0,,False,1,https://cdn.shopify.com/s/files/1/2185/2813/files/W3781R_01_b1_s1_a1_dSU26_m54_d2d9f108-efaa-4292-a9db-d84c9bd4e60a.jpg?v=1772063194,w3781r-ribbed-sea-coast-long-sleeve-black,b:1:Back in Stock;b:1:Best Seller;BISCollection;BVCategory:Women;Color:Black:Color;ColorGroup:Black;Fabric:Ribbed;Filter:DisplaySize:1:XXS - XS;Filter:DisplaySize:3:Small;Filter:DisplaySize:4:Medium;F
2026-09-07,W,bestsellers,29,Airbrush Heart Throb Bra - California Blue/White,LEGGING,SS,Women:Bras,88.0,,False,1,https://cdn.shopify.com/s/files/1/2185/2813/files/W9680R_08305_b2_s1_a1_dFA26_m269.jpg?v=1786451878,w9680r-airbrush-heart-throb-bra-california-blue-white,b:1:Best Seller;b:3:New;BuilderDropzoneStyle:AIRBRUSH;BVCategory:Women;ChinaCatalog;Color:California Blue:Color;ColorGroup:Blue;ColorwayType:Limited;Content:Builder;FA26D2-family;FA26Drops-family;Filt
2026-09-07,W,bestsellers,30,Aspire Tank - White/Black,BRA/TANK,SS,Women:Tops:Tanks,68.0,,False,1,https://cdn.shopify.com/s/files/1/2185/2813/files/W2675RG_0001_b2_s1_a2_dFA26_m212_50011a27-c524-4239-bcb1-7d74d88cf2e6.jpg?v=1786593320,w2675rg-aspire-tank-white-black,AA25-PDPselects;aloversary20off;b:1:Best Seller;bis-paused;bluequartz-family;BVCategory:Women;ChinaCatalog;Color:White:Color;ColorGroup:White;Filter:DisplaySize:1:XXS - XS;Filter:DisplaySize:3:Small;F
2026-09-07,W,bestsellers,31,Match Point Short - California Blue,SHORTS/SKIRT,SS,Women:Bottoms:Shorts,78.0,,False,1,https://cdn.shopify.com/s/files/1/2185/2813/files/W6334R_08193_b2_s1_a1_dFA26_m280.jpg?v=1786450795,w6334r-match-point-short-california-blue,b:1:Best Seller;b:3:New;BVCategory:Women;ChinaCatalog;Color:California Blue:Color;ColorGroup:Blue;ColorwayType:Limited;FA26D2-family;FA26Drops-family;Filter:DisplaySize:1:XXS - XS;Filter:DisplaySize:3
2026-09-07,W,bestsellers,32,ALO Runner - White/White,ETC,UNTAGGED,Accessories:Shoes:Sneakers,195.0,,False,1,https://cdn.shopify.com/s/files/1/2185/2813/files/A0590U_00000_b1_s1_a1_3127d11e-0c49-4947-b776-6024980739b4.jpg?v=1785190245,a0590u-alo-runner-white-white,b:1:Best Seller;BuilderDropzoneStyle:WHITEARUNNER;BVCategory:Footwear;ChinaCatalog;Color:White:Color;ColorGroup:White;Content:Builder;FA24-AloRunner;Maintenance:ColorwayProduct;master-accessories-all;
2026-09-07,W,bestsellers,33,Match Point Short - Navy,SHORTS/SKIRT,SS,Women:Bottoms:Shorts,78.0,,False,1,https://cdn.shopify.com/s/files/1/2185/2813/files/W6344R_03842_b2_s1_a1_dSP26_m54.jpg?v=1782250851,w6334r-match-point-short-navy,b:1:Best Seller;BIScollection;BVCategory:Women;ChinaCatalog;Color:Navy:Color;ColorGroup:Blue;ColorwayType:Limited;Filter:DisplaySize:1:XXS - XS;Filter:DisplaySize:3:Small;Filter:DisplaySize:4:Medium;F
2026-09-07,W,bestsellers,34,Accolade Straight Leg Sweatpant - California Blue,BOTTOM-WARM,FW,Women:Bottoms:Sweatpants,138.0,,False,1,https://cdn.shopify.com/s/files/1/2185/2813/files/U5012RG_08193_b2_s1_a1_dFA26_m18.jpg?v=1787101610,u5012rg-accolade-straight-leg-sweatpant-california-blue,b:1:Best Seller;b:3:New;builderdropzonestyle:FYFASL;BVCategory:Women;ChinaCatalog;Color:California Blue:Color;ColorGroup:Blue;ColorwayType:Limited;Content:Builder;FA26D2-family;FA26Drops-family;Filter
2026-09-07,W,bestsellers,35,Suit Up Trouser (Long) - Navy,ETC,UNTAGGED,Women:Bottoms:Pants,148.0,,False,1,https://cdn.shopify.com/s/files/1/2185/2813/files/W54187R_03842_b2_s1_a3_m18.jpg?v=1785173060,w54187r-suit-up-trouser-long-navy,b:1:Best Seller;BISCollection;BuilderDropzoneStyle:SUTRSER;BVCategory:Women;ChinaCatalog;Color:Navy:Color;ColorGroup:Blue;Content:Builder;Filter:DisplaySize:1:XXS - XS;Filter:DisplaySize:3:Small;Filte
2026-09-07,W,bestsellers,36,Full Stride Micro Running Short - California Blue,SHORTS/SKIRT,SS,Women:Bottoms:Shorts,78.0,,False,1,https://cdn.shopify.com/s/files/1/2185/2813/files/W6627R_08193_b2_s1_a2_dFA26_m269.jpg?v=1787101856,w6627r-full-stride-micro-running-short-california-blue,b:1:Best Seller;b:3:New;BVCategory:Women;ChinaCatalog;Color:California Blue:Color;ColorGroup:Blue;ColorwayType:Limited;FA26D2-family;FA26Drops-family;Filter:DisplaySize:1:XXS - XS;Filter:DisplaySize:3
2026-09-07,W,bestsellers,37,Match Point Tennis Skirt - White,SHORTS/SKIRT,SS,Women:Bottoms:Skirts,78.0,,False,1,https://cdn.shopify.com/s/files/1/2185/2813/files/W6240R_00_b1_s1_a4_dFA26_m224.jpg?v=1787872552,w6240r-match-point-tennis-skirt-white,aloversary20off;b:1:Best Seller;BVCategory:Women;ChinaCatalog;Color:White:Color;ColorGroup:White;Filter:DisplaySize:1:XXS - XS;Filter:DisplaySize:3:Small;Filter:DisplaySize:4:Medium;Filter:DisplaySize
2026-09-07,W,bestsellers,38,Airbrush Better Together Bra - Black/White,LEGGING,SS,Women:Bras,88.0,,False,1,https://cdn.shopify.com/s/files/1/2185/2813/files/W9918R_0100_b2_s1_a2_dFA26_m285.png?v=1785797782,w9918r-airbrush-better-together-bra-black-white,b:1:Best Seller;bellalaunch;BISCollection;BuilderDropzoneStyle:AIRBRUSH;BVCategory:Women;ChinaCatalog;Color:Black:Color;ColorGroup:Black;Content:Builder;Fabric:Airbrush;Filter:DisplaySize:1:XXS - XS;F
2026-09-07,W,bestsellers,39,Unisex Half-Crew Throwback Sock - White/California Blue,ACC,SEASONLESS,Accessories:Socks,34.0,,False,1,https://cdn.shopify.com/s/files/1/2185/2813/files/A0480U_08308_b1_s1_af_dFA26.jpg?v=1786048016,a0480u-unisex-half-crew-throwback-sock-white-california-blue,b:1:Best Seller;b:3:New;BVCategory:Socks;ChinaCatalog;Color:White:Color;ColorGroup:White;ColorwayType:Limited;FA26D2-family;FA26Drops-family;Filter:Size:L;Filter:Size:M;Filter:Size:S;JustDropped:New T
2026-09-07,W,bestsellers,40,Suit Up Trouser (Regular) - Dune Grass,ETC,UNTAGGED,Women:Bottoms:Pants,148.0,,False,1,https://cdn.shopify.com/s/files/1/2185/2813/files/W51432R_07947_b2_s1_a1_dSU26_m228.jpg?v=1784747388,w51432r-suit-up-trouser-regular-dune-grass,b:1:Best Seller;BuilderDropzoneStyle:SUTRSER;BVCategory:Women;ChinaCatalog;Color:Dune Grass:Color;ColorGroup:Green;ColorwayType:Limited;Content:Builder;Filter:DisplaySize:1:XXS - XS;Filter:DisplaySize
2026-09-07,W,bestsellers,41,ALO Softsculpt Precision Short Sleeve Top - Espresso,SHORTS/SKIRT,SS,Women:Tops:Short Sleeves,78.0,,False,1,https://cdn.shopify.com/s/files/1/2185/2813/files/W1479R_04064_b2_s1_a1_m190_aa6ac71e-9347-428e-919e-24f5eddd94df.jpg?v=1786148281,w1479r-alo-softsculpt-precision-short-sleeve-top-espresso,b:1:Best Seller;BuilderDropzoneStyle:SOFTSCULPT;BVCategory:Women;ChinaCatalog;Color:Espresso:Color;ColorGroup:Brown;Content:Builder;Fabric:ALO Softsculpt;Filter:DisplaySize:1:XXS - XS;Filter:DisplaySi
2026-09-07,W,bestsellers,42,Aspire Tank - Pink Marshmallow/White,BRA/TANK,SS,Women:Tops:Tanks,68.0,,False,1,https://cdn.shopify.com/s/files/1/2185/2813/files/W2675RG_08301_b2_s1_a1_dFA26_m186_6253e4f4-7afb-4e08-838f-de7d82fbf643.jpg?v=1787179519,w2675rg-aspire-tank-pink-marshmallow-white,b:1:Best Seller;BVCategory:Women;ChinaCatalog;Color:Pink Marshmallow:Color;ColorGroup:Pink;ColorwayType:Limited;FA26-Campaign;FA26-Jisoo;FA26D1-family;FA26Drops-family;Filter:DisplaySize:1:XXS - XS;Fi
2026-09-07,W,bestsellers,43,Airlift High-Waist Trifecta Legging - Navy/White,LEGGING,SEASONLESS,Women:Bottoms:Leggings,138.0,,False,1,https://cdn.shopify.com/s/files/1/2185/2813/files/W54434R_06639_b2_s1_a1_dFA26_m207.jpg?v=1786452244,w54434r-airlift-high-waist-trifecta-legging-navy-white,b:1:Best Seller;b:3:New;BuilderDropzoneStyle:ARLTRISE;BVCategory:Women;ChinaCatalog;Color:Navy:Color;ColorGroup:Blue;Content:Builder;FA26D2-1-family;FA26Drops-family;Fabric:Airlift;Filter:DisplaySize:
2026-09-07,W,bestsellers,44,Accolade 1/4 Zip Pullover - Black,FLEECE/KNIT,FW,Women:Outerwear:Coverups:Pullovers,148.0,,False,1,https://cdn.shopify.com/s/files/1/2185/2813/files/U3040RG_01_b2_s1_a1_1_m210.jpg?v=1770144016,u3040rg-accolade-1-4-zip-pullover-black,AA25-PDPselects;AccoladeBoostBury;b:1:Best Seller;BISCollection;BR:unisex;BVCategory:Women;ChinaCatalog;Color:Black:Color;ColorGroup:Black;Filter:DisplaySize:1:XXS - XS;Filter:DisplaySize:3:Small;Filt
2026-09-07,W,bestsellers,45,Suit Up Trouser (Long) - Espresso,ETC,UNTAGGED,Women:Bottoms:Pants,148.0,,False,1,https://cdn.shopify.com/s/files/1/2185/2813/files/W54187R_04064_b1_s1_a1_m161.jpg?v=1775151434,w54187r-suit-up-trouser-long-espresso,b:1:Back in Stock;b:1:Best Seller;BISCollection;BuilderDropzoneStyle:SUTRSER;BVCategory:Women;ChinaCatalog;Color:Espresso:Color;ColorGroup:Brown;Content:Builder;Filter:DisplaySize:1:XXS - XS;Filter:Di
2026-09-07,W,bestsellers,46,Pinstripe Daylight Boxer Pant (Regular) - Black/Titanium,ETC,UNTAGGED,Women:Bottoms:Pants,148.0,,False,1,https://cdn.shopify.com/s/files/1/2185/2813/files/W54260R_01407_b2_s1_a2_dFA26_m264.jpg?v=1786394117,w54260r-pinstripe-daylight-boxer-pant-regular-black-titanium,b:1:Best Seller;BVCategory:Women;ChinaCatalog;Color:Black:Color;ColorGroup:Black;FA25D2-family;FA25Drops-family;FA26D2-Carryover;Filter:DisplaySize:1:XXS - XS;Filter:DisplaySize:3:Small;Filter:Display
2026-09-07,W,bestsellers,47,7/8 High-Waist Airlift Legging - Black,LEGGING,SEASONLESS,Women:Bottoms:Leggings,134.0,,False,1,https://cdn.shopify.com/s/files/1/2185/2813/files/W5766R_01_b2_s1_a1_1_m18.jpg?v=1762820993,w5766r-7-8-high-waist-airlift-legging-black,7/8 Length;AA25-PDPselects;aloversary20off;B&W;b:1:Best Seller;Bluemoon-family;bronzed-family;BuilderDropzoneStyle:ARLTRISE;BVCategory:Women;ChinaCatalog;Color:Black:Color;ColorGroup:Black;Content:Bui
2026-09-07,W,bestsellers,48,Alosoft Crop Finesse Short Sleeve - California Blue,SHORTS/SKIRT,SS,Women:Tops:Short Sleeves,68.0,,False,1,https://cdn.shopify.com/s/files/1/2185/2813/files/W1406R_08193_b1_s1_a1_dFA26_m241.jpg?v=1785918059,w1406r-alosoft-crop-finesse-short-sleeve-california-blue,b:1:Best Seller;b:3:New;BuilderDropzoneStyle:ALOSOFT;BVCategory:Women;ChinaCatalog;Color:California Blue:Color;ColorGroup:Blue;ColorwayType:Limited;Content:Builder;FA26D2-family;FA26Drops-family;Fabri
2026-09-07,W,bestsellers,49,Airlift Trifecta Bra - Navy/White,LEGGING,SS,Women:Bras,78.0,,False,1,https://cdn.shopify.com/s/files/1/2185/2813/files/W91027R_06639_b1_s1_a1_dFA26_m241.jpg?v=1785924242,w91027r-airlift-trifecta-bra-navy-white,b:1:Best Seller;b:3:New;BuilderDropzoneStyle:AIRLIFT;BVCategory:Women;ChinaCatalog;Color:Navy:Color;ColorGroup:Blue;Content:Builder;FA26D2-1-family;FA26Drops-family;Fabric:Airlift;Filter:DisplaySize:1
2026-09-07,W,bestsellers,50,Seamless Ribbed Favorite Full Length Bra Tank - Black,BRA/TANK,SS,Women:Tops:Tanks,88.0,,False,1,https://cdn.shopify.com/s/files/1/2185/2813/files/W9698R_01_b2_s1_a5_m240_68cdb616-8e07-4d53-9a5b-fc61bffd7538.jpg?v=1753980289,w9698r-seamless-ribbed-favorite-full-length-bra-tank-black,b:1:Best Seller;BIScollection;BVCategory:Women;ChinaCatalog;Color:Black:Color;ColorGroup:Black;FA25D1-family;FA25Drops-family;Fabric:Seamless;Filter:DisplaySize:1:XXS - XS;Filter:DisplaySize:3:Small;F
2026-09-07,M,mens-bestsellers,1,"7"" Repetition Short - Navy",SHORTS/SKIRT,SS,Men:Bottoms:Shorts,78.0,,False,1,https://cdn.shopify.com/s/files/1/2185/2813/files/M6095R_03842_b2_s1_a1_dFA26_m252_636cfd26-0929-4a9a-af5c-391f85495aa9.jpg?v=1788363628,m6154r-7-repetition-short-navy,b:1:Best Seller;BVCategory:Men;ChinaCatalog;Color:Navy:Color;ColorGroup:Blue;FA24;FA24Drops-family;FA26-JOEBLAUNCH;Filter:DisplaySize:3:Small;Filter:DisplaySize:4:Medium;Filter:DisplaySize:5:Large;Fil
2026-09-07,M,mens-bestsellers,2,Accolade 1/4 Zip Pullover - Black,FLEECE/KNIT,FW,Men:Outerwear:Coverups:Pullovers,148.0,,False,1,https://cdn.shopify.com/s/files/1/2185/2813/files/U3040RG_01_b2_s1_a1_dFA26_m252_791b4a03-5a04-4929-b400-2fb7db86e825.jpg?v=1788363629,u3040rg-accolade-1-4-zip-pullover-black-mens,AccoladeBoostBury;b:1:Best Seller;BR:unisex;BVCategory:Men;Color:Black:Color;ColorGroup:Black;FA26-JOEBLAUNCH;Filter:DisplaySize:1:XXS - XS;Filter:DisplaySize:3:Small;Filter:DisplaySize:4:Medium;Filte
2026-09-07,M,mens-bestsellers,3,Accolade Sweatpant - Black,BOTTOM-WARM,FW,Men:Bottoms:Sweatpants,138.0,,False,1,https://cdn.shopify.com/s/files/1/2185/2813/files/U5013RG_01_b1_s1_a1_dFA26_m257.jpg?v=1785956448,w5942rg-accolade-sweatpant-black-mens,AccoladeBoostBury;aloversary20off;b:1:Best Seller;BISCollection;BR:unisex;BVCategory:Men;ChinaCatalog;Color:Black:Color;ColorGroup:Black;Filter:DisplaySize:1:XXS - XS;Filter:DisplaySize:3:Small;Filter
2026-09-07,M,mens-bestsellers,4,Conquer Reform Crewneck Short Sleeve - Espresso,SHORTS/SKIRT,SS,Men:Tops:Short Sleeves,78.0,,False,1,https://cdn.shopify.com/s/files/1/2185/2813/files/M1205R_04064_b2_s1_a1_m275.png?v=1782497506,m1205r-conquer-reform-crewneck-short-sleeve-espresso,b:1:Best Seller;BuilderDropzoneStyle:CNQR;BVCategory:Men;ChinaCatalog;Color:Espresso:Color;ColorGroup:Brown;Content:Builder;FA24MD5-family;Fabric:Conquer;Filter:DisplaySize:3:Small;Filter:DisplaySize:
2026-09-07,M,mens-bestsellers,5,"5"" Circuit Short - Espresso",SHORTS/SKIRT,SS,Men:Bottoms:Shorts,68.0,,False,1,https://cdn.shopify.com/s/files/1/2185/2813/files/M6158R_04064_b2_s1_a1_dSU26_m276.png?v=1778517627,m6158r-5-circuit-short-espresso,b:1:Best Seller;BVCategory:Men;ChinaCatalog;Color:Espresso:Color;ColorGroup:Brown;FA25Drops-family;FA25MBridge-family;Filter:DisplaySize:3:Small;Filter:DisplaySize:4:Medium;Filter:DisplaySize:5:Large;
2026-09-07,M,mens-bestsellers,6,ALO Vapor Crewneck Short Sleeve - White,SHORTS/SKIRT,SS,Men:Tops:Short Sleeves,68.0,,False,1,https://cdn.shopify.com/s/files/1/2185/2813/files/M1228R_00_b2_s1_a1_dSU26_m257.jpg?v=1777661502,m1228r-alo-vapor-crewneck-short-sleeve-white,b:1:Best Seller;BuilderDropzoneStyle:VAPR;BVCategory:Men;ChinaCatalog;Color:White:Color;ColorGroup:White;Content:Builder;FA25MBridge-family;Fabric:ALO Vapor;Filter:DisplaySize:3:Small;Filter:DisplaySi
2026-09-07,M,mens-bestsellers,7,Co-Op Pant (Regular) - Navy,ETC,UNTAGGED,Men:Bottoms:Pants,138.0,,False,1,https://cdn.shopify.com/s/files/1/2185/2813/files/M5144R_03842_b1_s1_a2_m253.jpg?v=1754696433,m5144r-co-op-pant-regular-navy,b:1:Best Seller;BVCategory:Men;ChinaCatalog;Color:Navy:Color;ColorGroup:Blue;FA25Drops-family;FA25MBridge-family;Filter:DisplaySize:3:Small;Filter:DisplaySize:4:Medium;Filter:DisplaySize:5:Large;Filte
2026-09-07,M,mens-bestsellers,8,Light Weight Takeaway Track Pullover - Black,FLEECE/KNIT,FW,Men:Outerwear:Coverups:Pullovers,148.0,,False,1,https://cdn.shopify.com/s/files/1/2185/2813/files/M3259R_01_b2_s1_a1_dSU26_m275.png?v=1778520221,m3259r-light-weight-takeaway-track-pullover-black,b:1:Best Seller;BISCollection;BVCategory:Men;Color:Black:Color;ColorGroup:Black;EcomVideo-Dale;Filter:DisplaySize:3:Small;Filter:DisplaySize:4:Medium;Filter:DisplaySize:5:Large;Filter:DisplaySize:6:XL
2026-09-07,M,mens-bestsellers,9,Suited Trouser - Black,ETC,UNTAGGED,Men:Bottoms:Pants,148.0,,False,1,https://cdn.shopify.com/s/files/1/2185/2813/files/M5016R_01_b2_s1_a1_dFA26_m243.jpg?v=1785280462,m5016r-suited-trouser-black,b:1:Best Seller;b:3:New;BVCategory:Men;ChinaCatalog;Color:Black:Color;ColorGroup:Black;FA26Drops-family;FA26MD1-1-family;Filter:DisplaySize:3:Small;Filter:DisplaySize:4:Medium;Filter:DisplaySize:5:Lar
2026-09-07,M,mens-bestsellers,10,Double Take Long Sleeve 1/4 Zip - Monument,TOP,SEASONLESS,Men:Tops:Long Sleeves,128.0,,False,1,https://cdn.shopify.com/s/files/1/2185/2813/files/M3290R_03497_b2_s1_a2_dFA26_m257.png?v=1786465604,m3290r-double-take-long-sleeve-1-4-zip-monument,b:1:Best Seller;BuilderDropzoneStyle:DBLTK;BVCategory:Men;Color:Monument:Color;ColorGroup:Grey;ColorwayType:Limited;Content:Builder;FA26Drops-family;FA26MD1-family;Fabric:Double Take;Filter:DisplaySiz
2026-09-07,M,mens-bestsellers,11,Double Take Straight Leg Pant - Monument,ETC,UNTAGGED,Men:Bottoms:Pants,128.0,,False,1,https://cdn.shopify.com/s/files/1/2185/2813/files/M5259R_03497_b1_s1_a1_dFA26_m257.jpg?v=1784629786,m5259r-double-take-straight-leg-pant-monument,b:1:Best Seller;BuilderDropzoneStyle:DBLTK;BVCategory:Men;ChinaCatalog;Color:Monument:Color;ColorGroup:Grey;ColorwayType:Limited;Computed:IsAlmostGone;Computed:UnderInventoryThreshold:5:for:L;Computed
2026-09-07,M,mens-bestsellers,12,Conquer Muscle Tank - Bone,BRA/TANK,SS,Men:Tops:Tanks,68.0,,False,1,https://cdn.shopify.com/s/files/1/2185/2813/files/M2066R_03040_b1_s1_a1_m236.jpg?v=1746519975,m2066r-conquer-muscle-tank-bone,b:1:Best Seller;BuilderDropzoneStyle:CNQR;BVCategory:Men;ChinaCatalog;Color:Bone:Color;ColorGroup:Beige;Content:Builder;Fabric:Conquer;Filter:DisplaySize:3:Small;Filter:DisplaySize:4:Medium;Filter:Dis
2026-09-07,M,mens-bestsellers,13,"7"" Conquer React Performance Short - Bone",SHORTS/SKIRT,SS,Men:Bottoms:Shorts,68.0,,False,1,https://cdn.shopify.com/s/files/1/2185/2813/files/M6131R_03040_b2_s1_a1_1_m252.jpg?v=1760365331,m6131r-conquer-react-performance-short-bone,b:1:Best Seller;BVCategory:Men;ChinaCatalog;Color:Bone:Color;ColorGroup:Beige;EcomVideo-Shomari;Fabric:Conquer;Filter:DisplaySize:3:Small;Filter:DisplaySize:4:Medium;Filter:DisplaySize:5:Large;Filter:
2026-09-07,M,mens-bestsellers,14,ALO Vapor Crewneck Short Sleeve - Anthracite,SHORTS/SKIRT,SS,Men:Tops:Short Sleeves,68.0,,False,1,https://cdn.shopify.com/s/files/1/2185/2813/files/M1228R_02125_b2_s1_a1_m208.jpg?v=1766553426,m1228r-alo-vapor-crewneck-short-sleeve-anthracite,b:1:Best Seller;BuilderDropzoneStyle:VAPR;BVCategory:Men;ChinaCatalog;Color:Anthracite:Color;ColorGroup:Grey;Content:Builder;FA26MD4-Carryover;Fabric:ALO Vapor;Filter:DisplaySize:3:Small;Filter:Displa
2026-09-07,M,mens-bestsellers,15,"7"" Repetition Short - Anthracite",SHORTS/SKIRT,SS,Men:Bottoms:Shorts,78.0,,False,1,https://cdn.shopify.com/s/files/1/2185/2813/files/M6154R_02125_b2_s1_a1_m208.jpg?v=1767749600,m6154r-7-repetition-short-anthracite,b:1:Best Seller;BVCategory:Men;ChinaCatalog;Color:Anthracite:Color;ColorGroup:Grey;FA24;FA24Drops-family;FA26MD4-Carryover;Filter:DisplaySize:3:Small;Filter:DisplaySize:4:Medium;Filter:DisplaySize:5:L
2026-09-07,M,mens-bestsellers,16,Conquer Reform Crewneck Short Sleeve - Navy,SHORTS/SKIRT,SS,Men:Tops:Short Sleeves,78.0,,False,1,https://cdn.shopify.com/s/files/1/2185/2813/files/M1205R_03842_b2_s1_a1_1_m214.jpg?v=1761533071,m1205r-conquer-reform-crewneck-short-sleeve-navy,b:1:Best Seller;BuilderDropzoneStyle:CNQR;BVCategory:Men;ChinaCatalog;Color:Navy:Color;ColorGroup:Blue;Content:Builder;FA24MD1-family;Fabric:Conquer;Filter:DisplaySize:3:Small;Filter:DisplaySize:4:Med
2026-09-07,M,mens-bestsellers,17,Conquer Max Performance Jogger - Navy,BOTTOM-WARM,FW,Men:Bottoms:Pants,128.0,,False,1,https://cdn.shopify.com/s/files/1/2185/2813/files/M5226R_03842_b2_s1_a1_m214.jpg?v=1761532990,m5226r-conquer-max-performance-jogger-navy,b:1:Best Seller;BVCategory:Men;ChinaCatalog;Color:Navy:Color;ColorGroup:Blue;FA25-Campaign;FA25Drops-family;FA25MBridge-family;Fabric:Conquer;Filter:DisplaySize:3:Small;Filter:DisplaySize:4:Medium;Fil
2026-09-07,M,mens-bestsellers,18,Triumph Tee - Black,SHORTS/SKIRT,SS,Men:Tops:Short Sleeves,58.0,,False,1,https://cdn.shopify.com/s/files/1/2185/2813/files/M1257R_01_b1_s1_a4_dSP26_m214.jpg?v=1775244311,m1257r-triumph-tee-black,b:1:Best Seller;BuilderDropzoneStyle:TRMPH;BVCategory:Men;ChinaCatalog;Color:Black:Color;ColorGroup:Black;Content:Builder;FA24;FA24Drops-family;FA24MD6-family;Fabric:Triumph;Filter:DisplaySize:3:Small
2026-09-07,M,mens-bestsellers,19,Chill Short - Black,SHORTS/SKIRT,SS,Men:Bottoms:Shorts,78.0,,False,1,https://cdn.shopify.com/s/files/1/2185/2813/files/M6122R_01_b1_s1_a2_dSP26_m214_6bf38e0e-c727-4b06-96df-d5881f65680e.jpg?v=1780513270,m6122r-chill-short-black,b:1:Best Seller;BVCategory:Men;Color:Black:Color;ColorGroup:Black;EcomVideo-Shomari;Filter:DisplaySize:3:Small;Filter:DisplaySize:4:Medium;Filter:DisplaySize:5:Large;Filter:DisplaySize:6:XL - 2XL;Filt
2026-09-07,M,mens-bestsellers,20,Sports Club Sweater Knit Polo - Ivory,FLEECE/KNIT,FW,Men:Tops:Short Sleeves,168.0,,False,1,https://cdn.shopify.com/s/files/1/2185/2813/files/M1250R_03299_b1_s1_a1_m243.jpg?v=1747108191,m1250r-sports-club-sweater-knit-polo-ivory,b:1:Best Seller;BVCategory:Men;ChinaCatalog;Color:Ivory:Color;ColorGroup:White;Computed:UnderInventoryThreshold:5:for:S;Filter:DisplaySize:3:Small;Filter:DisplaySize:4:Medium;Filter:DisplaySize:5:Larg
2026-09-07,M,mens-bestsellers,21,"7"" Sports Club Sweater Knit Short - Ivory",FLEECE/KNIT,FW,Men:Bottoms:Shorts,168.0,,False,1,https://cdn.shopify.com/s/files/1/2185/2813/files/M6171R_03299_b1_s1_a1_m243.jpg?v=1747108210,m6171r-7-sports-club-sweater-knit-short-ivory,b:1:Best Seller;BVCategory:Men;ChinaCatalog;Color:Ivory:Color;ColorGroup:White;Filter:DisplaySize:3:Small;Filter:DisplaySize:4:Medium;Filter:DisplaySize:5:Large;Filter:DisplaySize:6:XL - 2XL;Filter:Si
2026-09-07,M,mens-bestsellers,22,Takeaway Track Full Zip Jacket - Black,OUTERWEAR,FW,Men:Outerwear:Jackets,188.0,,False,1,https://cdn.shopify.com/s/files/1/2185/2813/files/M3334R_01_b2_s1_a1_dSU26_m243.png?v=1778242657,m3334r-takeaway-track-full-zip-jacket-black,b:1:Best Seller;BR:unisex;BVCategory:Men;Color:Black:Color;ColorGroup:Black;Filter:DisplaySize:3:Small;Filter:DisplaySize:4:Medium;Filter:DisplaySize:5:Large;Filter:DisplaySize:6:XL - 2XL;Filter:Size:
2026-09-07,M,mens-bestsellers,23,Takeaway Track Straight Leg Pant - Black,ETC,UNTAGGED,Men:Bottoms:Pants,158.0,,False,1,https://cdn.shopify.com/s/files/1/2185/2813/files/M5265R_01_b2_s1_a1_dSU26_m243.png?v=1778240989,m5265r-takeaway-track-straight-leg-pant-black,b:1:Best Seller;BVCategory:Men;ChinaCatalog;Color:Black:Color;ColorGroup:Black;Filter:DisplaySize:3:Small;Filter:DisplaySize:4:Medium;Filter:DisplaySize:5:Large;Filter:DisplaySize:6:XL - 2XL;Filter:Si
2026-09-07,M,mens-bestsellers,24,Conquer Max Mock Neck Full Zip - Black,FLEECE/KNIT,FW,Men:Outerwear:Coverups:Pullovers,138.0,,False,1,https://cdn.shopify.com/s/files/1/2185/2813/files/M3262R_01_b2_s1_a1_dWT25_m214.jpg?v=1776888259,m3262r-conquer-max-mock-neck-full-zip-black,b:1:Best Seller;BuilderDropzoneStyle:CNQR;BVCategory:Men;ChinaCatalog;Color:Black:Color;ColorGroup:Black;Content:Builder;Fabric:Conquer;Filter:DisplaySize:3:Small;Filter:DisplaySize:4:Medium;Filter:Di
2026-09-07,M,mens-bestsellers,25,"7"" Repetition Short - Black",SHORTS/SKIRT,SS,Men:Bottoms:Shorts,78.0,,False,1,https://cdn.shopify.com/s/files/1/2185/2813/files/M6154R_01_b1_s1_a1_1_m203.jpg?v=1734054413,m6154r-7-repetition-short-black,b:1:Best Seller;BVCategory:Men;ChinaCatalog;Color:Black:Color;ColorGroup:Black;FA24;FA24Drops-family;Filter:DisplaySize:3:Small;Filter:DisplaySize:4:Medium;Filter:DisplaySize:5:Large;Filter:DisplaySiz
2026-09-07,M,mens-bestsellers,26,Co-Op Pant (Regular) - Black,ETC,UNTAGGED,Men:Bottoms:Pants,138.0,,False,1,https://cdn.shopify.com/s/files/1/2185/2813/files/M5144R_01_b1_s1_a2_m243.jpg?v=1775153771,m5144r-co-op-pant-regular-black,b:1:Best Seller;BVCategory:Men;ChinaCatalog;Color:Black:Color;ColorGroup:Black;FA25Drops-family;FA25MBridge-family;Filter:DisplaySize:3:Small;Filter:DisplaySize:4:Medium;Filter:DisplaySize:5:Large;Fil
2026-09-07,M,mens-bestsellers,27,Double Take Straight Leg Pant - Black,ETC,UNTAGGED,Men:Bottoms:Pants,128.0,,False,1,https://cdn.shopify.com/s/files/1/2185/2813/files/M5259R_01_b1_s1_a1_dSP26_m243.jpg?v=1769503610,m5259r-double-take-straight-leg-pant-black,b:1:Best Seller;BVCategory:Men;ChinaCatalog;Color:Black:Color;ColorGroup:Black;Fabric:Double Take;Filter:DisplaySize:3:Small;Filter:DisplaySize:4:Medium;Filter:DisplaySize:5:Large;Filter:DisplaySize:6
2026-09-07,M,mens-bestsellers,28,Conquer Max Mock Neck Full Zip - Navy,FLEECE/KNIT,FW,Men:Outerwear:Coverups:Pullovers,138.0,,False,1,https://cdn.shopify.com/s/files/1/2185/2813/files/M3262R_03842_b1_s1_a001_1_m221.jpg?v=1742097611,m3262r-conquer-max-mock-neck-full-zip-navy,b:1:Best Seller;BuilderDropzoneStyle:CNQR;BVCategory:Men;ChinaCatalog;Color:Navy:Color;ColorGroup:Blue;ColorwayType:Limited;Content:Builder;Fabric:Conquer;Filter:DisplaySize:3:Small;Filter:DisplaySize
2026-09-07,M,mens-bestsellers,29,Conquer Reform Crewneck Short Sleeve - Black,SHORTS/SKIRT,SS,Men:Tops:Short Sleeves,78.0,,False,1,https://cdn.shopify.com/s/files/1/2185/2813/files/M1205R_01_b1_s1_a1_1_m180.jpg?v=1736364701,m1205r-conquer-reform-crewneck-short-sleeve-black,b:1:Best Seller;BuilderDropzoneStyle:CNQR;BVCategory:Men;ChinaCatalog;Color:Black:Color;ColorGroup:Black;Content:Builder;FA24MD3-FAMILY;Fabric:Conquer;Filter:DisplaySize:3:Small;Filter:DisplaySize:4:M
2026-09-07,M,mens-bestsellers,30,Repetition Pant - Black,ETC,UNTAGGED,Men:Bottoms:Pants,128.0,,False,1,https://cdn.shopify.com/s/files/1/2185/2813/files/M5230R_01_b2_s1_a1_dSU26_m257.jpg?v=1777660630,m5230r-repetition-pant-black,b:1:Back in Stock;b:1:Best Seller;BISCollection;BVCategory:Men;ChinaCatalog;Color:Black:Color;ColorGroup:Black;Filter:DisplaySize:3:Small;Filter:DisplaySize:4:Medium;Filter:DisplaySize:5:Large;Filter:
2026-09-07,M,mens-bestsellers,31,Conquer 1/4 Zip Reform Long Sleeve - Navy,TOP,SEASONLESS,Men:Tops:Long Sleeves,108.0,,False,1,https://cdn.shopify.com/s/files/1/2185/2813/files/M3193R_03842_b1_s1_a1_m263.jpg?v=1762563261,m3193r-conquer-1-4-zip-reform-long-sleeve-navy,b:1:Best Seller;BuilderDropzoneStyle:CNQR;BVCategory:Men;ChinaCatalog;Color:Navy:Color;ColorGroup:Blue;Content:Builder;FA24MD1-family;Fabric:Conquer;Filter:DisplaySize:3:Small;Filter:DisplaySize:4:Med
2026-09-07,M,mens-bestsellers,32,Conquer Reform Crewneck Short Sleeve - White,SHORTS/SKIRT,SS,Men:Tops:Short Sleeves,78.0,,False,1,https://cdn.shopify.com/s/files/1/2185/2813/files/M1205R_00_b2_s1_a1_dFA26_m257.jpg?v=1786551475,m1205r-conquer-reform-crewneck-short-sleeve-white,b:1:Best Seller;BuilderDropzoneStyle:CNQR;BVCategory:Men;ChinaCatalog;Color:White:Color;ColorGroup:White;Content:Builder;FA24MD3-FAMILY;Fabric:Conquer;Filter:DisplaySize:3:Small;Filter:DisplaySize:4:M
2026-09-07,M,mens-bestsellers,33,Conquer 1/4 Zip Reform Long Sleeve - Black,TOP,SEASONLESS,Men:Tops:Long Sleeves,108.0,,False,1,https://cdn.shopify.com/s/files/1/2185/2813/files/M3193R_01_b1_s1_a1_dSP26_m243.jpg?v=1774387522,m3193r-conquer-1-4-zip-reform-long-sleeve-black,b:1:Best Seller;BuilderDropzoneStyle:CNQR;BVCategory:Men;ChinaCatalog;Color:Black:Color;ColorGroup:Black;Content:Builder;FA24MD3-FAMILY;Fabric:Conquer;Filter:DisplaySize:3:Small;Filter:DisplaySize:4:M
2026-09-07,M,mens-bestsellers,34,Double Take Short Sleeve - Black,SHORTS/SKIRT,SS,Men:Tops:Short Sleeves,88.0,,False,1,https://cdn.shopify.com/s/files/1/2185/2813/files/M1224R_01_b2_s1_a2_dFA26_m257.jpg?v=1786551040,m1224r-double-take-short-sleeve-black,b:1:Best Seller;BuilderDropzoneStyle:DBLTK;BVCategory:Men;ChinaCatalog;Color:Black:Color;ColorGroup:Black;Content:Builder;Fabric:Double Take;Filter:DisplaySize:3:Small;Filter:DisplaySize:4:Medium;Filt
2026-09-07,M,mens-bestsellers,35,ALO Vapor Crewneck Short Sleeve - Black,SHORTS/SKIRT,SS,Men:Tops:Short Sleeves,68.0,,False,1,https://cdn.shopify.com/s/files/1/2185/2813/files/M1228R_01_b1_s3_a3_1_m180.jpg?v=1756308446,m1228r-alo-vapor-crewneck-short-sleeve-black,b:1:Best Seller;BuilderDropzoneStyle:VAPR;BVCategory:Men;ChinaCatalog;Color:Black:Color;ColorGroup:Black;Content:Builder;FA25MBridge-family;Fabric:ALO Vapor;Filter:DisplaySize:3:Small;Filter:DisplaySi
2026-09-07,M,mens-bestsellers,36,Alpha Shell Jacket - Black,OUTERWEAR,FW,Men:Outerwear:Jackets,348.0,,False,1,https://cdn.shopify.com/s/files/1/2185/2813/files/M4200R_01_b2_s1_a1_m252.jpg?v=1756135963,m4200r-alpha-shell-jacket-black,b:1:Best Seller;BVCategory:Men;ChinaCatalog;Color:Black:Color;ColorGroup:Black;FA25-Campaign;FA25MBridge-family;Filter:DisplaySize:3:Small;Filter:DisplaySize:4:Medium;Filter:DisplaySize:5:Large;Filter
2026-09-07,M,mens-bestsellers,37,ALO Vapor Crewneck Short Sleeve - Navy,SHORTS/SKIRT,SS,Men:Tops:Short Sleeves,68.0,,False,1,https://cdn.shopify.com/s/files/1/2185/2813/files/M1228R_03842_b1_s1_a1_m180.jpg?v=1754469666,m1228r-alo-vapor-crewneck-short-sleeve-navy,b:1:Best Seller;BuilderDropzoneStyle:VAPR;BVCategory:Men;ChinaCatalog;Color:Navy:Color;ColorGroup:Blue;ColorwayType:Limited;Content:Builder;FA25MBridge-family;Fabric:ALO Vapor;Filter:DisplaySize:3:Sma
2026-09-07,M,mens-bestsellers,38,Double Take Short Sleeve - Bone,SHORTS/SKIRT,SS,Men:Tops:Short Sleeves,88.0,,False,1,https://cdn.shopify.com/s/files/1/2185/2813/files/M1224R_03040_b1_s1_a2_dSU25_m243.jpg?v=1785384438,m1224r-double-take-short-sleeve-bone,b:1:Best Seller;BuilderDropzoneStyle:DBLTK;BVCategory:Men;ChinaCatalog;Color:Bone:Color;ColorGroup:Beige;Content:Builder;Fabric:Double Take;Filter:DisplaySize:3:Small;Filter:DisplaySize:4:Medium;Filte
2026-09-07,M,mens-bestsellers,39,Alpha Shell Jacket - Navy,OUTERWEAR,FW,Men:Outerwear:Jackets,348.0,,False,1,https://cdn.shopify.com/s/files/1/2185/2813/files/M4200R_03842_b1_s1_a3_m221.jpg?v=1754502770,m4200r-alpha-shell-jacket-navy,b:1:Best Seller;BVCategory:Men;ChinaCatalog;Color:Navy:Color;ColorGroup:Blue;FA25Drops-family;FA25MBridge-family;Filter:DisplaySize:3:Small;Filter:DisplaySize:4:Medium;Filter:DisplaySize:5:Large;Filte
2026-09-07,M,mens-bestsellers,40,Elemental Full-Zip Jacket - Black,OUTERWEAR,FW,Men:Outerwear:Jackets,198.0,,False,1,https://cdn.shopify.com/s/files/1/2185/2813/files/M4185R_01_b2_s1_a1_dFA26_m252_61e6eb58-bd85-4c0e-8b78-55b6ed999967.jpg?v=1788363628,m4185r-elemental-full-zip-jacket-black,b:1:Best Seller;BVCategory:Men;ChinaCatalog;Color:Black:Color;ColorGroup:Black;FA26-JOEBLAUNCH;Filter:DisplaySize:3:Small;Filter:DisplaySize:4:Medium;Filter:DisplaySize:5:Large;Filter:DisplaySize:6:XL
2026-09-07,M,mens-bestsellers,41,Double Take Short Sleeve - White,SHORTS/SKIRT,SS,Men:Tops:Short Sleeves,88.0,,False,1,https://cdn.shopify.com/s/files/1/2185/2813/files/M1224R_05594_b1_s1_a1_m221.jpg?v=1761941985,m1224r-double-take-short-sleeve-white,b:1:Best Seller;bis-paused;BuilderDropzoneStyle:DBLTK;BVCategory:Men;ChinaCatalog;Color:White:Color;ColorGroup:White;Content:Builder;Fabric:Double Take;Filter:DisplaySize:3:Small;Filter:DisplaySize:4:
2026-09-07,M,mens-bestsellers,42,Waffle Lounge Hoodie - Black,FLEECE/KNIT,FW,Men:Outerwear:Coverups:Hoodies,148.0,,False,1,https://cdn.shopify.com/s/files/1/2185/2813/files/M3311R_01_b1_s1_a1_m214.jpg?v=1763551316,m3311r-waffle-lounge-hoodie-black,b:1:Best Seller;BVCategory:Men;ChinaCatalog;Color:Black:Color;ColorGroup:Black;Fabric:Waffle;Filter:DisplaySize:3:Small;Filter:DisplaySize:4:Medium;Filter:DisplaySize:5:Large;Filter:DisplaySize:6:XL -
2026-09-07,M,mens-bestsellers,43,"5"" Circuit Short - Black",SHORTS/SKIRT,SS,Men:Bottoms:Shorts,68.0,,False,1,https://cdn.shopify.com/s/files/1/2185/2813/files/M6158R_01_b2_s1_a1_1_m276.png?v=1778632075,m6158r-5-circuit-short-black,b:1:Best Seller;BVCategory:Men;ChinaCatalog;Color:Black:Color;ColorGroup:Black;FA25Drops-family;FA25MBridge-family;Filter:DisplaySize:3:Small;Filter:DisplaySize:4:Medium;Filter:DisplaySize:5:Large;Fil
2026-09-07,M,mens-bestsellers,44,Double Take Straight Leg Pant - Bone,ETC,UNTAGGED,Men:Bottoms:Pants,128.0,,False,1,https://cdn.shopify.com/s/files/1/2185/2813/files/M5259R_03040_b1_s1_a3_dSP26_m257.jpg?v=1769561345,m5259r-double-take-straight-leg-pant-bone,b:1:Best Seller;BVCategory:Men;ChinaCatalog;Color:Bone:Color;ColorGroup:Beige;ColorwayType:Limited;Fabric:Double Take;Filter:DisplaySize:3:Small;Filter:DisplaySize:4:Medium;Filter:DisplaySize:5:Large;
2026-09-07,M,mens-bestsellers,45,ALO Runner - Black/Black,ETC,UNTAGGED,Accessories:Shoes:Sneakers,195.0,,False,1,https://cdn.shopify.com/s/files/1/2185/2813/files/A0590U_01010_b1_s1_a1_80874896-a70c-482f-acfd-cfa3bf64210c.jpg?v=1785189409,a0590u-alo-runner-black-black,b:1:Best Seller;BuilderDropzoneStyle:WHITEARUNNER;BVCategory:Footwear;ChinaCatalog;Color:Black:Color;ColorGroup:Black;Content:Builder;FA24-AloRunner;Maintenance:ColorwayProduct;master-accessories-all;
2026-09-07,M,mens-bestsellers,46,"7"" Repetition Short - Gravel",SHORTS/SKIRT,SS,Men:Bottoms:Shorts,78.0,,False,1,https://cdn.shopify.com/s/files/1/2185/2813/files/M6154R_05438_b2_s1_a1_dSU26_m243.png?v=1778517531,m6154r-7-repetition-short-gravel,b:1:Best Seller;BISCollection;BVCategory:Men;ChinaCatalog;Color:Gravel:Color;ColorGroup:Beige;FA24;FA24Drops-family;Filter:DisplaySize:3:Small;Filter:DisplaySize:4:Medium;Filter:DisplaySize:5:Large;Fi
2026-09-07,M,mens-bestsellers,47,Co-Op Pant (Long) - Navy,ETC,UNTAGGED,Men:Bottoms:Pants,138.0,,False,1,https://cdn.shopify.com/s/files/1/2185/2813/files/M5084R_03842_b1_s1_a1_1_m236.jpg?v=1746737309,m5190r-co-op-pant-long-navy,b:1:Back in Stock;b:1:Best Seller;BISCollection;BVCategory:Men;ChinaCatalog;Color:Navy:Color;ColorGroup:Blue;ColorwayType:Limited;Filter:DisplaySize:3:Small;Filter:DisplaySize:4:Medium;Filter:DisplayS
2026-09-07,M,mens-bestsellers,48,Double Take Long Sleeve 1/4 Zip - Bone,TOP,SEASONLESS,Men:Tops:Long Sleeves,128.0,,False,1,https://cdn.shopify.com/s/files/1/2185/2813/files/M3290R_03040_b2_s1_a1_dFA26_m257.jpg?v=1786550165,m3290r-double-take-long-sleeve-1-4-zip-bone,b:1:Best Seller;BuilderDropzoneStyle:DBLTK;BVCategory:Men;Color:Bone:Color;ColorGroup:Beige;Content:Builder;FA25-Campaign;FA25Drops-family;FA25MD2-family;FA26MD3-Carryover;Fabric:Double Take;Filter:Di
2026-09-07,M,mens-bestsellers,49,Repetition Pant - Anthracite,ETC,UNTAGGED,Men:Bottoms:Pants,128.0,,False,1,https://cdn.shopify.com/s/files/1/2185/2813/files/M5230R_02125_b1_s1_a2_m198.jpg?v=1767028180,m5230r-repetition-pant-anthracite,b:1:Best Seller;BVCategory:Men;ChinaCatalog;Color:Anthracite:Color;ColorGroup:Grey;FA26MD4-Carryover;Filter:DisplaySize:3:Small;Filter:DisplaySize:4:Medium;Filter:DisplaySize:5:Large;Filter:DisplaySiz
2026-09-07,M,mens-bestsellers,50,Conquer Reform Long Sleeve With Hood - Black,TOP,SEASONLESS,Men:Tops:Long Sleeves,108.0,,False,1,https://cdn.shopify.com/s/files/1/2185/2813/files/M3199R_01_b1_s1_a4_dSP26_m243.jpg?v=1774388049,m3199r-conquer-reform-long-sleeve-with-hood-black,b:1:Best Seller;BuilderDropzoneStyle:CNQR;BVCategory:Men;ChinaCatalog;Color:Black:Color;ColorGroup:Black;Content:Builder;FA24MD3-FAMILY;Fabric:Conquer;Filter:DisplaySize:3:Small;Filter:DisplaySize:4:M
2026-09-14,W,bestsellers,1,Accolade 1/4 Zip Pullover - Black,FLEECE/KNIT,FW,Women:Outerwear:Coverups:Pullovers,148.0,,False,1,https://cdn.shopify.com/s/files/1/2185/2813/files/U3040RG_01_b2_s1_a1_1_m210.jpg?v=1770144016,u3040rg-accolade-1-4-zip-pullover-black,AA25-PDPselects;AccoladeBoostBury;b:1:Best Seller;BISCollection;BR:unisex;BVCategory:Women;ChinaCatalog;Color:Black:Color;ColorGroup:Black;Filter:DisplaySize:1:XXS - XS;Filter:DisplaySize:3:Small;Filt
2026-09-14,W,bestsellers,2,Suit Up Trouser (Regular) - Black,ETC,UNTAGGED,Women:Bottoms:Pants,148.0,,False,1,https://cdn.shopify.com/s/files/1/2185/2813/files/W54187R_01_b2_s1_a1_dFA26_m264.jpg?v=1786394345,w51432r-suit-up-trouser-black,AA25-PDPselects;b:1:Best Seller;BuilderDropzoneStyle:SUTRSER;BVCategory:Women;ChinaCatalog;Color:Black:Color;ColorGroup:Black;Content:Builder;Filter:DisplaySize:1:XXS - XS;Filter:DisplaySize:3:Small;F
2026-09-14,W,bestsellers,3,Airlift Suit Up Bra - Navy/Navy,LEGGING,SS,Women:Bras,88.0,,False,1,https://cdn.shopify.com/s/files/1/2185/2813/files/W9780R_03842_b2_s1_a1_dFA26_m191.jpg?v=1787588792,w9780r-airlift-suit-up-bra-navy-navy,AA25-PDPselects;b:1:Best Seller;BIScollection;BuilderDropzoneStyle:AIRLIFT;BVCategory:Women;Color:Navy/Navy:Color;Color:Navy:Color;ColorGroup:Blue;Content:Builder;Fabric:Airlift;Filter:DisplaySize:1:X
2026-09-14,W,bestsellers,4,Match Point Tennis Skirt - Navy,SHORTS/SKIRT,SS,Women:Bottoms:Skirts,78.0,,False,1,https://cdn.shopify.com/s/files/1/2185/2813/files/W6240R_03842_b2_s1_a1_dFA26_m191.jpg?v=1786450170,w6240r-match-point-tennis-skirt-navy,b:1:Best Seller;BVCategory:Women;ChinaCatalog;Color:Navy:Color;ColorGroup:Blue;FA26D2-family;FA26Drops-family;Filter:DisplaySize:1:XXS - XS;Filter:DisplaySize:3:Small;Filter:DisplaySize:4:Medium;Filte
2026-09-14,W,bestsellers,5,Accolade 1/4 Zip Pullover - California Blue,FLEECE/KNIT,FW,Women:Outerwear:Coverups:Pullovers,148.0,,False,1,https://cdn.shopify.com/s/files/1/2185/2813/files/U3040RG_08193_b2_s1_a2_dFA26_m18.jpg?v=1787770252,u3040rg-accolade-1-4-zip-pullover-california-blue,AccoladeBoostBury;b:1:Best Seller;BVCategory:Women;ChinaCatalog;Color:California Blue:Color;ColorGroup:Blue;ColorwayType:Limited;FA26D2-family;FA26Drops-family;Filter:DisplaySize:1:XXS - XS;Filter:Dis
2026-09-14,W,bestsellers,6,Accolade Straight Leg Sweatpant - California Blue,BOTTOM-WARM,FW,Women:Bottoms:Sweatpants,138.0,,False,1,https://cdn.shopify.com/s/files/1/2185/2813/files/U5012RG_08193_b2_s1_a1_dFA26_m18.jpg?v=1787101610,u5012rg-accolade-straight-leg-sweatpant-california-blue,b:1:Best Seller;builderdropzonestyle:FYFASL;BVCategory:Women;ChinaCatalog;Color:California Blue:Color;ColorGroup:Blue;ColorwayType:Limited;Content:Builder;FA26D2-family;FA26Drops-family;Filter:Display
2026-09-14,W,bestsellers,7,Ribbed Sea Coast Long Sleeve - Black,TOP,SEASONLESS,Women:Tops:Long Sleeves,74.0,,False,1,https://cdn.shopify.com/s/files/1/2185/2813/files/W3781R_01_b1_s1_a1_dSU26_m54_d2d9f108-efaa-4292-a9db-d84c9bd4e60a.jpg?v=1772063194,w3781r-ribbed-sea-coast-long-sleeve-black,b:1:Back in Stock;b:1:Best Seller;BISCollection;BVCategory:Women;Color:Black:Color;ColorGroup:Black;Fabric:Ribbed;Filter:DisplaySize:1:XXS - XS;Filter:DisplaySize:3:Small;Filter:DisplaySize:4:Medium;F
2026-09-14,W,bestsellers,8,ALO Softsculpt 7/8 Define Legging - Black,LEGGING,SEASONLESS,Women:Bottoms:Leggings,134.0,,False,1,https://cdn.shopify.com/s/files/1/2185/2813/files/W54599R_01_b2_s1_a1_dFA26_m287_jpg.png?v=1786031828,w54599r-alo-softsculpt-7-8-define-legging-black,b:1:Best Seller;BuilderDropzoneStyle:DFNLGG;BVCategory:Women;ChinaCatalog;Color:Black:Color;ColorGroup:Black;Content:Builder;delilahlaunch;Fabric:ALO Softsculpt;Filter:DisplaySize:1:XXS - XS;Filter:Di
2026-09-14,W,bestsellers,9,Hazy Mock Neck Pullover - Ivory,FLEECE/KNIT,FW,Women:Outerwear:Coverups:Pullovers,138.0,,False,1,https://cdn.shopify.com/s/files/1/2185/2813/files/W3845R_03299_b2_s1_a1_dFA26_m218.jpg?v=1786391989,w3845r-hazy-mock-neck-pullover-ivory,b:1:Best Seller;BVCategory:Women;ChinaCatalog;Color:Ivory:Color;ColorGroup:White;FA24;FA24D5-family;FA24Drops-family;Filter:DisplaySize:1:XXS - XS;Filter:DisplaySize:3:Small;Filter:DisplaySize:4:Mediu
2026-09-14,W,bestsellers,10,Suit Up Trouser (Short) - Espresso,SHORTS/SKIRT,SS,Women:Bottoms:Pants,148.0,,False,1,https://cdn.shopify.com/s/files/1/2185/2813/files/W51432R_04064_b1_s1_a6_dFA26m143.jpg?v=1788911873,w54428r-suit-up-trouser-short-espresso,b:1:Best Seller;b:3:New;BVCategory:Women;ChinaCatalog;Color:Espresso:Color;ColorGroup:Brown;FA26D3-family;FA26Drops-family;Filter:DisplaySize:1:XXS - XS;Filter:DisplaySize:3:Small;Filter:DisplaySize:4
2026-09-14,W,bestsellers,11,Airlift Trifecta Bra - Navy/White,LEGGING,SS,Women:Bras,78.0,,False,1,https://cdn.shopify.com/s/files/1/2185/2813/files/W91027R_06639_b1_s1_a1_dFA26_m241.jpg?v=1785924242,w91027r-airlift-trifecta-bra-navy-white,b:1:Best Seller;BuilderDropzoneStyle:AIRLIFT;BVCategory:Women;ChinaCatalog;Color:Navy:Color;ColorGroup:Blue;Content:Builder;FA26D2-1-family;FA26Drops-family;Fabric:Airlift;Filter:DisplaySize:1:XXS - X
2026-09-14,W,bestsellers,12,Airlift High-Waist Trifecta Legging - Navy/White,LEGGING,SEASONLESS,Women:Bottoms:Leggings,138.0,,False,1,https://cdn.shopify.com/s/files/1/2185/2813/files/W54434R_06639_b2_s1_a1_dFA26_m207.jpg?v=1786452244,w54434r-airlift-high-waist-trifecta-legging-navy-white,b:1:Best Seller;BuilderDropzoneStyle:ARLTRISE;BVCategory:Women;ChinaCatalog;Color:Navy:Color;ColorGroup:Blue;Content:Builder;FA26D2-1-family;FA26Drops-family;Fabric:Airlift;Filter:DisplaySize:1:XXS - 
2026-09-14,W,bestsellers,13,Accolade Crew Neck Pullover - Warm Butter,FLEECE/KNIT,FW,Women:Outerwear:Coverups:Pullovers,138.0,,False,1,https://cdn.shopify.com/s/files/1/2185/2813/files/U3031RG_06026_b2_s1_a1_dFA26_m277.jpg?v=1787899513,u3031rg-accolade-crew-neck-pullover-warm-butter,AccoladeBoostBury;b:1:Best Seller;b:3:New;builderdropzonestyle:FYFACREW;BVCategory:Women;ChinaCatalog;Color:Warm Butter:Color;ColorGroup:Yellow;ColorwayType:Limited;Content:Builder;FA26-Campaign;FA26D
2026-09-14,W,bestsellers,14,Seamless Ribbed V-Neck Favorite Bra Tank - Warm Butter,BRA/TANK,SS,Women:Tops:Tanks,84.0,,False,1,https://cdn.shopify.com/s/files/1/2185/2813/files/W91015R_06026_b1_s1_a10_dFA26_m18.jpg?v=1787158149,w91015r-seamless-ribbed-v-neck-favorite-bra-tank-warm-butter,b:1:Best Seller;b:3:New;BVCategory:Women;ChinaCatalog;Color:Warm Butter:Color;ColorGroup:Yellow;ColorwayType:Limited;FA26D3-family;FA26Drops-family;Fabric:Ribbed;Filter:DisplaySize:1:XXS - XS;Filter:D
2026-09-14,W,bestsellers,15,Ribbed Adore Tank - Warm Butter,BRA/TANK,SS,Women:Tops:Tanks,68.0,,False,1,https://cdn.shopify.com/s/files/1/2185/2813/files/W2866R_06026_b2_s1_a1_dFA26_m277.jpg?v=1787899836,w2866r-ribbed-adore-tank-warm-butter,b:1:Best Seller;b:3:New;BVCategory:Women;ChinaCatalog;Color:Warm Butter:Color;ColorGroup:Yellow;ColorwayType:Limited;FA26-Campaign;FA26D3-family;FA26Drops-family;Fabric:Ribbed;Filter:DisplaySize:1:XXS
2026-09-14,W,bestsellers,16,Accolade Short - Warm Butter,SHORTS/SKIRT,SS,Women:Bottoms:Shorts,78.0,,False,1,https://cdn.shopify.com/s/files/1/2185/2813/files/W6472RG_06026_b2_s1_a1_dFA26_m277.jpg?v=1787900673,w6472rg-accolade-short-warm-butter,AccoladeBoostBury;b:1:Best Seller;b:3:New;BVCategory:Women;ChinaCatalog;Color:Warm Butter:Color;ColorGroup:Yellow;ColorwayType:Limited;FA26-Campaign;FA26D3-family;FA26Drops-family;Filter:DisplaySize:1
2026-09-14,W,bestsellers,17,Suit Up Trouser (Short) - Black,SHORTS/SKIRT,SS,Women:Bottoms:Pants,148.0,,False,1,https://cdn.shopify.com/s/files/1/2185/2813/files/W54428R_01_b1_s1_a1_dSU26_m207_079634e6-40a0-4a87-b84b-fadf9fca4d89.jpg?v=1785172319,w54428r-suit-up-trouser-short-black,b:1:Best Seller;BISCollection;BuilderDropzoneStyle:SUTRSER;BVCategory:Women;ChinaCatalog;Color:Black:Color;ColorGroup:Black;Content:Builder;Filter:DisplaySize:1:XXS - XS;Filter:DisplaySize:3:Small;Fil
2026-09-14,W,bestsellers,18,Match Point Tennis Skirt - Black,SHORTS/SKIRT,SS,Women:Bottoms:Skirts,78.0,,False,1,https://cdn.shopify.com/s/files/1/2185/2813/files/W6240R_01_b2_s1_a2_dSU26_m269.jpg?v=1785182237,w6240r-match-point-tennis-skirt-black,aloversary20off;b:1:Best Seller;BIScollection;blackskirt;BVCategory:Women;ChinaCatalog;Color:Black:Color;ColorGroup:Black;Filter:DisplaySize:1:XXS - XS;Filter:DisplaySize:3:Small;Filter:DisplaySize:4:
2026-09-14,W,bestsellers,19,Suit Up Trouser (Regular) - Navy,ETC,UNTAGGED,Women:Bottoms:Pants,148.0,,False,1,https://cdn.shopify.com/s/files/1/2185/2813/files/W51432R_03842_b2_s1_a1_dFA26_m18.jpg?v=1787588852,w51432r-suit-up-trouser-regular-navy,AA25-PDPselects;b:1:Best Seller;BIScollection;BuilderDropzoneStyle:SUTRSER;BVCategory:Women;ChinaCatalog;Color:Navy:Color;ColorGroup:Blue;Content:Builder;Filter:DisplaySize:1:XXS - XS;Filter:DisplaySi
2026-09-14,W,bestsellers,20,Suit Up Trouser (Regular) - Espresso,ETC,UNTAGGED,Women:Bottoms:Pants,148.0,,False,1,https://cdn.shopify.com/s/files/1/2185/2813/files/W51432R_04064_b2_s1_a1_dFA26_m224.jpg?v=1786394191,w51432r-suit-up-trouser-regular-espresso,b:1:Best Seller;BuilderDropzoneStyle:SUTRSER;BVCategory:Women;ChinaCatalog;Color:Espresso:Color;ColorGroup:Brown;Content:Builder;Filter:DisplaySize:1:XXS - XS;Filter:DisplaySize:3:Small;Filter:Display
2026-09-14,W,bestsellers,21,Suit Up Trouser (Long) - Black,ETC,UNTAGGED,Women:Bottoms:Pants,148.0,,False,1,https://cdn.shopify.com/s/files/1/2185/2813/files/W54187R_01_b2_s1_a1_dSP26_m242_6633269e-29a0-424b-8114-5584580ec498.jpg?v=1771882591,w54187r-suit-up-trouser-long-black,b:1:Best Seller;BuilderDropzoneStyle:SUTRSER;BVCategory:Women;ChinaCatalog;Color:Black:Color;ColorGroup:Black;Content:Builder;Filter:DisplaySize:1:XXS - XS;Filter:DisplaySize:3:Small;Filter:DisplaySiz
2026-09-14,W,bestsellers,22,Match Point Short - Black,SHORTS/SKIRT,SS,Women:Bottoms:Shorts,78.0,,False,1,https://cdn.shopify.com/s/files/1/2185/2813/files/W6334R_01_b1_s1_a12_dSP25_m76_95f28c01-4a4b-451c-9a3e-e37f07f91446.jpg?v=1785184161,w6334r-match-point-short-black,b:1:Best Seller;BIScollection;BVCategory:Women;ChinaCatalog;Color:Black:Color;ColorGroup:Black;FA23;FA23D1-family;Filter:DisplaySize:1:XXS - XS;Filter:DisplaySize:3:Small;Filter:DisplaySize:4:Medium;F
2026-09-14,W,bestsellers,23,Suit Up Trouser (Short) - Navy,SHORTS/SKIRT,SS,Women:Bottoms:Pants,148.0,,False,1,https://cdn.shopify.com/s/files/1/2185/2813/files/W54428R_03842_b2_s1_a3_dSU25_m191.jpg?v=1785172235,w54428r-suit-up-trouser-short-navy,b:1:Best Seller;BuilderDropzoneStyle:SUTRSER;BVCategory:Women;ChinaCatalog;Color:Navy:Color;ColorGroup:Blue;Content:Builder;Filter:DisplaySize:1:XXS - XS;Filter:DisplaySize:3:Small;Filter:DisplaySize:
2026-09-14,W,bestsellers,24,Splendor Bra - Black,BRA/TANK,SS,Women:Bras,68.0,,False,1,https://cdn.shopify.com/s/files/1/2185/2813/files/W9351RG_01_b2_s1_a2_dSU26_m241.jpg?v=1785195434,w9351rg-splendor-bra-black,b:1:Best Seller;BISCollection;BuilderDropzoneStyle:AIRBRUSH;BVCategory:Women;ChinaCatalog;Color:Black:Color;ColorGroup:Black;Content:Builder;Fabric:Airbrush;Filter:DisplaySize:1:XXS - XS;Filter:Displa
2026-09-14,W,bestsellers,25,Airbrush Heart Throb Bra - Black/White,LEGGING,SS,Women:Bras,88.0,,False,1,https://cdn.shopify.com/s/files/1/2185/2813/files/W9680R_0100_b2_s1_a2_dSU26_m191.jpg?v=1785177524,w9680r-airbrush-heart-throb-bra-black-white,b:1:Best Seller;BIScollection;BuilderDropzoneStyle:AIRBRUSH;BVCategory:Women;ChinaCatalog;Color:Black:Color;ColorGroup:Black;Content:Builder;FA23;FA23D3-family;Filter:DisplaySize:1:XXS - XS;Filter:Dis
2026-09-14,W,bestsellers,26,Pinstripe Daylight Boxer Pant (Regular) - Navy/Ivory,ETC,UNTAGGED,Women:Bottoms:Pants,148.0,,False,1,https://cdn.shopify.com/s/files/1/2185/2813/files/W54260R_05617_b1_s1_a3_dFA26_m286.jpg?v=1785918885,w54260r-pinstripe-daylight-boxer-pant-navy-ivory,b:1:Best Seller;BVCategory:Women;ChinaCatalog;Color:Navy:Color;ColorGroup:Blue;FA26D2-family;FA26Drops-family;Filter:DisplaySize:1:XXS - XS;Filter:DisplaySize:3:Small;Filter:DisplaySize:4:Medium;Filte
2026-09-14,W,bestsellers,27,Aspire Tank - Black/White,BRA/TANK,SS,Women:Tops:Tanks,68.0,,False,1,https://cdn.shopify.com/s/files/1/2185/2813/files/W2675RG_06401_b2_s1_a3_m143.jpg?v=1785179036,w2675rg-aspire-tank-black-white,aloversary20off;b:1:Best Seller;bluequartz-family;BuilderDropzoneStyle:ASPRLGBX;BVCategory:Women;ChinaCatalog;Color:Black:Color;ColorGroup:Black;Content:Builder;Filter:DisplaySize:1:XXS - XS;Filter:Di
2026-09-14,W,bestsellers,28,Pinstripe Daylight Button Down Long Sleeve - Navy/Ivory,TOP,SEASONLESS,Women:Tops:Long Sleeves,138.0,,False,1,https://cdn.shopify.com/s/files/1/2185/2813/files/W3893R_05617_b1_s1_a1_dSU26_m191.jpg?v=1778659162,w3893r-pinstripe-daylight-button-down-long-sleeve-navy-ivory,b:1:Best Seller;BVCategory:Women;ChinaCatalog;Color:Navy:Color;ColorGroup:Blue;ColorwayType:Limited;Filter:DisplaySize:1:XXS - XS;Filter:DisplaySize:3:Small;Filter:DisplaySize:4:Medium;Filter:DisplayS
2026-09-14,W,bestsellers,29,Suit Up Trouser (Long) - Navy,ETC,UNTAGGED,Women:Bottoms:Pants,148.0,,False,1,https://cdn.shopify.com/s/files/1/2185/2813/files/W54187R_03842_b2_s1_a3_m18.jpg?v=1785173060,w54187r-suit-up-trouser-long-navy,b:1:Best Seller;BISCollection;BuilderDropzoneStyle:SUTRSER;BVCategory:Women;ChinaCatalog;Color:Navy:Color;ColorGroup:Blue;Content:Builder;Filter:DisplaySize:1:XXS - XS;Filter:DisplaySize:3:Small;Filte
2026-09-14,W,bestsellers,30,Match Point Tennis Skirt - White,SHORTS/SKIRT,SS,Women:Bottoms:Skirts,78.0,,False,1,https://cdn.shopify.com/s/files/1/2185/2813/files/W6240R_00_b1_s1_a4_dFA26_m224.jpg?v=1787872552,w6240r-match-point-tennis-skirt-white,aloversary20off;b:1:Best Seller;BVCategory:Women;ChinaCatalog;Color:White:Color;ColorGroup:White;Filter:DisplaySize:1:XXS - XS;Filter:DisplaySize:3:Small;Filter:DisplaySize:4:Medium;Filter:DisplaySize
2026-09-14,W,bestsellers,31,Aspire Tank - White/Black,BRA/TANK,SS,Women:Tops:Tanks,68.0,,False,1,https://cdn.shopify.com/s/files/1/2185/2813/files/W2675RG_0001_b2_s1_a2_dFA26_m212_50011a27-c524-4239-bcb1-7d74d88cf2e6.jpg?v=1786593320,w2675rg-aspire-tank-white-black,AA25-PDPselects;aloversary20off;b:1:Best Seller;bis-paused;bluequartz-family;BVCategory:Women;ChinaCatalog;Color:White:Color;ColorGroup:White;Filter:DisplaySize:1:XXS - XS;Filter:DisplaySize:3:Small;F
2026-09-14,W,bestsellers,32,ALO Softsculpt Precision Short Sleeve Top - Espresso,SHORTS/SKIRT,SS,Women:Tops:Short Sleeves,78.0,,False,1,https://cdn.shopify.com/s/files/1/2185/2813/files/W1479R_04064_b2_s1_a1_m190_aa6ac71e-9347-428e-919e-24f5eddd94df.jpg?v=1786148281,w1479r-alo-softsculpt-precision-short-sleeve-top-espresso,b:1:Best Seller;BuilderDropzoneStyle:SOFTSCULPT;BVCategory:Women;ChinaCatalog;Color:Espresso:Color;ColorGroup:Brown;Content:Builder;Fabric:ALO Softsculpt;Filter:DisplaySize:1:XXS - XS;Filter:DisplaySi
2026-09-14,W,bestsellers,33,Match Point Short - Navy,SHORTS/SKIRT,SS,Women:Bottoms:Shorts,78.0,,False,1,https://cdn.shopify.com/s/files/1/2185/2813/files/W6344R_03842_b2_s1_a1_dSP26_m54.jpg?v=1782250851,w6334r-match-point-short-navy,b:1:Best Seller;BIScollection;BVCategory:Women;ChinaCatalog;Color:Navy:Color;ColorGroup:Blue;ColorwayType:Limited;Filter:DisplaySize:1:XXS - XS;Filter:DisplaySize:3:Small;Filter:DisplaySize:4:Medium;F
2026-09-14,W,bestsellers,34,7/8 High-Waist Airlift Legging - Black,LEGGING,SEASONLESS,Women:Bottoms:Leggings,134.0,,False,1,https://cdn.shopify.com/s/files/1/2185/2813/files/W5766R_01_b2_s1_a1_1_m18.jpg?v=1762820993,w5766r-7-8-high-waist-airlift-legging-black,7/8 Length;AA25-PDPselects;aloversary20off;B&W;b:1:Best Seller;Bluemoon-family;bronzed-family;BuilderDropzoneStyle:ARLTRISE;BVCategory:Women;ChinaCatalog;Color:Black:Color;ColorGroup:Black;Content:Bui
2026-09-14,W,bestsellers,35,Match Point Short - California Blue,SHORTS/SKIRT,SS,Women:Bottoms:Shorts,78.0,,False,1,https://cdn.shopify.com/s/files/1/2185/2813/files/W6334R_08193_b2_s1_a1_dFA26_m280.jpg?v=1786450795,w6334r-match-point-short-california-blue,b:1:Best Seller;BVCategory:Women;ChinaCatalog;Color:California Blue:Color;ColorGroup:Blue;ColorwayType:Limited;FA26D2-family;FA26Drops-family;Filter:DisplaySize:1:XXS - XS;Filter:DisplaySize:3:Small;F
2026-09-14,W,bestsellers,36,Match Point Short - Espresso,SHORTS/SKIRT,SS,Women:Bottoms:Shorts,78.0,,False,1,https://cdn.shopify.com/s/files/1/2185/2813/files/W6334R_04064_b2_s1_a2_dSU26_m122.jpg?v=1785196629,w6334r-match-point-short-espresso,b:1:Best Seller;BVCategory:Women;ChinaCatalog;Color:Espresso:Color;ColorGroup:Brown;Filter:DisplaySize:1:XXS - XS;Filter:DisplaySize:3:Small;Filter:DisplaySize:4:Medium;Filter:DisplaySize:5:L - XL;Fil
2026-09-14,W,bestsellers,37,Airbrush Better Together Bra - Black/White,LEGGING,SS,Women:Bras,88.0,,False,1,https://cdn.shopify.com/s/files/1/2185/2813/files/W9918R_0100_b2_s1_a2_dFA26_m285.png?v=1785797782,w9918r-airbrush-better-together-bra-black-white,b:1:Best Seller;bellalaunch;BISCollection;BuilderDropzoneStyle:AIRBRUSH;BVCategory:Women;ChinaCatalog;Color:Black:Color;ColorGroup:Black;Content:Builder;Fabric:Airbrush;Filter:DisplaySize:1:XXS - XS;F
2026-09-14,W,bestsellers,38,Airbrush Heart Throb Bra - California Blue/White,LEGGING,SS,Women:Bras,88.0,,False,1,https://cdn.shopify.com/s/files/1/2185/2813/files/W9680R_08305_b2_s1_a1_dFA26_m269.jpg?v=1786451878,w9680r-airbrush-heart-throb-bra-california-blue-white,b:1:Best Seller;BuilderDropzoneStyle:AIRBRUSH;BVCategory:Women;ChinaCatalog;Color:California Blue:Color;ColorGroup:Blue;ColorwayType:Limited;Content:Builder;FA26D2-family;FA26Drops-family;Filter:Displ
2026-09-14,W,bestsellers,39,Suit Up Trouser (Long) - Espresso,ETC,UNTAGGED,Women:Bottoms:Pants,148.0,,False,1,https://cdn.shopify.com/s/files/1/2185/2813/files/W54187R_04064_b1_s1_a1_dFA26m143_68278f2b-9818-4b3b-a618-3d2512e8baf8.jpg?v=1788911775,w54187r-suit-up-trouser-long-espresso,b:1:Back in Stock;b:1:Best Seller;BISCollection;BuilderDropzoneStyle:SUTRSER;BVCategory:Women;ChinaCatalog;Color:Espresso:Color;ColorGroup:Brown;Content:Builder;Filter:DisplaySize:1:XXS - XS;Filter:Di
2026-09-14,W,bestsellers,40,Match Point Short - Pink Marshmallow,SHORTS/SKIRT,SS,Women:Bottoms:Shorts,78.0,,False,1,https://cdn.shopify.com/s/files/1/2185/2813/files/W6334R_08196_b2_s1_a3_dFA26_m18.png?v=1786133877,w6334r-match-point-short-pink-marshmallow,b:1:Best Seller;BVCategory:Women;ChinaCatalog;Color:Pink Marshmallow:Color;ColorGroup:Pink;ColorwayType:Limited;FA26-Campaign;FA26D1-family;FA26Drops-family;Filter:DisplaySize:1:XXS - XS;Filter:Displa
2026-09-14,W,bestsellers,41,Airbrush High-Waist Heart Throb Legging - Black/White,LEGGING,SEASONLESS,Women:Bottoms:Leggings,134.0,,False,1,https://cdn.shopify.com/s/files/1/2185/2813/files/W51298R_0100_b2_s1_a1_dSP26_m210.jpg?v=1770668689,w51298r-airbrush-high-waist-heart-throb-legging-black-white,b:1:Best Seller;BIScollection;BuilderDropzoneStyle:ABRSHRISE;BVCategory:Women;ChinaCatalog;Color:Black:Color;ColorGroup:Black;Content:Builder;FA23;FA23D3-family;Filter:DisplaySize:1:XXS - XS;Filter:Di
2026-09-14,W,bestsellers,42,Splendor Bra - White/Black,BRA/TANK,SS,Women:Bras,68.0,,False,1,https://cdn.shopify.com/s/files/1/2185/2813/files/W2675RG_0001_b2_s1_a3_dFA26_m212_da57ffb4-4a3b-4698-b285-d8900e42da07.jpg?v=1786593320,w9351rg-splendor-bra-white-black,B&W;b:1:Best Seller;BuilderDropzoneStyle:AIRBRUSH;BVCategory:Women;ChinaCatalog;Color:White:Color;ColorGroup:White;Content:Builder;Filter:DisplaySize:1:XXS - XS;Filter:DisplaySize:3:Small;Filter:Displ
2026-09-14,W,bestsellers,43,Aspire Tank - Pink Marshmallow/White,BRA/TANK,SS,Women:Tops:Tanks,68.0,,False,1,https://cdn.shopify.com/s/files/1/2185/2813/files/W2675RG_08301_b2_s1_a1_dFA26_m186_6253e4f4-7afb-4e08-838f-de7d82fbf643.jpg?v=1787179519,w2675rg-aspire-tank-pink-marshmallow-white,b:1:Best Seller;BVCategory:Women;ChinaCatalog;Color:Pink Marshmallow:Color;ColorGroup:Pink;ColorwayType:Limited;FA26-Campaign;FA26-Jisoo;FA26D1-family;FA26Drops-family;Filter:DisplaySize:1:XXS - XS;Fi
2026-09-14,W,bestsellers,44,Suit Up Trouser (Regular) - Dune Grass,ETC,UNTAGGED,Women:Bottoms:Pants,148.0,,False,1,https://cdn.shopify.com/s/files/1/2185/2813/files/W51432R_07947_b2_s1_a1_dSU26_m228.jpg?v=1784747388,w51432r-suit-up-trouser-regular-dune-grass,b:1:Best Seller;BuilderDropzoneStyle:SUTRSER;BVCategory:Women;ChinaCatalog;Color:Dune Grass:Color;ColorGroup:Green;ColorwayType:Limited;Content:Builder;Filter:DisplaySize:1:XXS - XS;Filter:DisplaySize
2026-09-14,W,bestsellers,45,Serenity Wide Leg Sweatpant - Black,BOTTOM-WARM,FW,Women:Bottoms:Sweatpants,128.0,,False,1,https://cdn.shopify.com/s/files/1/2185/2813/files/W54162R_01_b1_s1_a1_1_m54.jpg?v=1768002409,w54162r-serenity-wide-leg-sweatpant-black,b:1:Back in Stock;b:1:Best Seller;BISCollection;BVCategory:Women;ChinaCatalog;Color:Black:Color;ColorGroup:Black;Content:Builder;Filter:DisplaySize:1:XXS - XS;Filter:DisplaySize:3:Small;Filter:Display
2026-09-14,W,bestsellers,46,Full Stride Micro Running Short - California Blue,SHORTS/SKIRT,SS,Women:Bottoms:Shorts,78.0,,False,1,https://cdn.shopify.com/s/files/1/2185/2813/files/W6627R_08193_b2_s1_a2_dFA26_m269.jpg?v=1787101856,w6627r-full-stride-micro-running-short-california-blue,b:1:Best Seller;BVCategory:Women;ChinaCatalog;Color:California Blue:Color;ColorGroup:Blue;ColorwayType:Limited;FA26D2-family;FA26Drops-family;Filter:DisplaySize:1:XXS - XS;Filter:DisplaySize:3:Small;F
2026-09-14,W,bestsellers,47,Hazy Mock Neck Pullover - Navy,FLEECE/KNIT,FW,Women:Outerwear:Coverups:Pullovers,138.0,,False,1,https://cdn.shopify.com/s/files/1/2185/2813/files/W3845R_03842_b2_s1_a2_dFA26_m18.jpg?v=1787102015,w3845r-hazy-mock-neck-pullover-navy,b:1:Best Seller;BVCategory:Women;ChinaCatalog;Color:Navy:Color;ColorGroup:Blue;FA26D2-family;FA26Drops-family;Filter:DisplaySize:1:XXS - XS;Filter:DisplaySize:3:Small;Filter:DisplaySize:4:Medium;Filte
2026-09-14,W,bestsellers,48,Alosoft Crop Finesse Short Sleeve - Navy,SHORTS/SKIRT,SS,Women:Tops:Short Sleeves,68.0,,False,1,https://cdn.shopify.com/s/files/1/2185/2813/files/W1406R_03842_b2_s1_a2_dSP26_m262.jpg?v=1785195982,w1406r-alosoft-crop-finesse-short-sleeve-navy,b:1:Best Seller;bis-paused;BuilderDropzoneStyle:ALOSOFT;BVCategory:Women;ChinaCatalog;Color:Navy:Color;ColorGroup:Blue;Content:Builder;Fabric:Alosoft;Filter:DisplaySize:1:XXS - XS;Filter:DisplaySize:3
2026-09-14,W,bestsellers,49,ALO Softsculpt Precision Short Sleeve Top - Black,SHORTS/SKIRT,SS,Women:Tops:Short Sleeves,78.0,,False,1,https://cdn.shopify.com/s/files/1/2185/2813/files/W1479R_01_b2_s1_a1_dSU26_m143.jpg?v=1783356090,w1479r-alo-softsculpt-precision-short-sleeve-top-black,b:1:Best Seller;BuilderDropzoneStyle:SOFTSCULPT;BVCategory:Women;ChinaCatalog;Color:Black:Color;ColorGroup:Black;Content:Builder;FA25D1-family;FA25Drops-family;Fabric:ALO Softsculpt;Filter:DisplaySize
2026-09-14,W,bestsellers,50,Double Or Nothing Tennis Skirt - Black,SHORTS/SKIRT,SS,Women:Bottoms:Skirts,88.0,,False,1,https://cdn.shopify.com/s/files/1/2185/2813/files/W6574R_01_b2_s1_a2_dSP26_m191.jpg?v=1785195233,w6574r-double-or-nothing-tennis-skirt-black,b:1:Back in Stock;b:1:Best Seller;BISCollection;BVCategory:Women;ChinaCatalog;Color:Black:Color;ColorGroup:Black;Filter:DisplaySize:1:XXS - XS;Filter:DisplaySize:3:Small;Filter:DisplaySize:4:Medium;Fi
2026-09-14,M,mens-bestsellers,1,Idol Crewneck Short Sleeve - Black,SHORTS/SKIRT,SS,Men:Tops:Short Sleeves,88.0,,False,1,https://cdn.shopify.com/s/files/1/2185/2813/files/M1247R_01_b2_s1_a1_dFA26_m252_d1e176ed-eee3-44e7-9dbd-52a0a64e4297.jpg?v=1788363627,m1247r-idol-crewneck-short-sleeve-black,b:1:Best Seller;BVCategory:Men;ChinaCatalog;Color:Black:Color;ColorGroup:Black;FA25Drops-family;FA25MBridge-family;FA26-JOEBLAUNCH;FA26MD2-Carryover;Filter:DisplaySize:3:Small;Filter:DisplaySize:4:Med
2026-09-14,M,mens-bestsellers,2,"7"" Repetition Short - Navy",SHORTS/SKIRT,SS,Men:Bottoms:Shorts,78.0,,False,1,https://cdn.shopify.com/s/files/1/2185/2813/files/M6095R_03842_b2_s1_a1_dFA26_m252_636cfd26-0929-4a9a-af5c-391f85495aa9.jpg?v=1788363628,m6154r-7-repetition-short-navy,b:1:Best Seller;BVCategory:Men;ChinaCatalog;Color:Navy:Color;ColorGroup:Blue;FA24;FA24Drops-family;FA26-JOEBLAUNCH;Filter:DisplaySize:3:Small;Filter:DisplaySize:4:Medium;Filter:DisplaySize:5:Large;Fil
2026-09-14,M,mens-bestsellers,3,Double Take Short Sleeve - Black,SHORTS/SKIRT,SS,Men:Tops:Short Sleeves,88.0,,False,1,https://cdn.shopify.com/s/files/1/2185/2813/files/M1224R_01_b2_s1_a2_dFA26_m257.jpg?v=1786551040,m1224r-double-take-short-sleeve-black,b:1:Best Seller;BuilderDropzoneStyle:DBLTK;BVCategory:Men;ChinaCatalog;Color:Black:Color;ColorGroup:Black;Content:Builder;Fabric:Double Take;Filter:DisplaySize:3:Small;Filter:DisplaySize:4:Medium;Filt
2026-09-14,M,mens-bestsellers,4,Double Take Straight Leg Pant - Black,ETC,UNTAGGED,Men:Bottoms:Pants,128.0,,False,1,https://cdn.shopify.com/s/files/1/2185/2813/files/M5259R_01_b1_s1_a1_dSP26_m243.jpg?v=1769503610,m5259r-double-take-straight-leg-pant-black,b:1:Best Seller;BVCategory:Men;ChinaCatalog;Color:Black:Color;ColorGroup:Black;Computed:UnderInventoryThreshold:5:for:L;Fabric:Double Take;Filter:DisplaySize:3:Small;Filter:DisplaySize:4:Medium;Filter
2026-09-14,M,mens-bestsellers,5,Conquer Reform Crewneck Short Sleeve - White,SHORTS/SKIRT,SS,Men:Tops:Short Sleeves,78.0,,False,1,https://cdn.shopify.com/s/files/1/2185/2813/files/M1205R_00_b2_s1_a1_dFA26_m257.jpg?v=1786551475,m1205r-conquer-reform-crewneck-short-sleeve-white,b:1:Best Seller;BuilderDropzoneStyle:CNQR;BVCategory:Men;ChinaCatalog;Color:White:Color;ColorGroup:White;Content:Builder;FA24MD3-FAMILY;Fabric:Conquer;Filter:DisplaySize:3:Small;Filter:DisplaySize:4:M
2026-09-14,M,mens-bestsellers,6,Co-Op Pant (Regular) - Navy,ETC,UNTAGGED,Men:Bottoms:Pants,138.0,,False,1,https://cdn.shopify.com/s/files/1/2185/2813/files/M5144R_03842_b1_s1_a2_m253.jpg?v=1754696433,m5144r-co-op-pant-regular-navy,b:1:Best Seller;BVCategory:Men;ChinaCatalog;Color:Navy:Color;ColorGroup:Blue;FA25Drops-family;FA25MBridge-family;Filter:DisplaySize:3:Small;Filter:DisplaySize:4:Medium;Filter:DisplaySize:5:Large;Filte
2026-09-14,M,mens-bestsellers,7,Double Take Long Sleeve 1/4 Zip - Bone,TOP,SEASONLESS,Men:Tops:Long Sleeves,128.0,,False,1,https://cdn.shopify.com/s/files/1/2185/2813/files/M3290R_03040_b2_s1_a1_dFA26_m257.jpg?v=1786550165,m3290r-double-take-long-sleeve-1-4-zip-bone,b:1:Best Seller;BuilderDropzoneStyle:DBLTK;BVCategory:Men;Color:Bone:Color;ColorGroup:Beige;Content:Builder;FA25-Campaign;FA25Drops-family;FA25MD2-family;FA26MD3-Carryover;Fabric:Double Take;Filter:Di
2026-09-14,M,mens-bestsellers,8,"7"" Double Take Short - Bone",SHORTS/SKIRT,SS,Men:Bottoms:Shorts,88.0,,False,1,https://cdn.shopify.com/s/files/1/2185/2813/files/M6143R_03040_b2_s1_a1_dFA26_m257.jpg?v=1786550116,m6143r-7-double-take-short-bone,b:1:Best Seller;BVCategory:Men;ChinaCatalog;Color:Bone:Color;ColorGroup:Beige;Fabric:Double Take;Filter:DisplaySize:3:Small;Filter:DisplaySize:4:Medium;Filter:DisplaySize:5:Large;Filter:DisplaySize:6:
2026-09-14,M,mens-bestsellers,9,ALO Vapor Crewneck Short Sleeve - Anthracite,SHORTS/SKIRT,SS,Men:Tops:Short Sleeves,68.0,,False,1,https://cdn.shopify.com/s/files/1/2185/2813/files/M1228R_02125_b2_s1_a1_m208.jpg?v=1766553426,m1228r-alo-vapor-crewneck-short-sleeve-anthracite,b:1:Best Seller;BuilderDropzoneStyle:VAPR;BVCategory:Men;ChinaCatalog;Color:Anthracite:Color;ColorGroup:Grey;Content:Builder;FA26MD4-Carryover;Fabric:ALO Vapor;Filter:DisplaySize:3:Small;Filter:Displa
2026-09-14,M,mens-bestsellers,10,"7"" Repetition Short - Anthracite",SHORTS/SKIRT,SS,Men:Bottoms:Shorts,78.0,,False,1,https://cdn.shopify.com/s/files/1/2185/2813/files/M6154R_02125_b2_s1_a1_m208.jpg?v=1767749600,m6154r-7-repetition-short-anthracite,b:1:Best Seller;BVCategory:Men;ChinaCatalog;Color:Anthracite:Color;ColorGroup:Grey;FA24;FA24Drops-family;FA26MD4-Carryover;Filter:DisplaySize:3:Small;Filter:DisplaySize:4:Medium;Filter:DisplaySize:5:L
2026-09-14,M,mens-bestsellers,11,Elemental Full-Zip Jacket - Black,OUTERWEAR,FW,Men:Outerwear:Jackets,198.0,,False,1,https://cdn.shopify.com/s/files/1/2185/2813/files/M4185R_01_b2_s1_a1_dFA26_m252_61e6eb58-bd85-4c0e-8b78-55b6ed999967.jpg?v=1788363628,m4185r-elemental-full-zip-jacket-black,b:1:Best Seller;BVCategory:Men;ChinaCatalog;Color:Black:Color;ColorGroup:Black;FA26-JOEBLAUNCH;Filter:DisplaySize:3:Small;Filter:DisplaySize:4:Medium;Filter:DisplaySize:5:Large;Filter:DisplaySize:6:XL
2026-09-14,M,mens-bestsellers,12,"7"" Conquer React Performance Short - Athletic Heather Grey",SHORTS/SKIRT,SS,Men:Bottoms:Shorts,68.0,,False,1,https://cdn.shopify.com/s/files/1/2185/2813/files/M6131R_02910_b2_s1_a1_1_m252.jpg?v=1756135762,m6131r-conquer-react-performance-short-athletic-heather-grey,b:1:Best Seller;BISCollection;BVCategory:Men;Color:Athletic Grey:Color;ColorGroup:Grey;EcomVideo-Shomari;Fabric:Conquer;Filter:DisplaySize:3:Small;Filter:DisplaySize:4:Medium;Filter:DisplaySize:5:Larg
2026-09-14,M,mens-bestsellers,13,Conquer Reform Crewneck Short Sleeve - Espresso,SHORTS/SKIRT,SS,Men:Tops:Short Sleeves,78.0,,False,1,https://cdn.shopify.com/s/files/1/2185/2813/files/M1205R_04064_b2_s1_a1_m275.png?v=1782497506,m1205r-conquer-reform-crewneck-short-sleeve-espresso,b:1:Best Seller;BuilderDropzoneStyle:CNQR;BVCategory:Men;ChinaCatalog;Color:Espresso:Color;ColorGroup:Brown;Content:Builder;FA24MD5-family;Fabric:Conquer;Filter:DisplaySize:3:Small;Filter:DisplaySize:
2026-09-14,M,mens-bestsellers,14,"5"" Circuit Short - Espresso",SHORTS/SKIRT,SS,Men:Bottoms:Shorts,68.0,,False,1,https://cdn.shopify.com/s/files/1/2185/2813/files/M6158R_04064_b2_s1_a1_dSU26_m276.png?v=1778517627,m6158r-5-circuit-short-espresso,b:1:Best Seller;BVCategory:Men;ChinaCatalog;Color:Espresso:Color;ColorGroup:Brown;FA25Drops-family;FA25MBridge-family;Filter:DisplaySize:3:Small;Filter:DisplaySize:4:Medium;Filter:DisplaySize:5:Large;
2026-09-14,M,mens-bestsellers,15,Conquer 1/4 Zip Reform Long Sleeve - Navy,TOP,SEASONLESS,Men:Tops:Long Sleeves,108.0,,False,1,https://cdn.shopify.com/s/files/1/2185/2813/files/M3193R_03842_b1_s1_a1_m263.jpg?v=1762563261,m3193r-conquer-1-4-zip-reform-long-sleeve-navy,b:1:Best Seller;BuilderDropzoneStyle:CNQR;BVCategory:Men;ChinaCatalog;Color:Navy:Color;ColorGroup:Blue;Content:Builder;FA24MD1-family;Fabric:Conquer;Filter:DisplaySize:3:Small;Filter:DisplaySize:4:Med
2026-09-14,M,mens-bestsellers,16,Conquer Max Performance Jogger - Navy,BOTTOM-WARM,FW,Men:Bottoms:Pants,128.0,,False,1,https://cdn.shopify.com/s/files/1/2185/2813/files/M5226R_03842_b2_s1_a1_m214.jpg?v=1761532990,m5226r-conquer-max-performance-jogger-navy,b:1:Best Seller;BVCategory:Men;ChinaCatalog;Color:Navy:Color;ColorGroup:Blue;FA25-Campaign;FA25Drops-family;FA25MBridge-family;Fabric:Conquer;Filter:DisplaySize:3:Small;Filter:DisplaySize:4:Medium;Fil
2026-09-14,M,mens-bestsellers,17,Double Take Long Sleeve 1/4 Zip - Monument,TOP,SEASONLESS,Men:Tops:Long Sleeves,128.0,,False,1,https://cdn.shopify.com/s/files/1/2185/2813/files/M3290R_03497_b2_s1_a2_dFA26_m257.png?v=1786465604,m3290r-double-take-long-sleeve-1-4-zip-monument,b:1:Best Seller;BuilderDropzoneStyle:DBLTK;BVCategory:Men;Color:Monument:Color;ColorGroup:Grey;ColorwayType:Limited;Content:Builder;FA26Drops-family;FA26MD1-family;Fabric:Double Take;Filter:DisplaySiz
2026-09-14,M,mens-bestsellers,18,Suited Trouser - Monument,ETC,UNTAGGED,Men:Bottoms:Pants,148.0,,False,1,https://cdn.shopify.com/s/files/1/2185/2813/files/M5016R_03497_b2_s1_a1_dFA26_m243.jpg?v=1785340889,m5016r-suited-trouser-monument,b:1:Best Seller;b:3:New;BVCategory:Men;ChinaCatalog;Color:Monument:Color;ColorGroup:Grey;ColorwayType:Limited;Computed:IsAlmostGone;Computed:UnderInventoryThreshold:5:for:L;Computed:UnderInventoryThre
2026-09-14,M,mens-bestsellers,19,Light Weight Takeaway Track Pullover - Black,FLEECE/KNIT,FW,Men:Outerwear:Coverups:Pullovers,148.0,,False,1,https://cdn.shopify.com/s/files/1/2185/2813/files/M3259R_01_b2_s1_a1_dSU26_m275.png?v=1778520221,m3259r-light-weight-takeaway-track-pullover-black,b:1:Best Seller;BISCollection;BVCategory:Men;Color:Black:Color;ColorGroup:Black;EcomVideo-Dale;Filter:DisplaySize:3:Small;Filter:DisplaySize:4:Medium;Filter:DisplaySize:5:Large;Filter:DisplaySize:6:XL
2026-09-14,M,mens-bestsellers,20,"5"" Circuit Short - Black",SHORTS/SKIRT,SS,Men:Bottoms:Shorts,68.0,,False,1,https://cdn.shopify.com/s/files/1/2185/2813/files/M6158R_01_b2_s1_a1_1_m276.png?v=1778632075,m6158r-5-circuit-short-black,b:1:Best Seller;BVCategory:Men;ChinaCatalog;Color:Black:Color;ColorGroup:Black;FA25Drops-family;FA25MBridge-family;Filter:DisplaySize:3:Small;Filter:DisplaySize:4:Medium;Filter:DisplaySize:5:Large;Fil
2026-09-14,M,mens-bestsellers,21,Conquer Muscle Tank - Black,BRA/TANK,SS,Men:Tops:Tanks,68.0,,False,1,https://cdn.shopify.com/s/files/1/2185/2813/files/M2066R_01_b1_s1_a5_dSP26_m243.jpg?v=1774385765,m2066r-conquer-muscle-tank-black,b:1:Best Seller;BuilderDropzoneStyle:CNQR;BVCategory:Men;ChinaCatalog;Color:Black:Color;ColorGroup:Black;Content:Builder;FA23;FA23-ConquerTank;Fabric:Conquer;Filter:DisplaySize:3:Small;Filter:DisplayS
2026-09-14,M,mens-bestsellers,22,"7"" Conquer React Performance Short - Black",SHORTS/SKIRT,SS,Men:Bottoms:Shorts,68.0,,False,1,https://cdn.shopify.com/s/files/1/2185/2813/files/M6131R_01_b1_s1_a1_1_m243.jpg?v=1747861552,m6131r-conquer-react-performance-short-black,b:1:Best Seller;BVCategory:Men;ChinaCatalog;Color:Black:Color;ColorGroup:Black;EcomVideo-Shomari;Fabric:Conquer;Filter:DisplaySize:3:Small;Filter:DisplaySize:4:Medium;Filter:DisplaySize:5:Large;Filter
2026-09-14,M,mens-bestsellers,23,Double Take Short Sleeve - Espresso,SHORTS/SKIRT,SS,Men:Tops:Short Sleeves,88.0,,False,1,https://cdn.shopify.com/s/files/1/2185/2813/files/M1224R_04064_b1_s1_a3_dSP26_m243.jpg?v=1774385509,m1224r-double-take-short-sleeve-espresso,b:1:Best Seller;BuilderDropzoneStyle:DBLTK;BVCategory:Men;ChinaCatalog;Color:Espresso:Color;ColorGroup:Brown;Content:Builder;Fabric:Double Take;Filter:DisplaySize:3:Small;Filter:DisplaySize:4:Medium;F
2026-09-14,M,mens-bestsellers,24,"7"" Double Take Short - Espresso",SHORTS/SKIRT,SS,Men:Bottoms:Shorts,88.0,,False,1,https://cdn.shopify.com/s/files/1/2185/2813/files/M6143R_04064_b2_s1_a1_dFA26_m245.jpg?v=1786548263,m6143r-7-double-take-short-espresso,b:1:Best Seller;BVCategory:Men;ChinaCatalog;Color:Espresso:Color;ColorGroup:Brown;Fabric:Double Take;Filter:DisplaySize:3:Small;Filter:DisplaySize:4:Medium;Filter:DisplaySize:5:Large;Filter:DisplaySiz
2026-09-14,M,mens-bestsellers,25,Conquer Max Mock Neck Full Zip - Black,FLEECE/KNIT,FW,Men:Outerwear:Coverups:Pullovers,138.0,,False,1,https://cdn.shopify.com/s/files/1/2185/2813/files/M3262R_01_b2_s1_a1_dWT25_m214.jpg?v=1776888259,m3262r-conquer-max-mock-neck-full-zip-black,b:1:Best Seller;BuilderDropzoneStyle:CNQR;BVCategory:Men;ChinaCatalog;Color:Black:Color;ColorGroup:Black;Content:Builder;Fabric:Conquer;Filter:DisplaySize:3:Small;Filter:DisplaySize:4:Medium;Filter:Di
2026-09-14,M,mens-bestsellers,26,Co-Op Pant (Regular) - Black,ETC,UNTAGGED,Men:Bottoms:Pants,138.0,,False,1,https://cdn.shopify.com/s/files/1/2185/2813/files/M5144R_01_b1_s1_a2_m243.jpg?v=1775153771,m5144r-co-op-pant-regular-black,b:1:Best Seller;BVCategory:Men;ChinaCatalog;Color:Black:Color;ColorGroup:Black;FA25Drops-family;FA25MBridge-family;Filter:DisplaySize:3:Small;Filter:DisplaySize:4:Medium;Filter:DisplaySize:5:Large;Fil
2026-09-14,M,mens-bestsellers,27,Conquer Max Mock Neck Full Zip - Navy,FLEECE/KNIT,FW,Men:Outerwear:Coverups:Pullovers,138.0,,False,1,https://cdn.shopify.com/s/files/1/2185/2813/files/M3262R_03842_b1_s1_a001_1_m221.jpg?v=1742097611,m3262r-conquer-max-mock-neck-full-zip-navy,b:1:Best Seller;BuilderDropzoneStyle:CNQR;BVCategory:Men;ChinaCatalog;Color:Navy:Color;ColorGroup:Blue;ColorwayType:Limited;Content:Builder;Fabric:Conquer;Filter:DisplaySize:3:Small;Filter:DisplaySize
2026-09-14,M,mens-bestsellers,28,"7"" Repetition Short - Black",SHORTS/SKIRT,SS,Men:Bottoms:Shorts,78.0,,False,1,https://cdn.shopify.com/s/files/1/2185/2813/files/M6154R_01_b1_s1_a1_1_m203.jpg?v=1734054413,m6154r-7-repetition-short-black,b:1:Best Seller;BVCategory:Men;ChinaCatalog;Color:Black:Color;ColorGroup:Black;FA24;FA24Drops-family;Filter:DisplaySize:3:Small;Filter:DisplaySize:4:Medium;Filter:DisplaySize:5:Large;Filter:DisplaySiz
2026-09-14,M,mens-bestsellers,29,Conquer Reform Crewneck Short Sleeve - Black,SHORTS/SKIRT,SS,Men:Tops:Short Sleeves,78.0,,False,1,https://cdn.shopify.com/s/files/1/2185/2813/files/M1205R_01_b1_s1_a1_1_m180.jpg?v=1736364701,m1205r-conquer-reform-crewneck-short-sleeve-black,b:1:Best Seller;BuilderDropzoneStyle:CNQR;BVCategory:Men;ChinaCatalog;Color:Black:Color;ColorGroup:Black;Content:Builder;FA24MD3-FAMILY;Fabric:Conquer;Filter:DisplaySize:3:Small;Filter:DisplaySize:4:M
2026-09-14,M,mens-bestsellers,30,Conquer 1/4 Zip Reform Long Sleeve - Black,TOP,SEASONLESS,Men:Tops:Long Sleeves,108.0,,False,1,https://cdn.shopify.com/s/files/1/2185/2813/files/M3193R_01_b1_s1_a1_dSP26_m243.jpg?v=1774387522,m3193r-conquer-1-4-zip-reform-long-sleeve-black,b:1:Best Seller;BuilderDropzoneStyle:CNQR;BVCategory:Men;ChinaCatalog;Color:Black:Color;ColorGroup:Black;Content:Builder;FA24MD3-FAMILY;Fabric:Conquer;Filter:DisplaySize:3:Small;Filter:DisplaySize:4:M
2026-09-14,M,mens-bestsellers,31,Repetition Pant - Black,ETC,UNTAGGED,Men:Bottoms:Pants,128.0,,False,1,https://cdn.shopify.com/s/files/1/2185/2813/files/M5230R_01_b2_s1_a1_dSU26_m257.jpg?v=1777660630,m5230r-repetition-pant-black,b:1:Back in Stock;b:1:Best Seller;BISCollection;BVCategory:Men;ChinaCatalog;Color:Black:Color;ColorGroup:Black;Filter:DisplaySize:3:Small;Filter:DisplaySize:4:Medium;Filter:DisplaySize:5:Large;Filter:
2026-09-14,M,mens-bestsellers,32,Alpha Shell Jacket - Black,OUTERWEAR,FW,Men:Outerwear:Jackets,348.0,,False,1,https://cdn.shopify.com/s/files/1/2185/2813/files/M4200R_01_b2_s1_a1_m252.jpg?v=1756135963,m4200r-alpha-shell-jacket-black,b:1:Best Seller;BVCategory:Men;ChinaCatalog;Color:Black:Color;ColorGroup:Black;FA25-Campaign;FA25MBridge-family;Filter:DisplaySize:3:Small;Filter:DisplaySize:4:Medium;Filter:DisplaySize:5:Large;Filter
2026-09-14,M,mens-bestsellers,33,Conquer Reform Crewneck Short Sleeve - Navy,SHORTS/SKIRT,SS,Men:Tops:Short Sleeves,78.0,,False,1,https://cdn.shopify.com/s/files/1/2185/2813/files/M1205R_03842_b2_s1_a1_1_m214.jpg?v=1761533071,m1205r-conquer-reform-crewneck-short-sleeve-navy,b:1:Best Seller;BuilderDropzoneStyle:CNQR;BVCategory:Men;ChinaCatalog;Color:Navy:Color;ColorGroup:Blue;Content:Builder;FA24MD1-family;Fabric:Conquer;Filter:DisplaySize:3:Small;Filter:DisplaySize:4:Med
2026-09-14,M,mens-bestsellers,34,Suited Trouser - Black,ETC,UNTAGGED,Men:Bottoms:Pants,148.0,,False,1,https://cdn.shopify.com/s/files/1/2185/2813/files/M5016R_01_b2_s1_a1_dFA26_m243.jpg?v=1785280462,m5016r-suited-trouser-black,b:1:Best Seller;b:3:New;BVCategory:Men;ChinaCatalog;Color:Black:Color;ColorGroup:Black;FA26Drops-family;FA26MD1-1-family;Filter:DisplaySize:3:Small;Filter:DisplaySize:4:Medium;Filter:DisplaySize:5:Lar
2026-09-14,M,mens-bestsellers,35,ALO Vapor Crewneck Short Sleeve - Black,SHORTS/SKIRT,SS,Men:Tops:Short Sleeves,68.0,,False,1,https://cdn.shopify.com/s/files/1/2185/2813/files/M1228R_01_b1_s3_a3_1_m180.jpg?v=1756308446,m1228r-alo-vapor-crewneck-short-sleeve-black,b:1:Best Seller;BuilderDropzoneStyle:VAPR;BVCategory:Men;ChinaCatalog;Color:Black:Color;ColorGroup:Black;Content:Builder;FA25MBridge-family;Fabric:ALO Vapor;Filter:DisplaySize:3:Small;Filter:DisplaySi
2026-09-14,M,mens-bestsellers,36,Double Take Hoodie - Black,FLEECE/KNIT,FW,Men:Outerwear:Coverups:Hoodies,128.0,,False,1,https://cdn.shopify.com/s/files/1/2185/2813/files/M3245R_01_b1_s1_a2_dSP26_m214.jpg?v=1774388969,m3245r-double-take-hoodie-black,b:1:Best Seller;BVCategory:Men;ChinaCatalog;Color:Black:Color;ColorGroup:Black;Fabric:Double Take;Filter:DisplaySize:3:Small;Filter:DisplaySize:4:Medium;Filter:DisplaySize:5:Large;Filter:DisplaySize:6
2026-09-14,M,mens-bestsellers,37,ALO Vapor Crewneck Short Sleeve - Navy,SHORTS/SKIRT,SS,Men:Tops:Short Sleeves,68.0,,False,1,https://cdn.shopify.com/s/files/1/2185/2813/files/M1228R_03842_b1_s1_a1_m180.jpg?v=1754469666,m1228r-alo-vapor-crewneck-short-sleeve-navy,b:1:Best Seller;BuilderDropzoneStyle:VAPR;BVCategory:Men;ChinaCatalog;Color:Navy:Color;ColorGroup:Blue;ColorwayType:Limited;Content:Builder;FA25MBridge-family;Fabric:ALO Vapor;Filter:DisplaySize:3:Sma
2026-09-14,M,mens-bestsellers,38,Conquer Reform Crewneck Short Sleeve - Anthracite,SHORTS/SKIRT,SS,Men:Tops:Short Sleeves,78.0,,False,1,https://cdn.shopify.com/s/files/1/2185/2813/files/M1205R_02125_b1_s1_a2_m198.jpg?v=1766555186,m1205r-conquer-reform-crewneck-short-sleeve-anthracite,b:1:Back in Stock;b:1:Best Seller;BISCollection;BuilderDropzoneStyle:CNQR;BVCategory:Men;Color:Anthracite:Color;ColorGroup:Grey;Content:Builder;Fabric:Conquer;Filter:DisplaySize:3:Small;Filter:Display
2026-09-14,M,mens-bestsellers,39,Double Take Short Sleeve - Bone,SHORTS/SKIRT,SS,Men:Tops:Short Sleeves,88.0,,False,1,https://cdn.shopify.com/s/files/1/2185/2813/files/M1224R_03040_b1_s1_a2_dSU25_m243.jpg?v=1785384438,m1224r-double-take-short-sleeve-bone,b:1:Best Seller;BuilderDropzoneStyle:DBLTK;BVCategory:Men;ChinaCatalog;Color:Bone:Color;ColorGroup:Beige;Content:Builder;Fabric:Double Take;Filter:DisplaySize:3:Small;Filter:DisplaySize:4:Medium;Filte
2026-09-14,M,mens-bestsellers,40,Alpha Shell Jacket - Navy,OUTERWEAR,FW,Men:Outerwear:Jackets,348.0,,False,1,https://cdn.shopify.com/s/files/1/2185/2813/files/M4200R_03842_b1_s1_a3_m221.jpg?v=1754502770,m4200r-alpha-shell-jacket-navy,b:1:Best Seller;BVCategory:Men;ChinaCatalog;Color:Navy:Color;ColorGroup:Blue;FA25Drops-family;FA25MBridge-family;Filter:DisplaySize:3:Small;Filter:DisplaySize:4:Medium;Filter:DisplaySize:5:Large;Filte
2026-09-14,M,mens-bestsellers,41,Double Take Short Sleeve - White,SHORTS/SKIRT,SS,Men:Tops:Short Sleeves,88.0,,False,1,https://cdn.shopify.com/s/files/1/2185/2813/files/M1224R_05594_b1_s1_a1_m221.jpg?v=1761941985,m1224r-double-take-short-sleeve-white,b:1:Best Seller;bis-paused;BuilderDropzoneStyle:DBLTK;BVCategory:Men;ChinaCatalog;Color:White:Color;ColorGroup:White;Content:Builder;Fabric:Double Take;Filter:DisplaySize:3:Small;Filter:DisplaySize:4:
2026-09-14,M,mens-bestsellers,42,Double Take Straight Leg Pant - Bone,ETC,UNTAGGED,Men:Bottoms:Pants,128.0,,False,1,https://cdn.shopify.com/s/files/1/2185/2813/files/M5259R_03040_b1_s1_a3_dSP26_m257.jpg?v=1769561345,m5259r-double-take-straight-leg-pant-bone,b:1:Best Seller;BVCategory:Men;ChinaCatalog;Color:Bone:Color;ColorGroup:Beige;ColorwayType:Limited;Fabric:Double Take;Filter:DisplaySize:3:Small;Filter:DisplaySize:4:Medium;Filter:DisplaySize:5:Large;
2026-09-14,M,mens-bestsellers,43,"7"" Double Take Short - Black",SHORTS/SKIRT,SS,Men:Bottoms:Shorts,88.0,,False,1,https://cdn.shopify.com/s/files/1/2185/2813/files/M6143R_01_b2_s1_a2_dFA26_m257.jpg?v=1786547531,m6143r-7-double-take-short-black,b:1:Best Seller;BIScollection;BVCategory:Men;ChinaCatalog;Color:Black:Color;ColorGroup:Black;Fabric:Double Take;Filter:DisplaySize:3:Small;Filter:DisplaySize:4:Medium;Filter:DisplaySize:5:Large;Filter
2026-09-14,M,mens-bestsellers,44,ALO Runner (Unisex) - Black/Black,ETC,UNTAGGED,Accessories:Shoes:Sneakers,195.0,,False,1,https://cdn.shopify.com/s/files/1/2185/2813/files/A0590U_01010_b1_s1_a1_80874896-a70c-482f-acfd-cfa3bf64210c.jpg?v=1785189409,a0590u-alo-runner-black-black,b:1:Best Seller;BuilderDropzoneStyle:WHITEARUNNER;BVCategory:Footwear;ChinaCatalog;Color:Black:Color;ColorGroup:Black;Content:Builder;FA24-AloRunner;Maintenance:ColorwayProduct;master-accessories-all;
2026-09-14,M,mens-bestsellers,45,Conquer Max Performance Jogger - Black,BOTTOM-WARM,FW,Men:Bottoms:Pants,128.0,,False,1,https://cdn.shopify.com/s/files/1/2185/2813/files/M5226R_01_b2_s1_a1_dSU26_m275.png?v=1778517370,m5226r-conquer-max-performance-jogger-black,b:1:Best Seller;BVCategory:Men;ChinaCatalog;Color:Black:Color;ColorGroup:Black;Fabric:Conquer;Filter:DisplaySize:3:Small;Filter:DisplaySize:4:Medium;Filter:DisplaySize:5:Large;Filter:DisplaySize:6:XL 
2026-09-14,M,mens-bestsellers,46,ALO Vapor Crewneck Short Sleeve - White,SHORTS/SKIRT,SS,Men:Tops:Short Sleeves,68.0,,False,1,https://cdn.shopify.com/s/files/1/2185/2813/files/M1228R_00_b2_s1_a1_dSU26_m257.jpg?v=1777661502,m1228r-alo-vapor-crewneck-short-sleeve-white,b:1:Best Seller;BuilderDropzoneStyle:VAPR;BVCategory:Men;ChinaCatalog;Color:White:Color;ColorGroup:White;Content:Builder;FA25MBridge-family;Fabric:ALO Vapor;Filter:DisplaySize:3:Small;Filter:DisplaySi
2026-09-14,M,mens-bestsellers,47,Alpha Shell Jacket - Espresso,OUTERWEAR,FW,Men:Outerwear:Jackets,348.0,,False,1,https://cdn.shopify.com/s/files/1/2185/2813/files/M4200R_04064_b1_s1_a4_m253.jpg?v=1756926734,m4200r-alpha-shell-jacket-espresso,b:1:Best Seller;BVCategory:Men;ChinaCatalog;Color:Espresso:Color;ColorGroup:Brown;FA25Drops-family;FA25MD2-family;Filter:DisplaySize:3:Small;Filter:DisplaySize:4:Medium;Filter:DisplaySize:5:Large;Filt
2026-09-14,M,mens-bestsellers,48,Takeaway Track Full Zip Jacket - Black,OUTERWEAR,FW,Men:Outerwear:Jackets,188.0,,False,1,https://cdn.shopify.com/s/files/1/2185/2813/files/M3334R_01_b2_s1_a1_dSU26_m243.png?v=1778242657,m3334r-takeaway-track-full-zip-jacket-black,b:1:Best Seller;BR:unisex;BVCategory:Men;Color:Black:Color;ColorGroup:Black;Filter:DisplaySize:3:Small;Filter:DisplaySize:4:Medium;Filter:DisplaySize:5:Large;Filter:DisplaySize:6:XL - 2XL;Filter:Size:
2026-09-14,M,mens-bestsellers,49,Takeaway Track Straight Leg Pant - Black,ETC,UNTAGGED,Men:Bottoms:Pants,158.0,,False,1,https://cdn.shopify.com/s/files/1/2185/2813/files/M5265R_01_b2_s1_a1_dSU26_m243.png?v=1778240989,m5265r-takeaway-track-straight-leg-pant-black,b:1:Best Seller;BVCategory:Men;ChinaCatalog;Color:Black:Color;ColorGroup:Black;Filter:DisplaySize:3:Small;Filter:DisplaySize:4:Medium;Filter:DisplaySize:5:Large;Filter:DisplaySize:6:XL - 2XL;Filter:Si
2026-09-14,M,mens-bestsellers,50,Waffle Lounge Hoodie - Black,FLEECE/KNIT,FW,Men:Outerwear:Coverups:Hoodies,148.0,,False,1,https://cdn.shopify.com/s/files/1/2185/2813/files/M3311R_01_b1_s1_a1_m214.jpg?v=1763551316,m3311r-waffle-lounge-hoodie-black,b:1:Best Seller;BVCategory:Men;ChinaCatalog;Color:Black:Color;ColorGroup:Black;Fabric:Waffle;Filter:DisplaySize:3:Small;Filter:DisplaySize:4:Medium;Filter:DisplaySize:5:Large;Filter:DisplaySize:6:XL -
2026-09-21,W,bestsellers,1,Aspire Tank - White/Black,BRA/TANK,SS,Women:Tops:Tanks,68.0,,False,1,https://cdn.shopify.com/s/files/1/2185/2813/files/W2675RG_0001_b2_s1_a2_dFA26_m212_50011a27-c524-4239-bcb1-7d74d88cf2e6.jpg?v=1786593320,w2675rg-aspire-tank-white-black,AA25-PDPselects;aloversary20off;b:1:Best Seller;bis-paused;bluequartz-family;BVCategory:Women;ChinaCatalog;Color:White:Color;ColorGroup:White;Filter:DisplaySize:1:XXS - XS;Filter:DisplaySize:3:Small;F
2026-09-21,W,bestsellers,2,Serenity Wide Leg Sweatpant - Black,BOTTOM-WARM,FW,Women:Bottoms:Sweatpants,128.0,,False,1,https://cdn.shopify.com/s/files/1/2185/2813/files/W54162R_01_b1_s1_a1_1_m54.jpg?v=1768002409,w54162r-serenity-wide-leg-sweatpant-black,b:1:Back in Stock;b:1:Best Seller;BISCollection;BVCategory:Women;ChinaCatalog;Color:Black:Color;ColorGroup:Black;Content:Builder;Filter:DisplaySize:1:XXS - XS;Filter:DisplaySize:3:Small;Filter:Display
2026-09-21,W,bestsellers,3,Match Point Short - Black,SHORTS/SKIRT,SS,Women:Bottoms:Shorts,78.0,,False,1,https://cdn.shopify.com/s/files/1/2185/2813/files/W6334R_01_b2_s1_a1_dFA26_m277.jpg?v=1789434333,w6334r-match-point-short-black,b:1:Best Seller;BIScollection;BVCategory:Women;ChinaCatalog;Color:Black:Color;ColorGroup:Black;FA23;FA23D1-family;Filter:DisplaySize:1:XXS - XS;Filter:DisplaySize:3:Small;Filter:DisplaySize:4:Medium;F
2026-09-21,W,bestsellers,4,Airbrush Better Together Bra - Black/White,LEGGING,SS,Women:Bras,88.0,,False,1,https://cdn.shopify.com/s/files/1/2185/2813/files/W9918R_0100_b2_s1_a2_dFA26_m285.png?v=1785797782,w9918r-airbrush-better-together-bra-black-white,b:1:Best Seller;bellalaunch;BISCollection;BuilderDropzoneStyle:AIRBRUSH;BVCategory:Women;ChinaCatalog;Color:Black:Color;ColorGroup:Black;Content:Builder;Fabric:Airbrush;Filter:DisplaySize:1:XXS - XS;F
2026-09-21,W,bestsellers,5,Accolade Short - Pink Marshmallow,SHORTS/SKIRT,SS,Women:Bottoms:Shorts,78.0,,False,1,https://cdn.shopify.com/s/files/1/2185/2813/files/W6472RG_08196_b2_s1_a1_dFA26_m18.jpg?v=1785487592,w6472rg-accolade-short-pink-marshmallow,AccoladeBoostBury;b:1:Best Seller;BVCategory:Women;ChinaCatalog;Color:Pink Marshmallow:Color;ColorGroup:Pink;ColorwayType:Limited;FA26-Campaign;FA26D1-family;FA26Drops-family;Filter:DisplaySize:1:XXS 
2026-09-21,W,bestsellers,6,Accolade Short - Warm Butter,SHORTS/SKIRT,SS,Women:Bottoms:Shorts,78.0,,False,1,https://cdn.shopify.com/s/files/1/2185/2813/files/W6472RG_06026_b2_s1_a1_dFA26_m277.jpg?v=1787900673,w6472rg-accolade-short-warm-butter,AccoladeBoostBury;b:1:Best Seller;b:3:New;BVCategory:Women;ChinaCatalog;Color:Warm Butter:Color;ColorGroup:Yellow;ColorwayType:Limited;FA26-Campaign;FA26D3-family;FA26Drops-family;Filter:DisplaySize:1
2026-09-21,W,bestsellers,7,Accolade Full Zip Hoodie - Athletic Heather Grey,FLEECE/KNIT,FW,Women:Outerwear:Coverups:Hoodies,148.0,,False,1,https://cdn.shopify.com/s/files/1/2185/2813/files/U3041RG_02910_b2_s1_a1_dFA26_m186_05278a83-4ae6-477d-a9dd-0efa2a15e743.jpg?v=1787179520,u3041rg-accolade-full-zip-hoodie-athletic-heather-grey,AccoladeBoostBury;b:1:Best Seller;BIScollection;BR:unisex;BVCategory:Women;Color:Athletic Grey:Color;ColorGroup:Grey;FA26-Jisoo;Filter:DisplaySize:1:XXS - XS;Filter:DisplaySize:3:Small;Filter:DisplayS
2026-09-21,W,bestsellers,8,Accolade Full Zip Hoodie - Black,FLEECE/KNIT,FW,Women:Outerwear:Coverups:Hoodies,148.0,,False,1,https://cdn.shopify.com/s/files/1/2185/2813/files/U3041RG_01_b2_s1_a2_dSU26_m269.jpg?v=1785179886,u3041rg-accolade-full-zip-hoodie-black,AA25-PDPselects;AccoladeBoostBury;b:1:Best Seller;BIScollection;BR:unisex;BVCategory:Women;Color:Black:Color;ColorGroup:Black;Filter:DisplaySize:1:XXS - XS;Filter:DisplaySize:3:Small;Filter:DisplaySiz
2026-09-21,W,bestsellers,9,Suit Up Trouser (Long) - Navy,ETC,UNTAGGED,Women:Bottoms:Pants,148.0,,False,1,https://cdn.shopify.com/s/files/1/2185/2813/files/W54187R_03842_b2_s1_a3_m18.jpg?v=1785173060,w54187r-suit-up-trouser-long-navy,b:1:Best Seller;BISCollection;BuilderDropzoneStyle:SUTRSER;BVCategory:Women;ChinaCatalog;Color:Navy:Color;ColorGroup:Blue;Content:Builder;Filter:DisplaySize:1:XXS - XS;Filter:DisplaySize:3:Small;Filte
2026-09-21,W,bestsellers,10,Match Point Short - California Blue,SHORTS/SKIRT,SS,Women:Bottoms:Shorts,78.0,,False,1,https://cdn.shopify.com/s/files/1/2185/2813/files/W6334R_08193_b2_s1_a1_dFA26_m280.jpg?v=1786450795,w6334r-match-point-short-california-blue,b:1:Best Seller;BVCategory:Women;ChinaCatalog;Color:California Blue:Color;ColorGroup:Blue;ColorwayType:Limited;FA26D2-family;FA26Drops-family;Filter:DisplaySize:1:XXS - XS;Filter:DisplaySize:3:Small;F
2026-09-21,W,bestsellers,11,Match Point Short - Navy,SHORTS/SKIRT,SS,Women:Bottoms:Shorts,78.0,,False,1,https://cdn.shopify.com/s/files/1/2185/2813/files/W6344R_03842_b2_s1_a1_dSP26_m54.jpg?v=1782250851,w6334r-match-point-short-navy,b:1:Best Seller;BIScollection;BVCategory:Women;ChinaCatalog;Color:Navy:Color;ColorGroup:Blue;ColorwayType:Limited;Filter:DisplaySize:1:XXS - XS;Filter:DisplaySize:3:Small;Filter:DisplaySize:4:Medium;F
2026-09-21,W,bestsellers,12,Match Point Tennis Skirt - Navy,SHORTS/SKIRT,SS,Women:Bottoms:Skirts,78.0,,False,1,https://cdn.shopify.com/s/files/1/2185/2813/files/W6240R_03842_b2_s1_a1_dFA26_m191.jpg?v=1786450170,w6240r-match-point-tennis-skirt-navy,b:1:Best Seller;BVCategory:Women;ChinaCatalog;Color:Navy:Color;ColorGroup:Blue;FA26D2-family;FA26Drops-family;Filter:DisplaySize:1:XXS - XS;Filter:DisplaySize:3:Small;Filter:DisplaySize:4:Medium;Filte
2026-09-21,W,bestsellers,13,Aspire Tank - Pink Marshmallow/White,BRA/TANK,SS,Women:Tops:Tanks,68.0,,False,1,https://cdn.shopify.com/s/files/1/2185/2813/files/W2675RG_08301_b2_s1_a1_dFA26_m186_6253e4f4-7afb-4e08-838f-de7d82fbf643.jpg?v=1787179519,w2675rg-aspire-tank-pink-marshmallow-white,b:1:Best Seller;BVCategory:Women;ChinaCatalog;Color:Pink Marshmallow:Color;ColorGroup:Pink;ColorwayType:Limited;FA26-Campaign;FA26-Jisoo;FA26D1-family;FA26Drops-family;Filter:DisplaySize:1:XXS - XS;Fi
2026-09-21,W,bestsellers,14,ALO Sunset Sneaker Mule - Gravel,ETC,UNTAGGED,Accessories:Shoes:Mules,225.0,,False,1,https://cdn.shopify.com/s/files/1/2185/2813/files/A1004U_05438_b1_s1_a3_dSU26_3711f573-8e02-4c2c-986c-3d294ad7ffa5.jpg?v=1785187905,a1004u-alo-sunset-sneaker-mule-gravel,b:1:Best Seller;BuilderDropzoneStyle:SSMULE;BVCategory:Footwear;ChinaCatalog;Color:Gravel:Color;ColorGroup:Beige;Content:Builder;Maintenance:ColorwayProduct;master-accessories-all;master-woman-all;MBe
2026-09-21,W,bestsellers,15,"3"" Airlift Polka Dot High-Waist Short - Navy/White",LEGGING,SS,Women:Bottoms:Shorts,88.0,,False,1,https://cdn.shopify.com/s/files/1/2185/2813/files/W6706R_04893_b1_s1_a1_dFA26_m18.jpg?v=1787010742,w6706r-airlift-polka-dot-3-high-waist-short-navy-white,b:1:Best Seller;b:3:New;BuilderDropzoneStyle:AIRLIFT;BVCategory:Women;ChinaCatalog;Color:Navy:Color;ColorGroup:Blue;Content:Builder;FA26D3-2-family;FA26Drops-family;Fabric:Airlift;Filter:DisplaySize:1
2026-09-21,W,bestsellers,16,Accolade 1/4 Zip Pullover - Navy,FLEECE/KNIT,FW,Women:Outerwear:Coverups:Pullovers,148.0,,False,1,https://cdn.shopify.com/s/files/1/2185/2813/files/U3040RG_03842_b2_s1_a1_m224.jpg?v=1787626913,u3040rg-accolade-1-4-zip-pullover-navy,AccoladeBoostBury;b:1:Best Seller;BR:unisex;BVCategory:Women;ChinaCatalog;Color:Navy:Color;ColorGroup:Blue;ColorwayType:Limited;Filter:DisplaySize:1:XXS - XS;Filter:DisplaySize:3:Small;Filter:DisplayS
2026-09-21,W,bestsellers,17,Alosoft Crop Finesse Short Sleeve - Navy,SHORTS/SKIRT,SS,Women:Tops:Short Sleeves,68.0,,False,1,https://cdn.shopify.com/s/files/1/2185/2813/files/W1406R_03842_b2_s1_a2_dSP26_m262.jpg?v=1785195982,w1406r-alosoft-crop-finesse-short-sleeve-navy,b:1:Best Seller;bis-paused;BuilderDropzoneStyle:ALOSOFT;BVCategory:Women;ChinaCatalog;Color:Navy:Color;ColorGroup:Blue;Content:Builder;Fabric:Alosoft;Filter:DisplaySize:1:XXS - XS;Filter:DisplaySize:3
2026-09-21,W,bestsellers,18,Accolade 1/4 Zip Pullover - Espresso,FLEECE/KNIT,FW,Women:Outerwear:Coverups:Pullovers,148.0,,False,1,https://cdn.shopify.com/s/files/1/2185/2813/files/U3040RG_04064_b2_s1_a1_dFA26_m277.jpg?v=1787899637,u3040rg-accolade-1-4-zip-pullover-espresso,AccoladeBoostBury;b:1:Best Seller;b:3:New;BVCategory:Women;ChinaCatalog;Color:Espresso:Color;ColorGroup:Brown;FA26-Campaign;FA26D3-family;FA26Drops-family;Filter:DisplaySize:1:XXS - XS;Filter:DisplayS
2026-09-21,W,bestsellers,19,Airlift Polka Dot High-Waist Iconic 90's Capri - Espresso/White,LEGGING,SEASONLESS,Women:Bottoms:Leggings,128.0,,False,1,https://cdn.shopify.com/s/files/1/2185/2813/files/W54530R_04259_b1_s1_a2_dFA26_m18.jpg?v=1786957793,w54530r-airlift-polka-dot-high-waist-iconic-90s-capri-espresso-white,b:1:Best Seller;b:3:New;BuilderDropzoneStyle:ARLTRISE;BVCategory:Women;ChinaCatalog;Color:Espresso:Color;ColorGroup:Brown;Computed:UnderInventoryThreshold:5:for:L;Content:Builder;FA26D3-2-family;FA26D
2026-09-21,W,bestsellers,20,Accolade 1/4 Zip Pullover - White Heather,FLEECE/KNIT,FW,Women:Outerwear:Coverups:Pullovers,148.0,,False,1,https://cdn.shopify.com/s/files/1/2185/2813/files/U3040RG_10060_b2_s1_a1_dSU26_m191_5ce88d6d-56a9-42dd-bde1-37a55b7faba1.jpg?v=1783017241,u3040rg-accolade-1-4-zip-pullover-white-heather,AccoladeBoostBury;b:1:Best Seller;BR:unisex;BVCategory:Women;Color:White Heather:Color;ColorGroup:White;ColorwayType:Limited;Filter:DisplaySize:1:XXS - XS;Filter:DisplaySize:3:Small;Filter:DisplaySize
2026-09-21,W,bestsellers,21,Alosoft High-Waist 7/8 Highlight Legging - Black,LEGGING,SEASONLESS,Women:Bottoms:Leggings,108.0,,False,1,https://cdn.shopify.com/s/files/1/2185/2813/files/W51104R_01_b1_s1_a1_1_m91.jpg?v=1736468997,w51104r-alosoft-high-waist-7-8-highlight-legging-black,aloversary20off;b:1:Best Seller;BIScollection;BuilderDropzoneStyle:ALOSFTRISE;BVCategory:Women;ChinaCatalog;Color:Black:Color;ColorGroup:Black;Content:Builder;FA21D2-family;Fabric:Alosoft;Filter:Displ
2026-09-21,W,bestsellers,22,Accolade 1/4 Zip Pullover - Black,FLEECE/KNIT,FW,Women:Outerwear:Coverups:Pullovers,148.0,,False,1,https://cdn.shopify.com/s/files/1/2185/2813/files/U3040RG_01_b2_s1_a1_1_m210.jpg?v=1770144016,u3040rg-accolade-1-4-zip-pullover-black,AA25-PDPselects;AccoladeBoostBury;b:1:Best Seller;BISCollection;BR:unisex;BVCategory:Women;ChinaCatalog;Color:Black:Color;ColorGroup:Black;Filter:DisplaySize:1:XXS - XS;Filter:DisplaySize:3:Small;Filt
2026-09-21,W,bestsellers,23,Match Point Tennis Skirt - White,SHORTS/SKIRT,SS,Women:Bottoms:Skirts,78.0,,False,1,https://cdn.shopify.com/s/files/1/2185/2813/files/W6240R_00_b1_s1_a4_dFA26_m224.jpg?v=1787872552,w6240r-match-point-tennis-skirt-white,aloversary20off;b:1:Best Seller;BVCategory:Women;ChinaCatalog;Color:White:Color;ColorGroup:White;Filter:DisplaySize:1:XXS - XS;Filter:DisplaySize:3:Small;Filter:DisplaySize:4:Medium;Filter:DisplaySize
2026-09-21,W,bestsellers,24,Seamless Ribbed V-Neck Favorite Bra Tank - Warm Butter,BRA/TANK,SS,Women:Tops:Tanks,84.0,,False,1,https://cdn.shopify.com/s/files/1/2185/2813/files/W91015R_06026_b1_s1_a10_dFA26_m18.jpg?v=1787158149,w91015r-seamless-ribbed-v-neck-favorite-bra-tank-warm-butter,b:1:Best Seller;b:3:New;BVCategory:Women;ChinaCatalog;Color:Warm Butter:Color;ColorGroup:Yellow;ColorwayType:Limited;FA26D3-family;FA26Drops-family;Fabric:Ribbed;Filter:DisplaySize:1:XXS - XS;Filter:D
2026-09-21,W,bestsellers,25,"5"" Seamless Ribbed Favorite Short - Warm Butter",SHORTS/SKIRT,SS,Women:Bottoms:Shorts,78.0,,False,1,https://cdn.shopify.com/s/files/1/2185/2813/files/W6290R_06026_b1_s1_a13_dFA26_m18.jpg?v=1788716940,w6290r-5-seamless-ribbed-favorite-short-warm-butter,b:1:Best Seller;b:3:New;BVCategory:Women;ChinaCatalog;Color:Warm Butter:Color;ColorGroup:Yellow;ColorwayType:Limited;FA26D3-family;FA26Drops-family;Fabric:Seamless;Filter:DisplaySize:1:XXS - XS;Filter
2026-09-21,W,bestsellers,26,Accolade Straight Leg Sweatpant - White Heather,BOTTOM-WARM,FW,Women:Bottoms:Sweatpants,138.0,,False,1,https://cdn.shopify.com/s/files/1/2185/2813/files/U5012RG_10060_b1_s1_a2_dSU26_m246.jpg?v=1782933732,u5012rg-accolade-straight-leg-sweatpant-white-heather,AccoladeBoostBury;b:1:Best Seller;BR:unisex;builderdropzonestyle:FYFASL;BVCategory:Women;Color:White Heather:Color;ColorGroup:White;ColorwayType:Limited;Content:Builder;Filter:DisplaySize:1:XXS - XS;F
2026-09-21,W,bestsellers,27,Ribbed Modal Long Sleeve - Espresso,TOP,SEASONLESS,Women:Tops:Long Sleeves,78.0,,False,1,https://cdn.shopify.com/s/files/1/2185/2813/files/W3903R_04064_b1_s1_a1_dFA26_m143.jpg?v=1788798034,w3903r-ribbed-modal-long-sleeve-espresso,b:1:Back in Stock;b:1:Best Seller;BISCollection;BVCategory:Women;ChinaCatalog;Color:Espresso:Color;ColorGroup:Brown;FA25D5-family;FA25Drops-family;FA26D3-Carryover;Fabric:Ribbed;Filter:DisplaySize:1:X
2026-09-21,W,bestsellers,28,Accolade Straight Leg Sweatpant - California Blue,BOTTOM-WARM,FW,Women:Bottoms:Sweatpants,138.0,,False,1,https://cdn.shopify.com/s/files/1/2185/2813/files/U5012RG_08193_b2_s1_a1_dFA26_m18.jpg?v=1787101610,u5012rg-accolade-straight-leg-sweatpant-california-blue,b:1:Best Seller;builderdropzonestyle:FYFASL;BVCategory:Women;ChinaCatalog;Color:California Blue:Color;ColorGroup:Blue;ColorwayType:Limited;Content:Builder;FA26D2-family;FA26Drops-family;Filter:Display
2026-09-21,W,bestsellers,29,Airbrush Heart Throb Bra - Navy/White,LEGGING,SS,Women:Bras,88.0,,False,1,https://cdn.shopify.com/s/files/1/2185/2813/files/W9680R_06639_b2_s1_a1_dFA26_m277.jpg?v=1787086706,w9680r-airbrush-heart-throb-bra-navy-white,b:1:Best Seller;BuilderDropzoneStyle:AIRBRUSH;BVCategory:Women;ChinaCatalog;Color:Navy:Color;ColorGroup:Blue;Content:Builder;Fabric:Airbrush;Filter:DisplaySize:1:XXS - XS;Filter:DisplaySize:3:Small;Fi
2026-09-21,W,bestsellers,30,Airbrush Heart Throb Bra - California Blue/White,LEGGING,SS,Women:Bras,88.0,,False,1,https://cdn.shopify.com/s/files/1/2185/2813/files/W9680R_08305_b2_s1_a1_dFA26_m269.jpg?v=1786451878,w9680r-airbrush-heart-throb-bra-california-blue-white,b:1:Best Seller;BuilderDropzoneStyle:AIRBRUSH;BVCategory:Women;ChinaCatalog;Color:California Blue:Color;ColorGroup:Blue;ColorwayType:Limited;Content:Builder;FA26D2-family;FA26Drops-family;Filter:Displ
2026-09-21,W,bestsellers,31,Suit Up Trouser (Long) - Black,ETC,UNTAGGED,Women:Bottoms:Pants,148.0,,False,1,https://cdn.shopify.com/s/files/1/2185/2813/files/W54187R_01_b2_s1_a1_dSP26_m242_6633269e-29a0-424b-8114-5584580ec498.jpg?v=1771882591,w54187r-suit-up-trouser-long-black,b:1:Best Seller;BuilderDropzoneStyle:SUTRSER;BVCategory:Women;ChinaCatalog;Color:Black:Color;ColorGroup:Black;Content:Builder;Filter:DisplaySize:1:XXS - XS;Filter:DisplaySize:3:Small;Filter:DisplaySiz
2026-09-21,W,bestsellers,32,Accolade Straight Leg Sweatpant - Navy,BOTTOM-WARM,FW,Women:Bottoms:Sweatpants,138.0,,False,1,https://cdn.shopify.com/s/files/1/2185/2813/files/U5012RG_03842_b2_s1_a1_dSP26_m190.jpg?v=1775110605,u5012rg-accolade-straight-leg-sweatpant-navy,AccoladeBoostBury;b:1:Best Seller;builderdropzonestyle:FYFASL;BVCategory:Women;ChinaCatalog;Color:Navy:Color;ColorGroup:Blue;Content:Builder;Filter:DisplaySize:1:XXS - XS;Filter:DisplaySize:3:Small;Fi
2026-09-21,W,bestsellers,33,Airbrush Better Together Tennis Skirt - Pink Marshmallow/White,LEGGING,SS,Women:Bottoms:Skirts,88.0,,False,1,https://cdn.shopify.com/s/files/1/2185/2813/files/W6557R_08301_b1_s1_a4_dFA26_m91_1.jpg?v=1785489384,w6557r-airbrush-better-together-tennis-skirt-pink-marshmallow-white,b:1:Best Seller;BuilderDropzoneStyle:AIRBRUSH;BVCategory:Women;ChinaCatalog;Color:Pink Marshmallow:Color;ColorGroup:Pink;ColorwayType:Limited;Content:Builder;FA26-Campaign;FA26D1-family;FA26Drops-fami
2026-09-21,W,bestsellers,34,ALO Softsculpt Precision Short Sleeve Top - Black,SHORTS/SKIRT,SS,Women:Tops:Short Sleeves,78.0,,False,1,https://cdn.shopify.com/s/files/1/2185/2813/files/W1479R_01_b2_s1_a1_dSU26_m143.jpg?v=1783356090,w1479r-alo-softsculpt-precision-short-sleeve-top-black,b:1:Best Seller;BuilderDropzoneStyle:SOFTSCULPT;BVCategory:Women;ChinaCatalog;Color:Black:Color;ColorGroup:Black;Content:Builder;FA25D1-family;FA25Drops-family;Fabric:ALO Softsculpt;Filter:DisplaySize
2026-09-21,W,bestsellers,35,"3"" Airlift Polka Dot High-Waist Short - Black/White",LEGGING,SS,Women:Bottoms:Shorts,88.0,,False,1,https://cdn.shopify.com/s/files/1/2185/2813/files/W6706R_0100_b1_s1_a5_dFA26_m207.jpg?v=1786958504,w6706r-airlift-polka-dot-3-high-waist-short-black-white,b:1:Best Seller;b:3:New;BuilderDropzoneStyle:AIRLIFT;BVCategory:Women;ChinaCatalog;Color:Black:Color;ColorGroup:Black;Content:Builder;FA26D3-2-family;FA26Drops-family;Fabric:Airlift;Filter:DisplaySize
2026-09-21,W,bestsellers,36,Accolade Full Zip Hoodie - Navy,FLEECE/KNIT,FW,Women:Outerwear:Coverups:Hoodies,148.0,,False,1,https://cdn.shopify.com/s/files/1/2185/2813/files/U3041RG_03842_b2_s1_a1_dSU26_m191.png?v=1778756485,u3041rg-accolade-full-zip-hoodie-navy,AccoladeBoostBury;b:1:Best Seller;BR:unisex;BVCategory:Women;Color:Navy:Color;ColorGroup:Blue;Filter:DisplaySize:1:XXS - XS;Filter:DisplaySize:3:Small;Filter:DisplaySize:4:Medium;Filter:DisplaySize:5:
2026-09-21,W,bestsellers,37,Suit Up Trouser (Regular) - Black,ETC,UNTAGGED,Women:Bottoms:Pants,148.0,,False,1,https://cdn.shopify.com/s/files/1/2185/2813/files/W54187R_01_b2_s1_a1_dFA26_m264.jpg?v=1786394345,w51432r-suit-up-trouser-black,AA25-PDPselects;b:1:Best Seller;BuilderDropzoneStyle:SUTRSER;BVCategory:Women;ChinaCatalog;Color:Black:Color;ColorGroup:Black;Content:Builder;Filter:DisplaySize:1:XXS - XS;Filter:DisplaySize:3:Small;F
2026-09-21,W,bestsellers,38,Hazy Mock Neck Pullover - Navy,FLEECE/KNIT,FW,Women:Outerwear:Coverups:Pullovers,138.0,,False,1,https://cdn.shopify.com/s/files/1/2185/2813/files/W3845R_03842_b2_s1_a2_dFA26_m18.jpg?v=1787102015,w3845r-hazy-mock-neck-pullover-navy,b:1:Best Seller;BVCategory:Women;ChinaCatalog;Color:Navy:Color;ColorGroup:Blue;FA26D2-family;FA26Drops-family;Filter:DisplaySize:1:XXS - XS;Filter:DisplaySize:3:Small;Filter:DisplaySize:4:Medium;Filte
2026-09-21,W,bestsellers,39,Aspire Tank - Espresso/White,BRA/TANK,SS,Women:Tops:Tanks,68.0,,False,1,https://cdn.shopify.com/s/files/1/2185/2813/files/W2675RG_04064_b2_s1_a1_dSU26_m18.jpg?v=1784833535,w2675rg-aspire-tank-espresso-white,aloversary20off;b:1:Best Seller;BVCategory:Women;ChinaCatalog;Color:Espresso:Color;ColorGroup:Brown;Filter:DisplaySize:1:XXS - XS;Filter:DisplaySize:3:Small;Filter:DisplaySize:4:Medium;Filter:DisplayS
2026-09-21,W,bestsellers,40,Lasting Lip Balm,ETC,UNTAGGED,Beauty:Skin,12.0,,False,1,https://cdn.shopify.com/s/files/1/2185/2813/files/B1013F_0001_b2_a1_1_7a6a2e71-6ea1-46fd-ab75-9280a26b9231.jpg?v=1761158908,b1013f-alo-lasting-lip-balm-alo-scent,aloversary20off;b:1:Best Seller;BuilderDropzoneStyle:LASLIPBLM;BVCategory:Beauty;Content:Builder;DomesticOnly;Maintenance:ColorwayProduct;MBestSeller;not_clearance;Policy:BeautyShippingRestrictions;Po
2026-09-21,W,bestsellers,41,7/8 High-Waist Airlift Legging - Black,LEGGING,SEASONLESS,Women:Bottoms:Leggings,134.0,,False,1,https://cdn.shopify.com/s/files/1/2185/2813/files/W5766R_01_b2_s1_a1_1_m18.jpg?v=1762820993,w5766r-7-8-high-waist-airlift-legging-black,7/8 Length;AA25-PDPselects;aloversary20off;B&W;b:1:Best Seller;Bluemoon-family;bronzed-family;BuilderDropzoneStyle:ARLTRISE;BVCategory:Women;ChinaCatalog;Color:Black:Color;ColorGroup:Black;Content:Bui
2026-09-21,W,bestsellers,42,ALO Softsculpt 7/8 Define Legging - Black,LEGGING,SEASONLESS,Women:Bottoms:Leggings,134.0,,False,1,https://cdn.shopify.com/s/files/1/2185/2813/files/W54599R_01_b2_s1_a1_dFA26_m287_jpg.png?v=1786031828,w54599r-alo-softsculpt-7-8-define-legging-black,b:1:Best Seller;BuilderDropzoneStyle:DFNLGG;BVCategory:Women;ChinaCatalog;Color:Black:Color;ColorGroup:Black;Content:Builder;delilahlaunch;Fabric:ALO Softsculpt;Filter:DisplaySize:1:XXS - XS;Filter:Di
2026-09-21,W,bestsellers,43,Muse Wide Leg Pant - Gravel Heather,BOTTOM-WARM,UNTAGGED,Women:Bottoms:Pants,118.0,,False,1,https://cdn.shopify.com/s/files/1/2185/2813/files/W54241R_01428_b2_s1_a1_m277.jpg?v=1788797130,w54241r-muse-wide-leg-pant-gravel-heather,b:1:Best Seller;BVCategory:Women;ChinaCatalog;Color:Gravel:Color;ColorGroup:Beige;FA25-Campaign;FA25D6-2-family;FA25Drops-family;FA26D3-Carryover;Filter:DisplaySize:1:XXS - XS;Filter:DisplaySize:3:Sma
2026-09-21,W,bestsellers,44,Suit Up Trouser (Short) - Black,SHORTS/SKIRT,SS,Women:Bottoms:Pants,148.0,,False,1,https://cdn.shopify.com/s/files/1/2185/2813/files/W54428R_01_b1_s1_a1_dSU26_m207_079634e6-40a0-4a87-b84b-fadf9fca4d89.jpg?v=1785172319,w54428r-suit-up-trouser-short-black,b:1:Best Seller;BISCollection;BuilderDropzoneStyle:SUTRSER;BVCategory:Women;ChinaCatalog;Color:Black:Color;ColorGroup:Black;Content:Builder;Filter:DisplaySize:1:XXS - XS;Filter:DisplaySize:3:Small;Fil
2026-09-21,W,bestsellers,45,Suit Up Trouser (Short) - Navy,SHORTS/SKIRT,SS,Women:Bottoms:Pants,148.0,,False,1,https://cdn.shopify.com/s/files/1/2185/2813/files/W54428R_03842_b2_s1_a3_dSU25_m191.jpg?v=1785172235,w54428r-suit-up-trouser-short-navy,b:1:Best Seller;BuilderDropzoneStyle:SUTRSER;BVCategory:Women;ChinaCatalog;Color:Navy:Color;ColorGroup:Blue;Content:Builder;Filter:DisplaySize:1:XXS - XS;Filter:DisplaySize:3:Small;Filter:DisplaySize:
2026-09-21,W,bestsellers,46,Cropped Timeless Tee - Warm Butter,SHORTS/SKIRT,SS,Women:Tops:Short Sleeves,64.0,,False,1,https://cdn.shopify.com/s/files/1/2185/2813/files/W1511R_06026_b1_s1_a5_dFA26_m207.jpg?v=1786956637,w1511r-cropped-timeless-tee-warm-butter,b:1:Best Seller;b:3:New;BVCategory:Women;ChinaCatalog;Color:Warm Butter:Color;ColorGroup:Yellow;ColorwayType:Limited;FA26D3-family;FA26Drops-family;Filter:DisplaySize:1:XXS - XS;Filter:DisplaySize:3:S
2026-09-21,W,bestsellers,47,Ribbed Sea Coast Long Sleeve - Ivory,TOP,SEASONLESS,Women:Tops:Long Sleeves,74.0,,False,1,https://cdn.shopify.com/s/files/1/2185/2813/files/W3781R_03299_b2_s1_a1_1_m191.jpg?v=1769644460,w3781r-ribbed-sea-coast-long-sleeve-ivory,b:1:Best Seller;BVCategory:Women;ColorGroup:White;FA24D5-family;Fabric:Ribbed;Filter:DisplaySize:1:XXS - XS;Filter:DisplaySize:3:Small;Filter:DisplaySize:4:Medium;Filter:DisplaySize:5:L - XL;Filter:Si
2026-09-21,W,bestsellers,48,Accolade Crew Neck Pullover - Navy,FLEECE/KNIT,FW,Women:Outerwear:Coverups:Pullovers,138.0,,False,1,https://cdn.shopify.com/s/files/1/2185/2813/files/U3031RG_03842_b2_s1_a1_m239_51f53490-e608-455e-ac26-2f2741d0a347.jpg?v=1770143954,u3031rg-accolade-crew-neck-pullover-navy,AA25-PDPselects;AccoladeBoostBury;b:1:Best Seller;BVCategory:Women;ChinaCatalog;Color:Navy:Color;ColorGroup:Blue;FA25-Campaign;FA25D4-family;FA25Drops-family;FA26D2-Carryover;Filter:DisplaySize:1:XXS 
2026-09-21,W,bestsellers,49,Double Or Nothing Tennis Skirt - Black,SHORTS/SKIRT,SS,Women:Bottoms:Skirts,88.0,,False,1,https://cdn.shopify.com/s/files/1/2185/2813/files/W6574R_01_b2_s1_a2_dSP26_m191.jpg?v=1785195233,w6574r-double-or-nothing-tennis-skirt-black,b:1:Back in Stock;b:1:Best Seller;BISCollection;BVCategory:Women;ChinaCatalog;Color:Black:Color;ColorGroup:Black;Filter:DisplaySize:1:XXS - XS;Filter:DisplaySize:3:Small;Filter:DisplaySize:4:Medium;Fi
2026-09-21,W,bestsellers,50,Suit Up Trouser (Regular) - Dune Grass,ETC,UNTAGGED,Women:Bottoms:Pants,148.0,,False,1,https://cdn.shopify.com/s/files/1/2185/2813/files/W51432R_07947_b2_s1_a1_dSU26_m228.jpg?v=1784747388,w51432r-suit-up-trouser-regular-dune-grass,b:1:Best Seller;BuilderDropzoneStyle:SUTRSER;BVCategory:Women;ChinaCatalog;Color:Dune Grass:Color;ColorGroup:Green;ColorwayType:Limited;Content:Builder;Filter:DisplaySize:1:XXS - XS;Filter:DisplaySize
2026-09-21,M,mens-bestsellers,1,Idol Crewneck Short Sleeve - Black,SHORTS/SKIRT,SS,Men:Tops:Short Sleeves,88.0,,False,1,https://cdn.shopify.com/s/files/1/2185/2813/files/M1247R_01_b2_s1_a1_dFA26_m252_d1e176ed-eee3-44e7-9dbd-52a0a64e4297.jpg?v=1788363627,m1247r-idol-crewneck-short-sleeve-black,b:1:Best Seller;BVCategory:Men;ChinaCatalog;Color:Black:Color;ColorGroup:Black;FA25Drops-family;FA25MBridge-family;FA26-JOEBLAUNCH;FA26MD2-Carryover;Filter:DisplaySize:3:Small;Filter:DisplaySize:4:Med
2026-09-21,M,mens-bestsellers,2,"7"" Repetition Short - Navy",SHORTS/SKIRT,SS,Men:Bottoms:Shorts,78.0,,False,1,https://cdn.shopify.com/s/files/1/2185/2813/files/M6095R_03842_b2_s1_a1_dFA26_m252_636cfd26-0929-4a9a-af5c-391f85495aa9.jpg?v=1788363628,m6154r-7-repetition-short-navy,b:1:Best Seller;BVCategory:Men;ChinaCatalog;Color:Navy:Color;ColorGroup:Blue;FA24;FA24Drops-family;FA26-JOEBLAUNCH;Filter:DisplaySize:3:Small;Filter:DisplaySize:4:Medium;Filter:DisplaySize:5:Large;Fil
2026-09-21,M,mens-bestsellers,3,Double Take Long Sleeve 1/4 Zip - Bone,TOP,SEASONLESS,Men:Tops:Long Sleeves,128.0,,False,1,https://cdn.shopify.com/s/files/1/2185/2813/files/M3290R_03040_b2_s1_a1_dFA26_m257.jpg?v=1786550165,m3290r-double-take-long-sleeve-1-4-zip-bone,b:1:Best Seller;BuilderDropzoneStyle:DBLTK;BVCategory:Men;Color:Bone:Color;ColorGroup:Beige;Content:Builder;FA25-Campaign;FA25Drops-family;FA25MD2-family;FA26MD3-Carryover;Fabric:Double Take;Filter:Di
2026-09-21,M,mens-bestsellers,4,Double Take Straight Leg Pant - Bone,ETC,UNTAGGED,Men:Bottoms:Pants,128.0,,False,1,https://cdn.shopify.com/s/files/1/2185/2813/files/M5259R_03040_b1_s1_a3_dSP26_m257.jpg?v=1769561345,m5259r-double-take-straight-leg-pant-bone,b:1:Best Seller;BVCategory:Men;ChinaCatalog;Color:Bone:Color;ColorGroup:Beige;ColorwayType:Limited;Fabric:Double Take;Filter:DisplaySize:3:Small;Filter:DisplaySize:4:Medium;Filter:DisplaySize:5:Large;
2026-09-21,M,mens-bestsellers,5,Light Weight Takeaway Track Pullover - Black,FLEECE/KNIT,FW,Men:Outerwear:Coverups:Pullovers,148.0,,False,1,https://cdn.shopify.com/s/files/1/2185/2813/files/M3259R_01_b2_s1_a1_dSU26_m275.png?v=1778520221,m3259r-light-weight-takeaway-track-pullover-black,b:1:Best Seller;BISCollection;BVCategory:Men;Color:Black:Color;ColorGroup:Black;EcomVideo-Dale;Filter:DisplaySize:3:Small;Filter:DisplaySize:4:Medium;Filter:DisplaySize:5:Large;Filter:DisplaySize:6:XL
2026-09-21,M,mens-bestsellers,6,"5"" Circuit Short - Black",SHORTS/SKIRT,SS,Men:Bottoms:Shorts,68.0,,False,1,https://cdn.shopify.com/s/files/1/2185/2813/files/M6158R_01_b2_s1_a1_1_m276.png?v=1778632075,m6158r-5-circuit-short-black,b:1:Best Seller;BVCategory:Men;ChinaCatalog;Color:Black:Color;ColorGroup:Black;FA25Drops-family;FA25MBridge-family;Filter:DisplaySize:3:Small;Filter:DisplaySize:4:Medium;Filter:DisplaySize:5:Large;Fil
2026-09-21,M,mens-bestsellers,7,ALO Vapor Crewneck Short Sleeve - Navy,SHORTS/SKIRT,SS,Men:Tops:Short Sleeves,68.0,,False,1,https://cdn.shopify.com/s/files/1/2185/2813/files/M1228R_03842_b1_s1_a1_dFA26_m243.jpg?v=1789597701,m1228r-alo-vapor-crewneck-short-sleeve-navy,b:1:Best Seller;BuilderDropzoneStyle:VAPR;BVCategory:Men;ChinaCatalog;Color:Navy:Color;ColorGroup:Blue;ColorwayType:Limited;Content:Builder;FA25MBridge-family;Fabric:ALO Vapor;Filter:DisplaySize:3:Sma
2026-09-21,M,mens-bestsellers,8,Co-Op Pant (Regular) - Navy,ETC,UNTAGGED,Men:Bottoms:Pants,138.0,,False,1,https://cdn.shopify.com/s/files/1/2185/2813/files/M5144R_03842_b1_s1_a2_m253.jpg?v=1754696433,m5144r-co-op-pant-regular-navy,b:1:Best Seller;BVCategory:Men;ChinaCatalog;Color:Navy:Color;ColorGroup:Blue;FA25Drops-family;FA25MBridge-family;Filter:DisplaySize:3:Small;Filter:DisplaySize:4:Medium;Filter:DisplaySize:5:Large;Filte
2026-09-21,M,mens-bestsellers,9,Conquer Muscle Tank - Bone,BRA/TANK,SS,Men:Tops:Tanks,68.0,,False,1,https://cdn.shopify.com/s/files/1/2185/2813/files/M2066R_03040_b1_s1_a4_dFA26_m245.jpg?v=1789598003,m2066r-conquer-muscle-tank-bone,b:1:Best Seller;BuilderDropzoneStyle:CNQR;BVCategory:Men;ChinaCatalog;Color:Bone:Color;ColorGroup:Beige;Content:Builder;Fabric:Conquer;Filter:DisplaySize:3:Small;Filter:DisplaySize:4:Medium;Filter:Dis
2026-09-21,M,mens-bestsellers,10,"7"" Conquer React Performance Short - Bone",SHORTS/SKIRT,SS,Men:Bottoms:Shorts,68.0,,False,1,https://cdn.shopify.com/s/files/1/2185/2813/files/M6131R_03040_b2_s1_a1_1_m252.jpg?v=1760365331,m6131r-conquer-react-performance-short-bone,b:1:Best Seller;BVCategory:Men;ChinaCatalog;Color:Bone:Color;ColorGroup:Beige;EcomVideo-Shomari;Fabric:Conquer;Filter:DisplaySize:3:Small;Filter:DisplaySize:4:Medium;Filter:DisplaySize:5:Large;Filter:
2026-09-21,M,mens-bestsellers,11,Conquer Reform Crewneck Short Sleeve - Navy,SHORTS/SKIRT,SS,Men:Tops:Short Sleeves,78.0,,False,1,https://cdn.shopify.com/s/files/1/2185/2813/files/M1205R_03842_b2_s1_a1_1_m214.jpg?v=1761533071,m1205r-conquer-reform-crewneck-short-sleeve-navy,b:1:Best Seller;BuilderDropzoneStyle:CNQR;BVCategory:Men;ChinaCatalog;Color:Navy:Color;ColorGroup:Blue;Content:Builder;FA24MD1-family;Fabric:Conquer;Filter:DisplaySize:3:Small;Filter:DisplaySize:4:Med
2026-09-21,M,mens-bestsellers,12,Conquer Max Performance Jogger - Navy,BOTTOM-WARM,FW,Men:Bottoms:Pants,128.0,,False,1,https://cdn.shopify.com/s/files/1/2185/2813/files/M5226R_03842_b2_s1_a1_m214.jpg?v=1761532990,m5226r-conquer-max-performance-jogger-navy,b:1:Best Seller;BVCategory:Men;ChinaCatalog;Color:Navy:Color;ColorGroup:Blue;FA25-Campaign;FA25Drops-family;FA25MBridge-family;Fabric:Conquer;Filter:DisplaySize:3:Small;Filter:DisplaySize:4:Medium;Fil
2026-09-21,M,mens-bestsellers,13,Double Take Short Sleeve - Espresso,SHORTS/SKIRT,SS,Men:Tops:Short Sleeves,88.0,,False,1,https://cdn.shopify.com/s/files/1/2185/2813/files/M1224R_04064_b1_s1_a3_dSP26_m243.jpg?v=1774385509,m1224r-double-take-short-sleeve-espresso,b:1:Best Seller;BuilderDropzoneStyle:DBLTK;BVCategory:Men;ChinaCatalog;Color:Espresso:Color;ColorGroup:Brown;Content:Builder;Fabric:Double Take;Filter:DisplaySize:3:Small;Filter:DisplaySize:4:Medium;F
2026-09-21,M,mens-bestsellers,14,"7"" Double Take Short - Espresso",SHORTS/SKIRT,SS,Men:Bottoms:Shorts,88.0,,False,1,https://cdn.shopify.com/s/files/1/2185/2813/files/M6143R_04064_b2_s1_a1_dFA26_m245.jpg?v=1786548263,m6143r-7-double-take-short-espresso,b:1:Best Seller;BVCategory:Men;ChinaCatalog;Color:Espresso:Color;ColorGroup:Brown;Fabric:Double Take;Filter:DisplaySize:3:Small;Filter:DisplaySize:4:Medium;Filter:DisplaySize:5:Large;Filter:DisplaySiz
2026-09-21,M,mens-bestsellers,15,Conquer Max Mock Neck Full Zip - Black,FLEECE/KNIT,FW,Men:Outerwear:Coverups:Pullovers,138.0,,False,1,https://cdn.shopify.com/s/files/1/2185/2813/files/M3262R_01_b2_s1_a1_dWT25_m214.jpg?v=1776888259,m3262r-conquer-max-mock-neck-full-zip-black,b:1:Best Seller;BuilderDropzoneStyle:CNQR;BVCategory:Men;ChinaCatalog;Color:Black:Color;ColorGroup:Black;Content:Builder;Fabric:Conquer;Filter:DisplaySize:3:Small;Filter:DisplaySize:4:Medium;Filter:Di
2026-09-21,M,mens-bestsellers,16,"7"" Conquer React Performance Short - Black",SHORTS/SKIRT,SS,Men:Bottoms:Shorts,68.0,,False,1,https://cdn.shopify.com/s/files/1/2185/2813/files/M6131R_01_b1_s1_a1_1_m243.jpg?v=1747861552,m6131r-conquer-react-performance-short-black,b:1:Best Seller;BVCategory:Men;ChinaCatalog;Color:Black:Color;ColorGroup:Black;EcomVideo-Shomari;Fabric:Conquer;Filter:DisplaySize:3:Small;Filter:DisplaySize:4:Medium;Filter:DisplaySize:5:Large;Filter
2026-09-21,M,mens-bestsellers,17,Takeaway Track Full Zip Jacket - Black,OUTERWEAR,FW,Men:Outerwear:Jackets,188.0,,False,1,https://cdn.shopify.com/s/files/1/2185/2813/files/M3334R_01_b2_s1_a1_dSU26_m243.png?v=1778242657,m3334r-takeaway-track-full-zip-jacket-black,b:1:Best Seller;BR:unisex;BVCategory:Men;Color:Black:Color;ColorGroup:Black;Filter:DisplaySize:3:Small;Filter:DisplaySize:4:Medium;Filter:DisplaySize:5:Large;Filter:DisplaySize:6:XL - 2XL;Filter:Size:
2026-09-21,M,mens-bestsellers,18,Takeaway Track Straight Leg Pant - Black,ETC,UNTAGGED,Men:Bottoms:Pants,158.0,,False,1,https://cdn.shopify.com/s/files/1/2185/2813/files/M5265R_01_b2_s1_a1_dSU26_m243.png?v=1778240989,m5265r-takeaway-track-straight-leg-pant-black,b:1:Best Seller;BVCategory:Men;ChinaCatalog;Color:Black:Color;ColorGroup:Black;Filter:DisplaySize:3:Small;Filter:DisplaySize:4:Medium;Filter:DisplaySize:5:Large;Filter:DisplaySize:6:XL - 2XL;Filter:Si
2026-09-21,M,mens-bestsellers,19,Conquer Reform Crewneck Short Sleeve - White,SHORTS/SKIRT,SS,Men:Tops:Short Sleeves,78.0,,False,1,https://cdn.shopify.com/s/files/1/2185/2813/files/M1205R_00_b2_s1_a1_dFA26_m257.jpg?v=1786551475,m1205r-conquer-reform-crewneck-short-sleeve-white,b:1:Best Seller;BuilderDropzoneStyle:CNQR;BVCategory:Men;ChinaCatalog;Color:White:Color;ColorGroup:White;Content:Builder;FA24MD3-FAMILY;Fabric:Conquer;Filter:DisplaySize:3:Small;Filter:DisplaySize:4:M
2026-09-21,M,mens-bestsellers,20,"5"" Repetition Short - Navy",SHORTS/SKIRT,SS,Men:Bottoms:Shorts,78.0,,False,1,https://cdn.shopify.com/s/files/1/2185/2813/files/M6155R_03842_b2_s1_a1_dFA26_m257.jpg?v=1786550055,m6155r-5-repetition-short-navy,b:1:Best Seller;BVCategory:Men;ChinaCatalog;Color:Navy:Color;ColorGroup:Blue;Filter:DisplaySize:3:Small;Filter:DisplaySize:4:Medium;Filter:DisplaySize:5:Large;Filter:DisplaySize:6:XL - 2XL;Filter:Size
2026-09-21,M,mens-bestsellers,21,Conquer Reform Crewneck Short Sleeve - Espresso,SHORTS/SKIRT,SS,Men:Tops:Short Sleeves,78.0,,False,1,https://cdn.shopify.com/s/files/1/2185/2813/files/M1205R_04064_b2_s1_a1_m275.png?v=1782497506,m1205r-conquer-reform-crewneck-short-sleeve-espresso,b:1:Best Seller;BuilderDropzoneStyle:CNQR;BVCategory:Men;ChinaCatalog;Color:Espresso:Color;ColorGroup:Brown;Content:Builder;FA24MD5-family;Fabric:Conquer;Filter:DisplaySize:3:Small;Filter:DisplaySize:
2026-09-21,M,mens-bestsellers,22,Co-Op Pant (Regular) - Espresso,ETC,UNTAGGED,Men:Bottoms:Pants,138.0,,False,1,https://cdn.shopify.com/s/files/1/2185/2813/files/M5144R_04064_b1_s1_a4_dSU26_m214.jpg?v=1782901509,m5144r-co-op-pant-regular-espresso,b:1:Best Seller;BVCategory:Men;ChinaCatalog;Color:Espresso:Color;ColorGroup:Brown;Filter:DisplaySize:3:Small;Filter:DisplaySize:4:Medium;Filter:DisplaySize:5:Large;Filter:DisplaySize:6:XL - 2XL;Filter
2026-09-21,M,mens-bestsellers,23,Accolade Crew Neck Pullover - Black,FLEECE/KNIT,FW,Men:Outerwear:Coverups:Pullovers,138.0,,False,1,https://cdn.shopify.com/s/files/1/2185/2813/files/U3031RG_01_b1_s1_a2_dFA26_m243.jpg?v=1785955746,u3031rg-accolade-crew-neck-pullover-black-mens,AccoladeBoostBury;b:1:Best Seller;BR:unisex;BVCategory:Men;ChinaCatalog;Color:Black:Color;ColorGroup:Black;Filter:DisplaySize:1:XXS - XS;Filter:DisplaySize:3:Small;Filter:DisplaySize:4:Medium;Filter:D
2026-09-21,M,mens-bestsellers,24,Accolade Straight Leg Sweatpant - Black,BOTTOM-WARM,FW,Men:Bottoms:Sweatpants,138.0,,False,1,https://cdn.shopify.com/s/files/1/2185/2813/files/U5012RG_01_b1_s1_a1_dFA26_m243.jpg?v=1785956350,u5012rg-accolade-straight-leg-sweatpant-black-mens,AccoladeBoostBury;b:1:Best Seller;BR:unisex;BVCategory:Men;ChinaCatalog;Color:Black:Color;ColorGroup:Black;Filter:DisplaySize:1:XXS - XS;Filter:DisplaySize:3:Small;Filter:DisplaySize:4:Medium;Filter:D
2026-09-21,M,mens-bestsellers,25,Waffle Lounge Jogger - Black,BOTTOM-WARM,FW,Men:Bottoms:Pants,148.0,,False,1,https://cdn.shopify.com/s/files/1/2185/2813/files/M5246R_01_b1_s1_a2_m214.jpg?v=1763551727,m5246r-waffle-lounge-jogger-black,b:1:Best Seller;BVCategory:Men;ChinaCatalog;Color:Black:Color;ColorGroup:Black;FA26MD2-Carryover;Fabric:Waffle;Filter:DisplaySize:3:Small;Filter:DisplaySize:4:Medium;Filter:DisplaySize:5:Large;Filter:
2026-09-21,M,mens-bestsellers,26,Co-Op Pant (Regular) - Black,ETC,UNTAGGED,Men:Bottoms:Pants,138.0,,False,1,https://cdn.shopify.com/s/files/1/2185/2813/files/M5144R_01_b1_s1_a2_m243.jpg?v=1775153771,m5144r-co-op-pant-regular-black,b:1:Best Seller;BVCategory:Men;ChinaCatalog;Color:Black:Color;ColorGroup:Black;FA25Drops-family;FA25MBridge-family;Filter:DisplaySize:3:Small;Filter:DisplaySize:4:Medium;Filter:DisplaySize:5:Large;Fil
2026-09-21,M,mens-bestsellers,27,Conquer Max Mock Neck Full Zip - Navy,FLEECE/KNIT,FW,Men:Outerwear:Coverups:Pullovers,138.0,,False,1,https://cdn.shopify.com/s/files/1/2185/2813/files/M3262R_03842_b1_s1_a001_1_m221.jpg?v=1742097611,m3262r-conquer-max-mock-neck-full-zip-navy,b:1:Best Seller;BuilderDropzoneStyle:CNQR;BVCategory:Men;ChinaCatalog;Color:Navy:Color;ColorGroup:Blue;ColorwayType:Limited;Content:Builder;Fabric:Conquer;Filter:DisplaySize:3:Small;Filter:DisplaySize
2026-09-21,M,mens-bestsellers,28,Conquer Reform Crewneck Short Sleeve - Black,SHORTS/SKIRT,SS,Men:Tops:Short Sleeves,78.0,,False,1,https://cdn.shopify.com/s/files/1/2185/2813/files/M1205R_01_b1_s1_a4_dFA26_m245.jpg?v=1789592446,m1205r-conquer-reform-crewneck-short-sleeve-black,b:1:Best Seller;BuilderDropzoneStyle:CNQR;BVCategory:Men;ChinaCatalog;Color:Black:Color;ColorGroup:Black;Content:Builder;FA24MD3-FAMILY;Fabric:Conquer;Filter:DisplaySize:3:Small;Filter:DisplaySize:4:M
2026-09-21,M,mens-bestsellers,29,Conquer 1/4 Zip Reform Long Sleeve - Black,TOP,SEASONLESS,Men:Tops:Long Sleeves,108.0,,False,1,https://cdn.shopify.com/s/files/1/2185/2813/files/M3193R_01_b1_s1_a1_dSP26_m243.jpg?v=1774387522,m3193r-conquer-1-4-zip-reform-long-sleeve-black,b:1:Best Seller;BuilderDropzoneStyle:CNQR;BVCategory:Men;ChinaCatalog;Color:Black:Color;ColorGroup:Black;Content:Builder;FA24MD3-FAMILY;Fabric:Conquer;Filter:DisplaySize:3:Small;Filter:DisplaySize:4:M
2026-09-21,M,mens-bestsellers,30,Double Take Short Sleeve - Black,SHORTS/SKIRT,SS,Men:Tops:Short Sleeves,88.0,,False,1,https://cdn.shopify.com/s/files/1/2185/2813/files/M1224R_01_b2_s1_a2_dFA26_m257.jpg?v=1786551040,m1224r-double-take-short-sleeve-black,b:1:Best Seller;BuilderDropzoneStyle:DBLTK;BVCategory:Men;ChinaCatalog;Color:Black:Color;ColorGroup:Black;Content:Builder;Fabric:Double Take;Filter:DisplaySize:3:Small;Filter:DisplaySize:4:Medium;Filt
2026-09-21,M,mens-bestsellers,31,Alpha Shell Jacket - Black,OUTERWEAR,FW,Men:Outerwear:Jackets,348.0,,False,1,https://cdn.shopify.com/s/files/1/2185/2813/files/M4200R_01_b2_s1_a1_m252.jpg?v=1756135963,m4200r-alpha-shell-jacket-black,b:1:Best Seller;BVCategory:Men;ChinaCatalog;Color:Black:Color;ColorGroup:Black;FA25-Campaign;FA25MBridge-family;Filter:DisplaySize:3:Small;Filter:DisplaySize:4:Medium;Filter:DisplaySize:5:Large;Filter
2026-09-21,M,mens-bestsellers,32,"7"" Repetition Short - Black",SHORTS/SKIRT,SS,Men:Bottoms:Shorts,78.0,,False,1,https://cdn.shopify.com/s/files/1/2185/2813/files/M6154R_01_b1_s1_a4_dFA26_m245.jpg?v=1789600379,m6154r-7-repetition-short-black,b:1:Best Seller;BVCategory:Men;ChinaCatalog;Color:Black:Color;ColorGroup:Black;FA24;FA24Drops-family;Filter:DisplaySize:3:Small;Filter:DisplaySize:4:Medium;Filter:DisplaySize:5:Large;Filter:DisplaySiz
2026-09-21,M,mens-bestsellers,33,Repetition Pant - Black,ETC,UNTAGGED,Men:Bottoms:Pants,128.0,,False,1,https://cdn.shopify.com/s/files/1/2185/2813/files/M5230R_01_b2_s1_a1_dSU26_m257.jpg?v=1777660630,m5230r-repetition-pant-black,b:1:Back in Stock;b:1:Best Seller;BISCollection;BVCategory:Men;ChinaCatalog;Color:Black:Color;ColorGroup:Black;Filter:DisplaySize:3:Small;Filter:DisplaySize:4:Medium;Filter:DisplaySize:5:Large;Filter:
2026-09-21,M,mens-bestsellers,34,Conquer 1/4 Zip Reform Long Sleeve - Navy,TOP,SEASONLESS,Men:Tops:Long Sleeves,108.0,,False,1,https://cdn.shopify.com/s/files/1/2185/2813/files/M3193R_03842_b1_s1_a1_m263.jpg?v=1762563261,m3193r-conquer-1-4-zip-reform-long-sleeve-navy,b:1:Best Seller;BuilderDropzoneStyle:CNQR;BVCategory:Men;ChinaCatalog;Color:Navy:Color;ColorGroup:Blue;Content:Builder;FA24MD1-family;Fabric:Conquer;Filter:DisplaySize:3:Small;Filter:DisplaySize:4:Med
2026-09-21,M,mens-bestsellers,35,Elemental Full-Zip Jacket - Black,OUTERWEAR,FW,Men:Outerwear:Jackets,198.0,,False,1,https://cdn.shopify.com/s/files/1/2185/2813/files/M4185R_01_b2_s1_a1_dFA26_m252_61e6eb58-bd85-4c0e-8b78-55b6ed999967.jpg?v=1788363628,m4185r-elemental-full-zip-jacket-black,b:1:Best Seller;BVCategory:Men;ChinaCatalog;Color:Black:Color;ColorGroup:Black;FA26-JOEBLAUNCH;Filter:DisplaySize:3:Small;Filter:DisplaySize:4:Medium;Filter:DisplaySize:5:Large;Filter:DisplaySize:6:XL
2026-09-21,M,mens-bestsellers,36,Alpha Shell Jacket - Navy,OUTERWEAR,FW,Men:Outerwear:Jackets,348.0,,False,1,https://cdn.shopify.com/s/files/1/2185/2813/files/M4200R_03842_b1_s1_a3_m221.jpg?v=1754502770,m4200r-alpha-shell-jacket-navy,b:1:Best Seller;BVCategory:Men;ChinaCatalog;Color:Navy:Color;ColorGroup:Blue;FA25Drops-family;FA25MBridge-family;Filter:DisplaySize:3:Small;Filter:DisplaySize:4:Medium;Filter:DisplaySize:5:Large;Filte
2026-09-21,M,mens-bestsellers,37,Suited Trouser - Black,ETC,UNTAGGED,Men:Bottoms:Pants,148.0,,False,1,https://cdn.shopify.com/s/files/1/2185/2813/files/M5016R_01_b2_s1_a1_dFA26_m243.jpg?v=1785280462,m5016r-suited-trouser-black,b:1:Best Seller;BVCategory:Men;ChinaCatalog;Color:Black:Color;ColorGroup:Black;FA26Drops-family;FA26MD1-1-family;Filter:DisplaySize:3:Small;Filter:DisplaySize:4:Medium;Filter:DisplaySize:5:Large;Filte
2026-09-21,M,mens-bestsellers,38,Double Take Short Sleeve - White,SHORTS/SKIRT,SS,Men:Tops:Short Sleeves,88.0,,False,1,https://cdn.shopify.com/s/files/1/2185/2813/files/M1224R_05594_b1_s1_a1_m221.jpg?v=1761941985,m1224r-double-take-short-sleeve-white,b:1:Best Seller;bis-paused;BuilderDropzoneStyle:DBLTK;BVCategory:Men;ChinaCatalog;Color:White:Color;ColorGroup:White;Content:Builder;Fabric:Double Take;Filter:DisplaySize:3:Small;Filter:DisplaySize:4:
2026-09-21,M,mens-bestsellers,39,ALO Vapor Crewneck Short Sleeve - Black,SHORTS/SKIRT,SS,Men:Tops:Short Sleeves,68.0,,False,1,https://cdn.shopify.com/s/files/1/2185/2813/files/M1228R_01_b1_s1_a1_dFA26_m243.jpg?v=1789597443,m1228r-alo-vapor-crewneck-short-sleeve-black,b:1:Best Seller;BuilderDropzoneStyle:VAPR;BVCategory:Men;ChinaCatalog;Color:Black:Color;ColorGroup:Black;Content:Builder;FA25MBridge-family;Fabric:ALO Vapor;Filter:DisplaySize:3:Small;Filter:DisplaySi
2026-09-21,M,mens-bestsellers,40,Conquer Reform Crewneck Short Sleeve - Anthracite,SHORTS/SKIRT,SS,Men:Tops:Short Sleeves,78.0,,False,1,https://cdn.shopify.com/s/files/1/2185/2813/files/M1205R_02125_b1_s1_a2_m198.jpg?v=1766555186,m1205r-conquer-reform-crewneck-short-sleeve-anthracite,b:1:Back in Stock;b:1:Best Seller;BISCollection;BuilderDropzoneStyle:CNQR;BVCategory:Men;Color:Anthracite:Color;ColorGroup:Grey;Content:Builder;Fabric:Conquer;Filter:DisplaySize:3:Small;Filter:Display
2026-09-21,M,mens-bestsellers,41,Double Take Short Sleeve - Bone,SHORTS/SKIRT,SS,Men:Tops:Short Sleeves,88.0,,False,1,https://cdn.shopify.com/s/files/1/2185/2813/files/M1224R_03040_b1_s1_a4_dFA26_m245.jpg?v=1789596772,m1224r-double-take-short-sleeve-bone,b:1:Best Seller;BuilderDropzoneStyle:DBLTK;BVCategory:Men;ChinaCatalog;Color:Bone:Color;ColorGroup:Beige;Content:Builder;Fabric:Double Take;Filter:DisplaySize:3:Small;Filter:DisplaySize:4:Medium;Filte
2026-09-21,M,mens-bestsellers,42,Alpha Shell Jacket - Espresso,OUTERWEAR,FW,Men:Outerwear:Jackets,348.0,,False,1,https://cdn.shopify.com/s/files/1/2185/2813/files/M4200R_04064_b1_s1_a4_m253.jpg?v=1756926734,m4200r-alpha-shell-jacket-espresso,b:1:Best Seller;BVCategory:Men;ChinaCatalog;Color:Espresso:Color;ColorGroup:Brown;FA25Drops-family;FA25MD2-family;Filter:DisplaySize:3:Small;Filter:DisplaySize:4:Medium;Filter:DisplaySize:5:Large;Filt
2026-09-21,M,mens-bestsellers,43,Co-Op Pant (Long) - Navy,ETC,UNTAGGED,Men:Bottoms:Pants,138.0,,False,1,https://cdn.shopify.com/s/files/1/2185/2813/files/M5084R_03842_b1_s1_a1_1_m236.jpg?v=1746737309,m5190r-co-op-pant-long-navy,b:1:Back in Stock;b:1:Best Seller;BISCollection;BVCategory:Men;ChinaCatalog;Color:Navy:Color;ColorGroup:Blue;ColorwayType:Limited;Filter:DisplaySize:3:Small;Filter:DisplaySize:4:Medium;Filter:DisplayS
2026-09-21,M,mens-bestsellers,44,Waffle Lounge Hoodie - Black,FLEECE/KNIT,FW,Men:Outerwear:Coverups:Hoodies,148.0,,False,1,https://cdn.shopify.com/s/files/1/2185/2813/files/M3311R_01_b1_s1_a1_m214.jpg?v=1763551316,m3311r-waffle-lounge-hoodie-black,b:1:Best Seller;BVCategory:Men;ChinaCatalog;Color:Black:Color;ColorGroup:Black;Fabric:Waffle;Filter:DisplaySize:3:Small;Filter:DisplaySize:4:Medium;Filter:DisplaySize:5:Large;Filter:DisplaySize:6:XL -
2026-09-21,M,mens-bestsellers,45,ALO Runner (Unisex) - Black/Black,ETC,UNTAGGED,Accessories:Shoes:Sneakers,195.0,,False,1,https://cdn.shopify.com/s/files/1/2185/2813/files/A0590U_01010_b1_s1_a1_80874896-a70c-482f-acfd-cfa3bf64210c.jpg?v=1785189409,a0590u-alo-runner-black-black,b:1:Best Seller;BuilderDropzoneStyle:WHITEARUNNER;BVCategory:Footwear;ChinaCatalog;Color:Black:Color;ColorGroup:Black;Content:Builder;FA24-AloRunner;Maintenance:ColorwayProduct;master-accessories-all;
2026-09-21,M,mens-bestsellers,46,Double Take Hoodie - Black,FLEECE/KNIT,FW,Men:Outerwear:Coverups:Hoodies,128.0,,False,1,https://cdn.shopify.com/s/files/1/2185/2813/files/M3245R_01_b1_s1_a2_dSP26_m214.jpg?v=1774388969,m3245r-double-take-hoodie-black,b:1:Best Seller;BVCategory:Men;ChinaCatalog;Color:Black:Color;ColorGroup:Black;Fabric:Double Take;Filter:DisplaySize:3:Small;Filter:DisplaySize:4:Medium;Filter:DisplaySize:5:Large;Filter:DisplaySize:6
2026-09-21,M,mens-bestsellers,47,ALO Vapor Crewneck Short Sleeve - Anthracite,SHORTS/SKIRT,SS,Men:Tops:Short Sleeves,68.0,,False,1,https://cdn.shopify.com/s/files/1/2185/2813/files/M1228R_02125_b2_s1_a1_m208.jpg?v=1766553426,m1228r-alo-vapor-crewneck-short-sleeve-anthracite,b:1:Best Seller;BuilderDropzoneStyle:VAPR;BVCategory:Men;ChinaCatalog;Color:Anthracite:Color;ColorGroup:Grey;Content:Builder;FA26MD4-Carryover;Fabric:ALO Vapor;Filter:DisplaySize:3:Small;Filter:Displa
2026-09-21,M,mens-bestsellers,48,"7"" Repetition Short - Anthracite",SHORTS/SKIRT,SS,Men:Bottoms:Shorts,78.0,,False,1,https://cdn.shopify.com/s/files/1/2185/2813/files/M6154R_02125_b2_s1_a1_m208.jpg?v=1767749600,m6154r-7-repetition-short-anthracite,b:1:Best Seller;BVCategory:Men;ChinaCatalog;Color:Anthracite:Color;ColorGroup:Grey;FA24;FA24Drops-family;FA26MD4-Carryover;Filter:DisplaySize:3:Small;Filter:DisplaySize:4:Medium;Filter:DisplaySize:5:L
2026-09-21,M,mens-bestsellers,49,Conquer Max Performance Jogger - Black,BOTTOM-WARM,FW,Men:Bottoms:Pants,128.0,,False,1,https://cdn.shopify.com/s/files/1/2185/2813/files/M5226R_01_b2_s1_a1_dSU26_m275.png?v=1778517370,m5226r-conquer-max-performance-jogger-black,b:1:Best Seller;BVCategory:Men;ChinaCatalog;Color:Black:Color;ColorGroup:Black;Fabric:Conquer;Filter:DisplaySize:3:Small;Filter:DisplaySize:4:Medium;Filter:DisplaySize:5:Large;Filter:DisplaySize:6:XL 
2026-09-21,M,mens-bestsellers,50,"7"" Double Take Short - Black",SHORTS/SKIRT,SS,Men:Bottoms:Shorts,88.0,,False,1,https://cdn.shopify.com/s/files/1/2185/2813/files/M6143R_01_b2_s1_a2_dFA26_m257.jpg?v=1786547531,m6143r-7-double-take-short-black,b:1:Best Seller;BIScollection;BVCategory:Men;ChinaCatalog;Color:Black:Color;ColorGroup:Black;Fabric:Double Take;Filter:DisplaySize:3:Small;Filter:DisplaySize:4:Medium;Filter:DisplaySize:5:Large;Filter
2026-09-28,W,bestsellers,1,Airlift Polka Dot Splendor Bra - Navy/White,LEGGING,SS,Women:Bras,78.0,,False,1,https://cdn.shopify.com/s/files/1/2185/2813/files/W91107R_04893_b1_s1_a2_dFA26_m91.jpg?v=1786959001,w91107r-airlift-polka-dot-splendor-bra-navy-white,b:1:Best Seller;BuilderDropzoneStyle:AIRLIFT;BVCategory:Women;ChinaCatalog;Color:Navy:Color;ColorGroup:Blue;Content:Builder;FA26D3-2-family;FA26Drops-family;Fabric:Airlift;Filter:DisplaySize:1:XXS - X
2026-09-28,W,bestsellers,2,Airlift Polka Dot High-Waist Iconic 90's Capri - Navy/White,LEGGING,SEASONLESS,Women:Bottoms:Leggings,128.0,,False,1,https://cdn.shopify.com/s/files/1/2185/2813/files/W54530R_04893_b2_s1_a1_dFA26_m285.jpg?v=1787900471,w54530r-airlift-polka-dot-high-waist-iconic-90s-capri-navy-white,b:1:Best Seller;BuilderDropzoneStyle:ARLTRISE;BVCategory:Women;ChinaCatalog;Color:Navy:Color;ColorGroup:Blue;Content:Builder;FA26-Campaign;FA26D3-2-family;FA26Drops-family;Fabric:Airlift;Filter:Displa
2026-09-28,W,bestsellers,3,Accolade 1/4 Zip Pullover - Navy,FLEECE/KNIT,FW,Women:Outerwear:Coverups:Pullovers,148.0,,False,1,https://cdn.shopify.com/s/files/1/2185/2813/files/U3040RG_03842_b2_s1_a1_m224.jpg?v=1787626913,u3040rg-accolade-1-4-zip-pullover-navy,AccoladeBoostBury;b:1:Best Seller;BR:unisex;BVCategory:Women;ChinaCatalog;Color:Navy:Color;ColorGroup:Blue;ColorwayType:Limited;Filter:DisplaySize:1:XXS - XS;Filter:DisplaySize:3:Small;Filter:DisplayS
2026-09-28,W,bestsellers,4,Accolade Straight Leg Sweatpant - Navy,BOTTOM-WARM,FW,Women:Bottoms:Sweatpants,138.0,,False,1,https://cdn.shopify.com/s/files/1/2185/2813/files/U5012RG_03842_b2_s1_a1_dSP26_m190.jpg?v=1775110605,u5012rg-accolade-straight-leg-sweatpant-navy,AccoladeBoostBury;b:1:Best Seller;builderdropzonestyle:FYFASL;BVCategory:Women;ChinaCatalog;Color:Navy:Color;ColorGroup:Blue;Content:Builder;Filter:DisplaySize:1:XXS - XS;Filter:DisplaySize:3:Small;Fi
2026-09-28,W,bestsellers,5,Aspire Tank - White/Black,BRA/TANK,SS,Women:Tops:Tanks,68.0,,False,1,https://cdn.shopify.com/s/files/1/2185/2813/files/W2675RG_0001_b2_s1_a2_dFA26_m212_50011a27-c524-4239-bcb1-7d74d88cf2e6.jpg?v=1786593320,w2675rg-aspire-tank-white-black,AA25-PDPselects;aloversary20off;b:1:Best Seller;bis-paused;bluequartz-family;BVCategory:Women;ChinaCatalog;Color:White:Color;ColorGroup:White;Filter:DisplaySize:1:XXS - XS;Filter:DisplaySize:3:Small;F
2026-09-28,W,bestsellers,6,Suit Up Trouser (Regular) - Black,ETC,UNTAGGED,Women:Bottoms:Pants,148.0,,False,1,https://cdn.shopify.com/s/files/1/2185/2813/files/W54187R_01_b2_s1_a1_dFA26_m264.jpg?v=1786394345,w51432r-suit-up-trouser-black,AA25-PDPselects;b:1:Best Seller;BuilderDropzoneStyle:SUTRSER;BVCategory:Women;ChinaCatalog;Color:Black:Color;ColorGroup:Black;Content:Builder;Filter:DisplaySize:1:XXS - XS;Filter:DisplaySize:3:Small;F
2026-09-28,W,bestsellers,7,Airbrush Heart Throb Bra - Black/White,LEGGING,SS,Women:Bras,88.0,,False,1,https://cdn.shopify.com/s/files/1/2185/2813/files/W9680R_0100_b2_s1_a2_dSU26_m191.jpg?v=1785177524,w9680r-airbrush-heart-throb-bra-black-white,b:1:Best Seller;BIScollection;BuilderDropzoneStyle:AIRBRUSH;BVCategory:Women;ChinaCatalog;Color:Black:Color;ColorGroup:Black;Content:Builder;FA23;FA23D3-family;Filter:DisplaySize:1:XXS - XS;Filter:Dis
2026-09-28,W,bestsellers,8,Airbrush High-Waist Heart Throb Legging - Black/White,LEGGING,SEASONLESS,Women:Bottoms:Leggings,134.0,,False,1,https://cdn.shopify.com/s/files/1/2185/2813/files/W51298R_0100_b2_s1_a1_dSP26_m210.jpg?v=1770668689,w51298r-airbrush-high-waist-heart-throb-legging-black-white,b:1:Best Seller;BIScollection;BuilderDropzoneStyle:ABRSHRISE;BVCategory:Women;ChinaCatalog;Color:Black:Color;ColorGroup:Black;Content:Builder;FA23;FA23D3-family;Filter:DisplaySize:1:XXS - XS;Filter:Di
2026-09-28,W,bestsellers,9,Airlift Polka Dot Splendor Bra - Espresso/White,LEGGING,SS,Women:Bras,78.0,,False,1,https://cdn.shopify.com/s/files/1/2185/2813/files/W91107R_04259_b1_s1_a5_dFA26_m18.jpg?v=1786958956,w91107r-airlift-polka-dot-splendor-bra-espresso-white,b:1:Best Seller;BuilderDropzoneStyle:AIRLIFT;BVCategory:Women;ChinaCatalog;Color:Espresso:Color;ColorGroup:Brown;Content:Builder;FA26D3-2-family;FA26Drops-family;Fabric:Airlift;Filter:DisplaySize:1:XX
2026-09-28,W,bestsellers,10,"3"" Airlift Polka Dot High-Waist Short - Espresso/White",LEGGING,SS,Women:Bottoms:Shorts,88.0,,False,1,https://cdn.shopify.com/s/files/1/2185/2813/files/W6706R_04259_b1_s1_a60_dFA26_m18.jpg?v=1788455103,w6706r-airlift-polka-dot-3-high-waist-short-espresso-white,b:1:Best Seller;BuilderDropzoneStyle:AIRLIFT;BVCategory:Women;ChinaCatalog;Color:Espresso:Color;ColorGroup:Brown;Content:Builder;FA26D3-2-family;FA26Drops-family;Fabric:Airlift;Filter:DisplaySize:1:XX
2026-09-28,W,bestsellers,11,Hazy Mock Neck Pullover - Ivory,FLEECE/KNIT,FW,Women:Outerwear:Coverups:Pullovers,138.0,,False,1,https://cdn.shopify.com/s/files/1/2185/2813/files/W3845R_03299_b2_s1_a1_dFA26_m218.jpg?v=1786391989,w3845r-hazy-mock-neck-pullover-ivory,b:1:Best Seller;BVCategory:Women;ChinaCatalog;Color:Ivory:Color;ColorGroup:White;FA24;FA24D5-family;FA24Drops-family;Filter:DisplaySize:1:XXS - XS;Filter:DisplaySize:3:Small;Filter:DisplaySize:4:Mediu
2026-09-28,W,bestsellers,12,ALO Softsculpt 7/8 Define Legging - Black,LEGGING,SEASONLESS,Women:Bottoms:Leggings,134.0,,False,1,https://cdn.shopify.com/s/files/1/2185/2813/files/W54599R_01_b2_s1_a1_dFA26_m287_jpg.png?v=1786031828,w54599r-alo-softsculpt-7-8-define-legging-black,b:1:Best Seller;BuilderDropzoneStyle:DFNLGG;BVCategory:Women;ChinaCatalog;Color:Black:Color;ColorGroup:Black;Content:Builder;delilahlaunch;Fabric:ALO Softsculpt;Filter:DisplaySize:1:XXS - XS;Filter:Di
2026-09-28,W,bestsellers,13,Muse Crew Neck Pullover - Gravel Heather,FLEECE/KNIT,FW,Women:Outerwear:Coverups:Pullovers,108.0,,False,1,https://cdn.shopify.com/s/files/1/2185/2813/files/W3950R_01428_b2_s1_a1_dFA26_m277.jpg?v=1788796995,w3950r-muse-crew-neck-pullover-gravel-heather,b:1:Back in Stock;b:1:Best Seller;BISCollection;BVCategory:Women;ChinaCatalog;Color:Gravel:Color;ColorGroup:Beige;FA25-Campaign;FA25D6-2-family;FA25Drops-family;FA26D3-Carryover;Filter:DisplaySize:1:X
2026-09-28,W,bestsellers,14,Muse Wide Leg Pant - Gravel Heather,BOTTOM-WARM,UNTAGGED,Women:Bottoms:Pants,118.0,,False,1,https://cdn.shopify.com/s/files/1/2185/2813/files/W54241R_01428_b2_s1_a1_m277.jpg?v=1788797130,w54241r-muse-wide-leg-pant-gravel-heather,b:1:Best Seller;BVCategory:Women;ChinaCatalog;Color:Gravel:Color;ColorGroup:Beige;FA25-Campaign;FA25D6-2-family;FA25Drops-family;FA26D3-Carryover;Filter:DisplaySize:1:XXS - XS;Filter:DisplaySize:3:Sma
2026-09-28,W,bestsellers,15,Gold Rush Puffer - Espresso,OUTERWEAR,FW,Women:Outerwear:Jackets,198.0,,False,1,https://cdn.shopify.com/s/files/1/2185/2813/files/W4380R_04064_b2_s1_a1_dFA26_m277.jpg?v=1788797039,w4380r-gold-rush-puffer-espresso,aloversary20off;b:1:Back in Stock;b:1:Best Seller;BISCollection;BVCategory:Women;ChinaCatalog;Color:Espresso:Color;ColorGroup:Brown;Content:Builder;FA24D7-family;Filter:DisplaySize:1:XXS - XS;Filter:D
2026-09-28,W,bestsellers,16,Suit Up Trouser (Regular) - Espresso,ETC,UNTAGGED,Women:Bottoms:Pants,148.0,,False,1,https://cdn.shopify.com/s/files/1/2185/2813/files/W51432R_04064_b2_s1_a1_dFA26_m224.jpg?v=1786394191,w51432r-suit-up-trouser-regular-espresso,b:1:Best Seller;BuilderDropzoneStyle:SUTRSER;BVCategory:Women;ChinaCatalog;Color:Espresso:Color;ColorGroup:Brown;Content:Builder;Filter:DisplaySize:1:XXS - XS;Filter:DisplaySize:3:Small;Filter:Display
2026-09-28,W,bestsellers,17,Accolade Crew Neck Pullover - Black,FLEECE/KNIT,FW,Women:Outerwear:Coverups:Pullovers,138.0,,False,1,https://cdn.shopify.com/s/files/1/2185/2813/files/U3031RG_01_b2_s1_a3_dFA26_m18.jpg?v=1787251114,u3031rg-accolade-crew-neck-pullover-black,AccoladeBoostBury;b:1:Best Seller;BR:unisex;builderdropzonestyle:FYFACREW;BVCategory:Women;ChinaCatalog;Color:Black:Color;ColorGroup:Black;Content:Builder;Filter:DisplaySize:1:XXS - XS;Filter:DisplayS
2026-09-28,W,bestsellers,18,Accolade Straight Leg Sweatpant - Black,BOTTOM-WARM,FW,Women:Bottoms:Sweatpants,138.0,,False,1,https://cdn.shopify.com/s/files/1/2185/2813/files/U5012RG_01_b2_s1_a1_dFA26_m18.jpg?v=1786394274,u5012rg-accolade-straight-leg-sweatpant-black,AA25-PDPselects;AccoladeBoostBury;b:1:Best Seller;BR:unisex;builderdropzonestyle:FYFASL;builderdropzonestyle:FYFASWPT;BVCategory:Women;ChinaCatalog;Color:Black:Color;ColorGroup:Black;Content:Builder;F
2026-09-28,W,bestsellers,19,Alosoft Heart Throb Bra - Athletic Heather Grey/White,BRA/TANK,SS,Women:Bras,88.0,,False,1,https://cdn.shopify.com/s/files/1/2185/2813/files/W9811R_03320_b2_s1_a1_dSU26_m191.jpg?v=1777665356,w9811r-alosoft-heart-throb-bra-athletic-heather-grey-white,AA25-PDPselects;b:1:Best Seller;BIScollection;BuilderDropzoneStyle:ALOSOFT;BVCategory:Women;Color:Athletic Grey:Color;ColorGroup:Grey;Content:Builder;Fabric:Alosoft;Filter:DisplaySize:1:XXS - XS;Filte
2026-09-28,W,bestsellers,20,Alosoft High-Waist Heart Throb Legging - Athletic Heather Grey/White,LEGGING,SEASONLESS,Women:Bottoms:Leggings,134.0,,False,1,https://cdn.shopify.com/s/files/1/2185/2813/files/W54172R_06509_b1_s1_a1_2_m191.jpg?v=1761809929,w54172r-alosoft-high-waist-heart-throb-legging-athletic-heather-grey-white,AA25-PDPselects;b:1:Best Seller;BuilderDropzoneStyle:ALOSFTRISE;BVCategory:Women;Color:Athletic Grey:Color;ColorGroup:Grey;Content:Builder;Fabric:Alosoft;Filter:DisplaySize:1:XXS - XS;Filter:DisplaySi
2026-09-28,W,bestsellers,21,Suit Up Trouser (Short) - Black,SHORTS/SKIRT,SS,Women:Bottoms:Pants,148.0,,False,1,https://cdn.shopify.com/s/files/1/2185/2813/files/W54428R_01_b1_s1_a1_dSU26_m207_079634e6-40a0-4a87-b84b-fadf9fca4d89.jpg?v=1785172319,w54428r-suit-up-trouser-short-black,b:1:Best Seller;BISCollection;BuilderDropzoneStyle:SUTRSER;BVCategory:Women;ChinaCatalog;Color:Black:Color;ColorGroup:Black;Content:Builder;Filter:DisplaySize:1:XXS - XS;Filter:DisplaySize:3:Small;Fil
2026-09-28,W,bestsellers,22,Accolade 1/4 Zip Pullover - Black,FLEECE/KNIT,FW,Women:Outerwear:Coverups:Pullovers,148.0,,False,1,https://cdn.shopify.com/s/files/1/2185/2813/files/U3040RG_01_b2_s1_a1_1_m210.jpg?v=1770144016,u3040rg-accolade-1-4-zip-pullover-black,AA25-PDPselects;AccoladeBoostBury;b:1:Best Seller;BISCollection;BR:unisex;BVCategory:Women;ChinaCatalog;Color:Black:Color;ColorGroup:Black;Filter:DisplaySize:1:XXS - XS;Filter:DisplaySize:3:Small;Filt
2026-09-28,W,bestsellers,23,Suit Up Trouser (Regular) - Navy,ETC,UNTAGGED,Women:Bottoms:Pants,148.0,,False,1,https://cdn.shopify.com/s/files/1/2185/2813/files/W51432R_03842_b2_s1_a1_dFA26_m18.jpg?v=1787588852,w51432r-suit-up-trouser-regular-navy,AA25-PDPselects;b:1:Best Seller;BIScollection;BuilderDropzoneStyle:SUTRSER;BVCategory:Women;ChinaCatalog;Color:Navy:Color;ColorGroup:Blue;Content:Builder;Filter:DisplaySize:1:XXS - XS;Filter:DisplaySi
2026-09-28,W,bestsellers,24,Suit Up Trouser (Short) - Espresso,SHORTS/SKIRT,SS,Women:Bottoms:Pants,148.0,,False,1,https://cdn.shopify.com/s/files/1/2185/2813/files/W51432R_04064_b1_s1_a6_dFA26m143.jpg?v=1788911873,w54428r-suit-up-trouser-short-espresso,b:1:Best Seller;BVCategory:Women;ChinaCatalog;Color:Espresso:Color;ColorGroup:Brown;FA26D3-family;FA26Drops-family;Filter:DisplaySize:1:XXS - XS;Filter:DisplaySize:3:Small;Filter:DisplaySize:4:Medium;
2026-09-28,W,bestsellers,25,Suit Up Trouser (Regular) - Java Brown,ETC,UNTAGGED,Women:Bottoms:Pants,148.0,,False,1,https://cdn.shopify.com/s/files/1/2185/2813/files/W54187R_08194_b2_s1_a1_dFA26_m18_1dbac212-27d1-4b40-9894-7f4b13d9c0f6.jpg?v=1789062778,w51432r-suit-up-trouser-regular-java-brown,b:1:Best Seller;b:3:New;BVCategory:Women;ChinaCatalog;Color:Java Brown:Color;ColorGroup:Brown;ColorwayType:Limited;FA26D4-family;FA26Drops-family;Filter:DisplaySize:1:XXS - XS;Filter:DisplaySize:3:Sma
2026-09-28,W,bestsellers,26,Suit Up Trouser (Long) - Black,ETC,UNTAGGED,Women:Bottoms:Pants,148.0,,False,1,https://cdn.shopify.com/s/files/1/2185/2813/files/W54187R_01_b2_s1_a1_dSP26_m242_6633269e-29a0-424b-8114-5584580ec498.jpg?v=1771882591,w54187r-suit-up-trouser-long-black,b:1:Best Seller;BuilderDropzoneStyle:SUTRSER;BVCategory:Women;ChinaCatalog;Color:Black:Color;ColorGroup:Black;Content:Builder;Filter:DisplaySize:1:XXS - XS;Filter:DisplaySize:3:Small;Filter:DisplaySiz
2026-09-28,W,bestsellers,27,Match Point Tennis Skirt - Black,SHORTS/SKIRT,SS,Women:Bottoms:Skirts,78.0,,False,1,https://cdn.shopify.com/s/files/1/2185/2813/files/W6240R_01_b2_s1_a2_dSU26_m269.jpg?v=1785182237,w6240r-match-point-tennis-skirt-black,aloversary20off;b:1:Best Seller;BIScollection;blackskirt;BVCategory:Women;ChinaCatalog;Color:Black:Color;ColorGroup:Black;Filter:DisplaySize:1:XXS - XS;Filter:DisplaySize:3:Small;Filter:DisplaySize:4:
2026-09-28,W,bestsellers,28,Muse Crew Neck Pullover - Java Brown Heather,FLEECE/KNIT,FW,Women:Outerwear:Coverups:Pullovers,108.0,,False,1,https://cdn.shopify.com/s/files/1/2185/2813/files/W3950R_08197_b2_s1_a1_dFA26_m264.jpg?v=1788844415,w3950r-muse-crew-neck-pullover-java-brown-heather,b:1:Best Seller;b:3:New;BVCategory:Women;ChinaCatalog;Color:Java Brown Heather:Color;ColorGroup:Brown;ColorwayType:Limited;FA26-Campaign;FA26D4-family;FA26Drops-family;Filter:DisplaySize:1:XXS - XS;Fi
2026-09-28,W,bestsellers,29,Muse Wide Leg Pant - Java Brown Heather,BOTTOM-WARM,UNTAGGED,Women:Bottoms:Pants,118.0,,False,1,https://cdn.shopify.com/s/files/1/2185/2813/files/W54241R_08197_b2_s1_a12_dFA26_m264.jpg?v=1789676342,w54241r-muse-wide-leg-pant-java-brown-heather,b:1:Best Seller;b:3:New;BVCategory:Women;ChinaCatalog;Color:Java Brown Heather:Color;ColorGroup:Brown;ColorwayType:Limited;Computed:UnderInventoryThreshold:5:for:L;Computed:UnderInventoryThreshold:5:f
2026-09-28,W,bestsellers,30,Suit Up Trouser (Short) - Navy,SHORTS/SKIRT,SS,Women:Bottoms:Pants,148.0,,False,1,https://cdn.shopify.com/s/files/1/2185/2813/files/W54428R_03842_b2_s1_a3_dSU25_m191.jpg?v=1785172235,w54428r-suit-up-trouser-short-navy,b:1:Best Seller;BuilderDropzoneStyle:SUTRSER;BVCategory:Women;ChinaCatalog;Color:Navy:Color;ColorGroup:Blue;Content:Builder;Filter:DisplaySize:1:XXS - XS;Filter:DisplaySize:3:Small;Filter:DisplaySize:
2026-09-28,W,bestsellers,31,Match Point Short - Black,SHORTS/SKIRT,SS,Women:Bottoms:Shorts,78.0,,False,1,https://cdn.shopify.com/s/files/1/2185/2813/files/W6334R_01_b2_s1_a1_dFA26_m277.jpg?v=1789434333,w6334r-match-point-short-black,b:1:Best Seller;BIScollection;BVCategory:Women;ChinaCatalog;Color:Black:Color;ColorGroup:Black;FA23;FA23D1-family;Filter:DisplaySize:1:XXS - XS;Filter:DisplaySize:3:Small;Filter:DisplaySize:4:Medium;F
2026-09-28,W,bestsellers,32,Sherpa Edge Bomber - Black,OUTERWEAR,FW,Women:Outerwear:Jackets,228.0,,False,1,https://cdn.shopify.com/s/files/1/2185/2813/files/W4530R_01_b1_s1_a3_m207_908467b2-397e-4bb1-9637-a81ae76b99bf.jpg?v=1763420065,w4530r-sherpa-edge-bomber-black,b:1:Best Seller;BVCategory:Women;ChinaCatalog;Color:Black:Color;ColorGroup:Black;Content:Builder;FA24;FA24D3-family;FA24Drops-family;FA26-Jisoo;Fabric:Sherpa;Filter:DisplaySize:1:XXS - XS;Filter:Displ
2026-09-28,W,bestsellers,33,Match Point Tennis Skirt - Navy,SHORTS/SKIRT,SS,Women:Bottoms:Skirts,78.0,,False,1,https://cdn.shopify.com/s/files/1/2185/2813/files/W6240R_03842_b2_s1_a1_dFA26_m191.jpg?v=1786450170,w6240r-match-point-tennis-skirt-navy,b:1:Best Seller;BVCategory:Women;ChinaCatalog;Color:Navy:Color;ColorGroup:Blue;FA26D2-family;FA26Drops-family;Filter:DisplaySize:1:XXS - XS;Filter:DisplaySize:3:Small;Filter:DisplaySize:4:Medium;Filte
2026-09-28,W,bestsellers,34,Hazy Mock Neck Pullover - Black,FLEECE/KNIT,FW,Women:Outerwear:Coverups:Pullovers,138.0,,False,1,https://cdn.shopify.com/s/files/1/2185/2813/files/W3845R_01_b2_s1_a2_1_m143_2cd99692-0bdd-40ea-bf7a-4a1af9402a12.jpg?v=1762820777,w3845r-hazy-mock-neck-pullover-black,AA25-PDPselects;b:1:Back in Stock;b:1:Best Seller;BIScollection;BVCategory:Women;ChinaCatalog;Color:Black:Color;ColorGroup:Black;Content:Builder;FA24;FA24D5-family;FA24Drops-family;Filter:DisplaySize:
2026-09-28,W,bestsellers,35,Splendor Bra - Black,BRA/TANK,SS,Women:Bras,68.0,,False,1,https://cdn.shopify.com/s/files/1/2185/2813/files/W9351RG_01_b2_s1_a2_dSU26_m241.jpg?v=1785195434,w9351rg-splendor-bra-black,b:1:Best Seller;BISCollection;BuilderDropzoneStyle:AIRBRUSH;BVCategory:Women;ChinaCatalog;Color:Black:Color;ColorGroup:Black;Content:Builder;Fabric:Airbrush;Filter:DisplaySize:1:XXS - XS;Filter:Displa
2026-09-28,W,bestsellers,36,Ribbed Modal Long Sleeve - Espresso,TOP,SEASONLESS,Women:Tops:Long Sleeves,78.0,,False,1,https://cdn.shopify.com/s/files/1/2185/2813/files/W3903R_04064_b1_s1_a1_dFA26_m143.jpg?v=1788798034,w3903r-ribbed-modal-long-sleeve-espresso,b:1:Back in Stock;b:1:Best Seller;BISCollection;BVCategory:Women;ChinaCatalog;Color:Espresso:Color;ColorGroup:Brown;FA25D5-family;FA25Drops-family;FA26D3-Carryover;Fabric:Ribbed;Filter:DisplaySize:1:X
2026-09-28,W,bestsellers,37,7/8 High-Waist Airlift Legging - Black,LEGGING,SEASONLESS,Women:Bottoms:Leggings,134.0,,False,1,https://cdn.shopify.com/s/files/1/2185/2813/files/W5766R_01_b2_s1_a1_1_m18.jpg?v=1762820993,w5766r-7-8-high-waist-airlift-legging-black,7/8 Length;AA25-PDPselects;aloversary20off;B&W;b:1:Best Seller;Bluemoon-family;bronzed-family;BuilderDropzoneStyle:ARLTRISE;BVCategory:Women;ChinaCatalog;Color:Black:Color;ColorGroup:Black;Content:Bui
2026-09-28,W,bestsellers,38,Accolade 1/4 Zip Pullover - Espresso,FLEECE/KNIT,FW,Women:Outerwear:Coverups:Pullovers,148.0,,False,1,https://cdn.shopify.com/s/files/1/2185/2813/files/U3040RG_04064_b2_s1_a1_dFA26_m277.jpg?v=1787899637,u3040rg-accolade-1-4-zip-pullover-espresso,AccoladeBoostBury;b:1:Best Seller;BVCategory:Women;ChinaCatalog;Color:Espresso:Color;ColorGroup:Brown;FA26-Campaign;FA26D3-family;FA26Drops-family;Filter:DisplaySize:1:XXS - XS;Filter:DisplaySize:3:Sm
2026-09-28,W,bestsellers,39,Aspire Tank - Black/White,BRA/TANK,SS,Women:Tops:Tanks,68.0,,False,1,https://cdn.shopify.com/s/files/1/2185/2813/files/W2675RG_06401_b2_s1_a3_m143.jpg?v=1785179036,w2675rg-aspire-tank-black-white,aloversary20off;b:1:Best Seller;bluequartz-family;BuilderDropzoneStyle:ASPRLGBX;BVCategory:Women;ChinaCatalog;Color:Black:Color;ColorGroup:Black;Content:Builder;Filter:DisplaySize:1:XXS - XS;Filter:Di
2026-09-28,W,bestsellers,40,Ribbed Sea Coast Long Sleeve - Black,TOP,SEASONLESS,Women:Tops:Long Sleeves,74.0,,False,1,https://cdn.shopify.com/s/files/1/2185/2813/files/W3781R_01_b1_s1_a1_dSU26_m54_d2d9f108-efaa-4292-a9db-d84c9bd4e60a.jpg?v=1772063194,w3781r-ribbed-sea-coast-long-sleeve-black,b:1:Back in Stock;b:1:Best Seller;BISCollection;BVCategory:Women;Color:Black:Color;ColorGroup:Black;Fabric:Ribbed;Filter:DisplaySize:1:XXS - XS;Filter:DisplaySize:3:Small;Filter:DisplaySize:4:Medium;F
2026-09-28,W,bestsellers,41,Suit Up Trouser (Long) - Navy,ETC,UNTAGGED,Women:Bottoms:Pants,148.0,,False,1,https://cdn.shopify.com/s/files/1/2185/2813/files/W54187R_03842_b2_s1_a3_m18.jpg?v=1785173060,w54187r-suit-up-trouser-long-navy,b:1:Best Seller;BISCollection;BuilderDropzoneStyle:SUTRSER;BVCategory:Women;ChinaCatalog;Color:Navy:Color;ColorGroup:Blue;Content:Builder;Filter:DisplaySize:1:XXS - XS;Filter:DisplaySize:3:Small;Filte
2026-09-28,W,bestsellers,42,Pinstripe Daylight Button Down Long Sleeve - Navy/Ivory,TOP,SEASONLESS,Women:Tops:Long Sleeves,138.0,,False,1,https://cdn.shopify.com/s/files/1/2185/2813/files/W3893R_05617_b1_s1_a1_dSU26_m191.jpg?v=1778659162,w3893r-pinstripe-daylight-button-down-long-sleeve-navy-ivory,b:1:Best Seller;BVCategory:Women;ChinaCatalog;Color:Navy:Color;ColorGroup:Blue;ColorwayType:Limited;Filter:DisplaySize:1:XXS - XS;Filter:DisplaySize:3:Small;Filter:DisplaySize:4:Medium;Filter:DisplayS
2026-09-28,W,bestsellers,43,Serenity Wide Leg Sweatpant - Black,BOTTOM-WARM,FW,Women:Bottoms:Sweatpants,128.0,,False,1,https://cdn.shopify.com/s/files/1/2185/2813/files/W54162R_01_b1_s1_a1_1_m54.jpg?v=1768002409,w54162r-serenity-wide-leg-sweatpant-black,b:1:Back in Stock;b:1:Best Seller;BISCollection;BVCategory:Women;ChinaCatalog;Color:Black:Color;ColorGroup:Black;Content:Builder;Filter:DisplaySize:1:XXS - XS;Filter:DisplaySize:3:Small;Filter:Display
2026-09-28,W,bestsellers,44,Suit Up Trouser (Long) - Espresso,ETC,UNTAGGED,Women:Bottoms:Pants,148.0,,False,1,https://cdn.shopify.com/s/files/1/2185/2813/files/W54187R_04064_b1_s1_a1_dFA26m143_68278f2b-9818-4b3b-a618-3d2512e8baf8.jpg?v=1788911775,w54187r-suit-up-trouser-long-espresso,b:1:Back in Stock;b:1:Best Seller;BISCollection;BuilderDropzoneStyle:SUTRSER;BVCategory:Women;ChinaCatalog;Color:Espresso:Color;ColorGroup:Brown;Content:Builder;Filter:DisplaySize:1:XXS - XS;Filter:Di
2026-09-28,W,bestsellers,45,Airbrush Better Together Bra - Black/White,LEGGING,SS,Women:Bras,88.0,,False,1,https://cdn.shopify.com/s/files/1/2185/2813/files/W9918R_0100_b2_s1_a2_dFA26_m285.png?v=1785797782,w9918r-airbrush-better-together-bra-black-white,b:1:Best Seller;bellalaunch;BISCollection;BuilderDropzoneStyle:AIRBRUSH;BVCategory:Women;ChinaCatalog;Color:Black:Color;ColorGroup:Black;Content:Builder;Fabric:Airbrush;Filter:DisplaySize:1:XXS - XS;F
2026-09-28,W,bestsellers,46,Sway Full Zip Hoodie - Black,FLEECE/KNIT,FW,Women:Outerwear:Coverups:Hoodies,128.0,,False,1,https://cdn.shopify.com/s/files/1/2185/2813/files/W3980R_01_b2_s1_a1_dSU26_m91.jpg?v=1777665096,w3980r-sway-full-zip-hoodie-black,b:1:Best Seller;BVCategory:Women;ChinaCatalog;Color:Black:Color;ColorGroup:Black;Filter:DisplaySize:1:XXS - XS;Filter:DisplaySize:3:Small;Filter:DisplaySize:4:Medium;Filter:DisplaySize:5:L - XL;Filter
2026-09-28,W,bestsellers,47,ALO Softsculpt 7/8 Define Legging - Navy,LEGGING,SEASONLESS,Women:Bottoms:Leggings,134.0,,False,1,https://cdn.shopify.com/s/files/1/2185/2813/files/W54599R_03842_b2_s1_a2_dSU26_m191_c4ae6dba-c5db-4241-a60d-7ed6abac6378.jpg?v=1786147908,w54599r-alo-softsculpt-7-8-define-legging-navy,b:1:Best Seller;BuilderDropzoneStyle:DFNLGG;BVCategory:Women;ChinaCatalog;Color:Navy:Color;ColorGroup:Blue;Content:Builder;delilahlaunch;Fabric:ALO Softsculpt;Filter:DisplaySize:1:XXS - XS;Filter:Disp
2026-09-28,W,bestsellers,48,Match Point Short - Espresso,SHORTS/SKIRT,SS,Women:Bottoms:Shorts,78.0,,False,1,https://cdn.shopify.com/s/files/1/2185/2813/files/W6334R_04064_b2_s1_a2_dSU26_m122.jpg?v=1785196629,w6334r-match-point-short-espresso,b:1:Best Seller;BVCategory:Women;ChinaCatalog;Color:Espresso:Color;ColorGroup:Brown;Filter:DisplaySize:1:XXS - XS;Filter:DisplaySize:3:Small;Filter:DisplaySize:4:Medium;Filter:DisplaySize:5:L - XL;Fil
2026-09-28,W,bestsellers,49,Airlift Polka Dot Splendor Bra - Black/White,LEGGING,SS,Women:Bras,78.0,,False,1,https://cdn.shopify.com/s/files/1/2185/2813/files/W91107R_0100_b1_s1_a6_dFA26_m207.jpg?v=1786958925,w91107r-airlift-polka-dot-splendor-bra-black-white,b:1:Best Seller;BuilderDropzoneStyle:AIRLIFT;BVCategory:Women;ChinaCatalog;Color:Black:Color;ColorGroup:Black;Content:Builder;FA26D3-2-family;FA26Drops-family;Fabric:Airlift;Filter:DisplaySize:1:XXS -
2026-09-28,W,bestsellers,50,Match Point Short - Navy,SHORTS/SKIRT,SS,Women:Bottoms:Shorts,78.0,,False,1,https://cdn.shopify.com/s/files/1/2185/2813/files/W6344R_03842_b2_s1_a1_dSP26_m54.jpg?v=1782250851,w6334r-match-point-short-navy,b:1:Best Seller;BIScollection;BVCategory:Women;ChinaCatalog;Color:Navy:Color;ColorGroup:Blue;ColorwayType:Limited;Filter:DisplaySize:1:XXS - XS;Filter:DisplaySize:3:Small;Filter:DisplaySize:4:Medium;F
2026-09-28,M,mens-bestsellers,1,Light Weight Takeaway Track Pullover - Black,FLEECE/KNIT,FW,Men:Outerwear:Coverups:Pullovers,148.0,,False,1,https://cdn.shopify.com/s/files/1/2185/2813/files/M3259R_01_b2_s1_a1_dSU26_m275.png?v=1778520221,m3259r-light-weight-takeaway-track-pullover-black,b:1:Best Seller;BISCollection;BVCategory:Men;Color:Black:Color;ColorGroup:Black;EcomVideo-Dale;Filter:DisplaySize:3:Small;Filter:DisplaySize:4:Medium;Filter:DisplaySize:5:Large;Filter:DisplaySize:6:XL
2026-09-28,M,mens-bestsellers,2,Co-Op Pant (Regular) - Black,ETC,UNTAGGED,Men:Bottoms:Pants,138.0,,False,1,https://cdn.shopify.com/s/files/1/2185/2813/files/M5144R_01_b1_s1_a2_m243.jpg?v=1775153771,m5144r-co-op-pant-regular-black,b:1:Best Seller;BVCategory:Men;ChinaCatalog;Color:Black:Color;ColorGroup:Black;FA25Drops-family;FA25MBridge-family;Filter:DisplaySize:3:Small;Filter:DisplaySize:4:Medium;Filter:DisplaySize:5:Large;Fil
2026-09-28,M,mens-bestsellers,3,Double Take Straight Leg Pant - Navy,ETC,UNTAGGED,Men:Bottoms:Pants,128.0,,False,1,https://cdn.shopify.com/s/files/1/2185/2813/files/M5259R_03842_b1_s1_a1_dFA26_m257.jpg?v=1787227590,m5259r-double-take-straight-leg-pant-navy,b:1:Best Seller;b:3:New;BuilderDropzoneStyle:DBLTK;BVCategory:Men;ChinaCatalog;Color:Navy:Color;ColorGroup:Blue;Content:Builder;FA26Drops-family;FA26MD2-family;Fabric:Double Take;Filter:DisplaySize:3:
2026-09-28,M,mens-bestsellers,4,Conquer Reform Crewneck Short Sleeve - White,SHORTS/SKIRT,SS,Men:Tops:Short Sleeves,78.0,,False,1,https://cdn.shopify.com/s/files/1/2185/2813/files/M1205R_00_b2_s1_a1_dFA26_m257.jpg?v=1786551475,m1205r-conquer-reform-crewneck-short-sleeve-white,b:1:Best Seller;BuilderDropzoneStyle:CNQR;BVCategory:Men;ChinaCatalog;Color:White:Color;ColorGroup:White;Content:Builder;FA24MD3-FAMILY;Fabric:Conquer;Filter:DisplaySize:3:Small;Filter:DisplaySize:4:M
2026-09-28,M,mens-bestsellers,5,"5"" Repetition Short - Navy",SHORTS/SKIRT,SS,Men:Bottoms:Shorts,78.0,,False,1,https://cdn.shopify.com/s/files/1/2185/2813/files/M6155R_03842_b2_s1_a1_dFA26_m257.jpg?v=1786550055,m6155r-5-repetition-short-navy,b:1:Best Seller;BVCategory:Men;ChinaCatalog;Color:Navy:Color;ColorGroup:Blue;Filter:DisplaySize:3:Small;Filter:DisplaySize:4:Medium;Filter:DisplaySize:5:Large;Filter:DisplaySize:6:XL - 2XL;Filter:Size
2026-09-28,M,mens-bestsellers,6,Waffle Lounge Hoodie - Athletic Heather Grey,FLEECE/KNIT,FW,Men:Outerwear:Coverups:Hoodies,148.0,,False,1,https://cdn.shopify.com/s/files/1/2185/2813/files/M3311R_06501_b1_s1_a4_dFA26_m243.jpg?v=1787227226,m3311r-waffle-lounge-hoodie-athletic-heather-grey,b:1:Best Seller;b:3:New;BVCategory:Men;ChinaCatalog;Color:Athletic Heather Grey:Color;ColorGroup:Grey;FA26Drops-family;FA26MD2-family;Fabric:Waffle;Filter:DisplaySize:3:Small;Filter:DisplaySize:4:Medi
2026-09-28,M,mens-bestsellers,7,Waffle Lounge Jogger - Athletic Heather Grey,BOTTOM-WARM,FW,Men:Bottoms:Pants,148.0,,False,1,https://cdn.shopify.com/s/files/1/2185/2813/files/M5246R_06501_b1_s1_a3_dFA26_m243.jpg?v=1787227578,m5246r-waffle-lounge-jogger-athletic-heather-grey,b:1:Best Seller;b:3:New;BVCategory:Men;ChinaCatalog;Color:Athletic Heather Grey:Color;ColorGroup:Grey;FA26Drops-family;FA26MD2-family;Fabric:Waffle;Filter:DisplaySize:3:Small;Filter:DisplaySize:4:Medi
2026-09-28,M,mens-bestsellers,8,Double Take Long Sleeve 1/4 Zip - Bone,TOP,SEASONLESS,Men:Tops:Long Sleeves,128.0,,False,1,https://cdn.shopify.com/s/files/1/2185/2813/files/M3290R_03040_b2_s1_a1_dFA26_m257.jpg?v=1786550165,m3290r-double-take-long-sleeve-1-4-zip-bone,b:1:Best Seller;BuilderDropzoneStyle:DBLTK;BVCategory:Men;Color:Bone:Color;ColorGroup:Beige;Content:Builder;FA25-Campaign;FA25Drops-family;FA25MD2-family;FA26MD3-Carryover;Fabric:Double Take;Filter:Di
2026-09-28,M,mens-bestsellers,9,Double Take Straight Leg Pant - Bone,ETC,UNTAGGED,Men:Bottoms:Pants,128.0,,False,1,https://cdn.shopify.com/s/files/1/2185/2813/files/M5259R_03040_b1_s1_a3_dSP26_m257.jpg?v=1769561345,m5259r-double-take-straight-leg-pant-bone,b:1:Best Seller;BVCategory:Men;ChinaCatalog;Color:Bone:Color;ColorGroup:Beige;ColorwayType:Limited;Fabric:Double Take;Filter:DisplaySize:3:Small;Filter:DisplaySize:4:Medium;Filter:DisplaySize:5:Large;
2026-09-28,M,mens-bestsellers,10,Conquer Max Mock Neck Full Zip - Black,FLEECE/KNIT,FW,Men:Outerwear:Coverups:Pullovers,138.0,,False,1,https://cdn.shopify.com/s/files/1/2185/2813/files/M3262R_01_b2_s1_a1_dWT25_m214.jpg?v=1776888259,m3262r-conquer-max-mock-neck-full-zip-black,b:1:Best Seller;BuilderDropzoneStyle:CNQR;BVCategory:Men;ChinaCatalog;Color:Black:Color;ColorGroup:Black;Content:Builder;Fabric:Conquer;Filter:DisplaySize:3:Small;Filter:DisplaySize:4:Medium;Filter:Di
2026-09-28,M,mens-bestsellers,11,"7"" Conquer React Performance Short - Black",SHORTS/SKIRT,SS,Men:Bottoms:Shorts,68.0,,False,1,https://cdn.shopify.com/s/files/1/2185/2813/files/M6131R_01_b1_s1_a1_1_m243.jpg?v=1747861552,m6131r-conquer-react-performance-short-black,b:1:Best Seller;BVCategory:Men;ChinaCatalog;Color:Black:Color;ColorGroup:Black;EcomVideo-Shomari;Fabric:Conquer;Filter:DisplaySize:3:Small;Filter:DisplaySize:4:Medium;Filter:DisplaySize:5:Large;Filter
2026-09-28,M,mens-bestsellers,12,ALO Vapor Crewneck Short Sleeve - Anthracite,SHORTS/SKIRT,SS,Men:Tops:Short Sleeves,68.0,,False,1,https://cdn.shopify.com/s/files/1/2185/2813/files/M1228R_02125_b2_s1_a1_m208.jpg?v=1766553426,m1228r-alo-vapor-crewneck-short-sleeve-anthracite,b:1:Best Seller;BuilderDropzoneStyle:VAPR;BVCategory:Men;ChinaCatalog;Color:Anthracite:Color;ColorGroup:Grey;Content:Builder;FA26MD4-Carryover;Fabric:ALO Vapor;Filter:DisplaySize:3:Small;Filter:Displa
2026-09-28,M,mens-bestsellers,13,"7"" Repetition Short - Anthracite",SHORTS/SKIRT,SS,Men:Bottoms:Shorts,78.0,,False,1,https://cdn.shopify.com/s/files/1/2185/2813/files/M6154R_02125_b2_s1_a1_m208.jpg?v=1767749600,m6154r-7-repetition-short-anthracite,b:1:Best Seller;BVCategory:Men;ChinaCatalog;Color:Anthracite:Color;ColorGroup:Grey;FA24;FA24Drops-family;FA26MD4-Carryover;Filter:DisplaySize:3:Small;Filter:DisplaySize:4:Medium;Filter:DisplaySize:5:L
2026-09-28,M,mens-bestsellers,14,Conquer 1/4 Zip Reform Long Sleeve - Navy,TOP,SEASONLESS,Men:Tops:Long Sleeves,108.0,,False,1,https://cdn.shopify.com/s/files/1/2185/2813/files/M3193R_03842_b1_s1_a1_m263.jpg?v=1762563261,m3193r-conquer-1-4-zip-reform-long-sleeve-navy,b:1:Best Seller;BuilderDropzoneStyle:CNQR;BVCategory:Men;ChinaCatalog;Color:Navy:Color;ColorGroup:Blue;Content:Builder;FA24MD1-family;Fabric:Conquer;Filter:DisplaySize:3:Small;Filter:DisplaySize:4:Med
2026-09-28,M,mens-bestsellers,15,Conquer Max Performance Jogger - Navy,BOTTOM-WARM,FW,Men:Bottoms:Pants,128.0,,False,1,https://cdn.shopify.com/s/files/1/2185/2813/files/M5226R_03842_b2_s1_a1_m214.jpg?v=1761532990,m5226r-conquer-max-performance-jogger-navy,b:1:Best Seller;BVCategory:Men;ChinaCatalog;Color:Navy:Color;ColorGroup:Blue;FA25-Campaign;FA25Drops-family;FA25MBridge-family;Fabric:Conquer;Filter:DisplaySize:3:Small;Filter:DisplaySize:4:Medium;Fil
2026-09-28,M,mens-bestsellers,16,Essential Short Sleeve Street Tee - Black,SHORTS/SKIRT,SS,Men:Tops:Short Sleeves,68.0,,False,1,https://cdn.shopify.com/s/files/1/2185/2813/files/M1258R_01_b2_s1_a1_dSU26_m257.jpg?v=1777661544,m1258r-essential-short-sleeve-street-tee-black,b:1:Best Seller;builderdropzonestyle:ESNTL;BVCategory:Men;ChinaCatalog;Color:Black:Color;ColorGroup:Black;Content:Builder;Filter:DisplaySize:3:Small;Filter:DisplaySize:4:Medium;Filter:DisplaySize:5:La
2026-09-28,M,mens-bestsellers,17,Repetition Pant - Black,ETC,UNTAGGED,Men:Bottoms:Pants,128.0,,False,1,https://cdn.shopify.com/s/files/1/2185/2813/files/M5230R_01_b2_s1_a1_dSU26_m257.jpg?v=1777660630,m5230r-repetition-pant-black,b:1:Back in Stock;b:1:Best Seller;BISCollection;BVCategory:Men;ChinaCatalog;Color:Black:Color;ColorGroup:Black;Filter:DisplaySize:3:Small;Filter:DisplaySize:4:Medium;Filter:DisplaySize:5:Large;Filter:
2026-09-28,M,mens-bestsellers,18,"5"" Circuit Short - Espresso",SHORTS/SKIRT,SS,Men:Bottoms:Shorts,68.0,,False,1,https://cdn.shopify.com/s/files/1/2185/2813/files/M6158R_04064_b2_s1_a1_dSU26_m276.png?v=1778517627,m6158r-5-circuit-short-espresso,b:1:Best Seller;BVCategory:Men;ChinaCatalog;Color:Espresso:Color;ColorGroup:Brown;FA25Drops-family;FA25MBridge-family;Filter:DisplaySize:3:Small;Filter:DisplaySize:4:Medium;Filter:DisplaySize:5:Large;
2026-09-28,M,mens-bestsellers,19,Double Take Hoodie - Navy,FLEECE/KNIT,FW,Men:Outerwear:Coverups:Hoodies,128.0,,False,1,https://cdn.shopify.com/s/files/1/2185/2813/files/M3245R_03842_b2_s1_a1_dFA26_m257.jpg?v=1788515465,m3245r-double-take-hoodie-navy,b:1:Best Seller;b:3:New;BuilderDropzoneStyle:DBLTK;BVCategory:Men;ChinaCatalog;Color:Navy:Color;ColorGroup:Blue;Content:Builder;FA26-Campaign;FA26Drops-family;FA26MD2-family;Filter:DisplaySize:3:Small
2026-09-28,M,mens-bestsellers,20,"7"" Double Take Short - Navy",SHORTS/SKIRT,SS,Men:Bottoms:Shorts,88.0,,False,1,https://cdn.shopify.com/s/files/1/2185/2813/files/M6143R_03842_b1_s1_a1_dFA26_m214.jpg?v=1787228118,m6143r-7-double-take-short-navy,b:1:Best Seller;b:3:New;BuilderDropzoneStyle:DBLTK;BVCategory:Men;ChinaCatalog;Color:Navy:Color;ColorGroup:Blue;Content:Builder;FA26Drops-family;FA26MD2-family;Fabric:Double Take;Filter:DisplaySize:3:
2026-09-28,M,mens-bestsellers,21,Conquer 1/4 Zip Reform Long Sleeve - Vintage Athletic Heather,TOP,SEASONLESS,Men:Tops:Long Sleeves,108.0,,False,1,https://cdn.shopify.com/s/files/1/2185/2813/files/M3193R_07081_b2_s1_a4_dFA26_m243.jpg?v=1787784785,m3193r-conquer-1-4-zip-reform-long-sleeve-vintage-athletic-heather,b:1:Best Seller;BuilderDropzoneStyle:CNQR;BVCategory:Men;ChinaCatalog;Color:Vintage Athletic Heather:Color;ColorGroup:Grey;Content:Builder;FA26Drops-family;FA26MD2-family;Fabric:Conquer;Filter:Display
2026-09-28,M,mens-bestsellers,22,Accolade Straight Leg Sweatpant - Athletic Heather Grey,BOTTOM-WARM,FW,Men:Bottoms:Sweatpants,138.0,,False,1,https://cdn.shopify.com/s/files/1/2185/2813/files/U5012RG_06501_b1_s1_a4_dFA26_m257.jpg?v=1785956209,u5012rg-accolade-straight-leg-swtpnt-athletic-heather-grey-mens,AccoladeBoostBury;b:1:Best Seller;BR:unisex;BVCategory:Men;ChinaCatalog;Color:Athletic Grey:Color;ColorGroup:Grey;Filter:DisplaySize:1:XXS - XS;Filter:DisplaySize:3:Small;Filter:DisplaySize:4:Medium;F
2026-09-28,M,mens-bestsellers,23,Conquer Max Mock Neck Full Zip - Navy,FLEECE/KNIT,FW,Men:Outerwear:Coverups:Pullovers,138.0,,False,1,https://cdn.shopify.com/s/files/1/2185/2813/files/M3262R_03842_b1_s1_a001_1_m221.jpg?v=1742097611,m3262r-conquer-max-mock-neck-full-zip-navy,b:1:Best Seller;BuilderDropzoneStyle:CNQR;BVCategory:Men;ChinaCatalog;Color:Navy:Color;ColorGroup:Blue;ColorwayType:Limited;Content:Builder;Fabric:Conquer;Filter:DisplaySize:3:Small;Filter:DisplaySize
2026-09-28,M,mens-bestsellers,24,Co-Op Pant (Regular) - Navy,ETC,UNTAGGED,Men:Bottoms:Pants,138.0,,False,1,https://cdn.shopify.com/s/files/1/2185/2813/files/M5144R_03842_b1_s1_a2_m253.jpg?v=1754696433,m5144r-co-op-pant-regular-navy,b:1:Best Seller;BVCategory:Men;ChinaCatalog;Color:Navy:Color;ColorGroup:Blue;FA25Drops-family;FA25MBridge-family;Filter:DisplaySize:3:Small;Filter:DisplaySize:4:Medium;Filter:DisplaySize:5:Large;Filte
2026-09-28,M,mens-bestsellers,25,Conquer 1/4 Zip Reform Long Sleeve - Black,TOP,SEASONLESS,Men:Tops:Long Sleeves,108.0,,False,1,https://cdn.shopify.com/s/files/1/2185/2813/files/M3193R_01_b1_s1_a1_dSP26_m243.jpg?v=1774387522,m3193r-conquer-1-4-zip-reform-long-sleeve-black,b:1:Best Seller;BuilderDropzoneStyle:CNQR;BVCategory:Men;ChinaCatalog;Color:Black:Color;ColorGroup:Black;Content:Builder;FA24MD3-FAMILY;Fabric:Conquer;Filter:DisplaySize:3:Small;Filter:DisplaySize:4:M
2026-09-28,M,mens-bestsellers,26,Double Take Straight Leg Pant - Black,ETC,UNTAGGED,Men:Bottoms:Pants,128.0,,False,1,https://cdn.shopify.com/s/files/1/2185/2813/files/M5259R_01_b1_s1_a1_dSP26_m243.jpg?v=1769503610,m5259r-double-take-straight-leg-pant-black,b:1:Best Seller;BVCategory:Men;ChinaCatalog;Color:Black:Color;ColorGroup:Black;Fabric:Double Take;Filter:DisplaySize:3:Small;Filter:DisplaySize:4:Medium;Filter:DisplaySize:5:Large;Filter:DisplaySize:6
2026-09-28,M,mens-bestsellers,27,Alpha Shell Jacket - Black,OUTERWEAR,FW,Men:Outerwear:Jackets,348.0,,False,1,https://cdn.shopify.com/s/files/1/2185/2813/files/M4200R_01_b2_s1_a1_m252.jpg?v=1756135963,m4200r-alpha-shell-jacket-black,b:1:Best Seller;BVCategory:Men;ChinaCatalog;Color:Black:Color;ColorGroup:Black;FA25-Campaign;FA25MBridge-family;Filter:DisplaySize:3:Small;Filter:DisplaySize:4:Medium;Filter:DisplaySize:5:Large;Filter
2026-09-28,M,mens-bestsellers,28,Double Take Short Sleeve - Black,SHORTS/SKIRT,SS,Men:Tops:Short Sleeves,88.0,,False,1,https://cdn.shopify.com/s/files/1/2185/2813/files/M1224R_01_b2_s1_a2_dFA26_m257.jpg?v=1786551040,m1224r-double-take-short-sleeve-black,b:1:Best Seller;BuilderDropzoneStyle:DBLTK;BVCategory:Men;ChinaCatalog;Color:Black:Color;ColorGroup:Black;Content:Builder;Fabric:Double Take;Filter:DisplaySize:3:Small;Filter:DisplaySize:4:Medium;Filt
2026-09-28,M,mens-bestsellers,29,Double Take Short Sleeve - Navy,SHORTS/SKIRT,SS,Men:Tops:Short Sleeves,88.0,,False,1,https://cdn.shopify.com/s/files/1/2185/2813/files/M1224R_03842_b1_s1_a2_dFA26_m214.jpg?v=1787227126,m1224r-double-take-short-sleeve-navy,b:1:Best Seller;b:3:New;BuilderDropzoneStyle:DBLTK;BVCategory:Men;ChinaCatalog;Color:Navy:Color;ColorGroup:Blue;Content:Builder;FA26Drops-family;FA26MD2-family;Fabric:Double Take;Filter:DisplaySize:3:
2026-09-28,M,mens-bestsellers,30,Conquer Reform Crewneck Short Sleeve - Black,SHORTS/SKIRT,SS,Men:Tops:Short Sleeves,78.0,,False,1,https://cdn.shopify.com/s/files/1/2185/2813/files/M1205R_01_b1_s1_a4_dFA26_m245.jpg?v=1789592446,m1205r-conquer-reform-crewneck-short-sleeve-black,b:1:Best Seller;BuilderDropzoneStyle:CNQR;BVCategory:Men;ChinaCatalog;Color:Black:Color;ColorGroup:Black;Content:Builder;FA24MD3-FAMILY;Fabric:Conquer;Filter:DisplaySize:3:Small;Filter:DisplaySize:4:M
2026-09-28,M,mens-bestsellers,31,ALO Runner (Unisex) - Black/Black,ETC,UNTAGGED,Accessories:Shoes:Sneakers,195.0,,False,1,https://cdn.shopify.com/s/files/1/2185/2813/files/A0590U_01010_b1_s1_a1_80874896-a70c-482f-acfd-cfa3bf64210c.jpg?v=1785189409,a0590u-alo-runner-black-black,b:1:Best Seller;BuilderDropzoneStyle:WHITEARUNNER;BVCategory:Footwear;ChinaCatalog;Color:Black:Color;ColorGroup:Black;Content:Builder;FA24-AloRunner;Maintenance:ColorwayProduct;master-accessories-all;
2026-09-28,M,mens-bestsellers,32,Elemental Full-Zip Jacket - Black,OUTERWEAR,FW,Men:Outerwear:Jackets,198.0,,False,1,https://cdn.shopify.com/s/files/1/2185/2813/files/M4185R_01_b2_s1_a1_dFA26_m252_61e6eb58-bd85-4c0e-8b78-55b6ed999967.jpg?v=1788363628,m4185r-elemental-full-zip-jacket-black,b:1:Best Seller;BVCategory:Men;ChinaCatalog;Color:Black:Color;ColorGroup:Black;FA26-JOEBLAUNCH;Filter:DisplaySize:3:Small;Filter:DisplaySize:4:Medium;Filter:DisplaySize:5:Large;Filter:DisplaySize:6:XL
2026-09-28,M,mens-bestsellers,33,Alpha Shell Jacket - Navy,OUTERWEAR,FW,Men:Outerwear:Jackets,348.0,,False,1,https://cdn.shopify.com/s/files/1/2185/2813/files/M4200R_03842_b1_s1_a3_m221.jpg?v=1754502770,m4200r-alpha-shell-jacket-navy,b:1:Best Seller;BVCategory:Men;ChinaCatalog;Color:Navy:Color;ColorGroup:Blue;FA25Drops-family;FA25MBridge-family;Filter:DisplaySize:3:Small;Filter:DisplaySize:4:Medium;Filter:DisplaySize:5:Large;Filte
2026-09-28,M,mens-bestsellers,34,"7"" Repetition Short - Black",SHORTS/SKIRT,SS,Men:Bottoms:Shorts,78.0,,False,1,https://cdn.shopify.com/s/files/1/2185/2813/files/M6154R_01_b1_s1_a4_dFA26_m245.jpg?v=1789600379,m6154r-7-repetition-short-black,b:1:Best Seller;BVCategory:Men;ChinaCatalog;Color:Black:Color;ColorGroup:Black;FA24;FA24Drops-family;Filter:DisplaySize:3:Small;Filter:DisplaySize:4:Medium;Filter:DisplaySize:5:Large;Filter:DisplaySiz
2026-09-28,M,mens-bestsellers,35,Co-Op Pant (Long) - Navy,ETC,UNTAGGED,Men:Bottoms:Pants,138.0,,False,1,https://cdn.shopify.com/s/files/1/2185/2813/files/M5084R_03842_b1_s1_a1_1_m236.jpg?v=1746737309,m5190r-co-op-pant-long-navy,b:1:Back in Stock;b:1:Best Seller;BISCollection;BVCategory:Men;ChinaCatalog;Color:Navy:Color;ColorGroup:Blue;ColorwayType:Limited;Filter:DisplaySize:3:Small;Filter:DisplaySize:4:Medium;Filter:DisplayS
2026-09-28,M,mens-bestsellers,36,Double Take Hoodie - Black,FLEECE/KNIT,FW,Men:Outerwear:Coverups:Hoodies,128.0,,False,1,https://cdn.shopify.com/s/files/1/2185/2813/files/M3245R_01_b1_s1_a2_dSP26_m214.jpg?v=1774388969,m3245r-double-take-hoodie-black,b:1:Best Seller;BVCategory:Men;ChinaCatalog;Color:Black:Color;ColorGroup:Black;Fabric:Double Take;Filter:DisplaySize:3:Small;Filter:DisplaySize:4:Medium;Filter:DisplaySize:5:Large;Filter:DisplaySize:6
2026-09-28,M,mens-bestsellers,37,Conquer Reform Crewneck Short Sleeve - Navy,SHORTS/SKIRT,SS,Men:Tops:Short Sleeves,78.0,,False,1,https://cdn.shopify.com/s/files/1/2185/2813/files/M1205R_03842_b2_s1_a1_1_m214.jpg?v=1761533071,m1205r-conquer-reform-crewneck-short-sleeve-navy,b:1:Best Seller;BuilderDropzoneStyle:CNQR;BVCategory:Men;ChinaCatalog;Color:Navy:Color;ColorGroup:Blue;Content:Builder;FA24MD1-family;Fabric:Conquer;Filter:DisplaySize:3:Small;Filter:DisplaySize:4:Med
2026-09-28,M,mens-bestsellers,38,Waffle Lounge Hoodie - Black,FLEECE/KNIT,FW,Men:Outerwear:Coverups:Hoodies,148.0,,False,1,https://cdn.shopify.com/s/files/1/2185/2813/files/M3311R_01_b1_s1_a1_m214.jpg?v=1763551316,m3311r-waffle-lounge-hoodie-black,b:1:Best Seller;BVCategory:Men;ChinaCatalog;Color:Black:Color;ColorGroup:Black;Fabric:Waffle;Filter:DisplaySize:3:Small;Filter:DisplaySize:4:Medium;Filter:DisplaySize:5:Large;Filter:DisplaySize:6:XL -
2026-09-28,M,mens-bestsellers,39,"7"" Repetition Short - Navy",SHORTS/SKIRT,SS,Men:Bottoms:Shorts,78.0,,False,1,https://cdn.shopify.com/s/files/1/2185/2813/files/M6095R_03842_b2_s1_a1_dFA26_m252_636cfd26-0929-4a9a-af5c-391f85495aa9.jpg?v=1788363628,m6154r-7-repetition-short-navy,b:1:Best Seller;BVCategory:Men;ChinaCatalog;Color:Navy:Color;ColorGroup:Blue;FA24;FA24Drops-family;FA26-JOEBLAUNCH;Filter:DisplaySize:3:Small;Filter:DisplaySize:4:Medium;Filter:DisplaySize:5:Large;Fil
2026-09-28,M,mens-bestsellers,40,Conquer Max Performance Jogger - Black,BOTTOM-WARM,FW,Men:Bottoms:Pants,128.0,,False,1,https://cdn.shopify.com/s/files/1/2185/2813/files/M5226R_01_b2_s1_a1_dSU26_m275.png?v=1778517370,m5226r-conquer-max-performance-jogger-black,b:1:Best Seller;BVCategory:Men;ChinaCatalog;Color:Black:Color;ColorGroup:Black;Fabric:Conquer;Filter:DisplaySize:3:Small;Filter:DisplaySize:4:Medium;Filter:DisplaySize:5:Large;Filter:DisplaySize:6:XL 
2026-09-28,M,mens-bestsellers,41,Waffle Lounge Jogger - Black,BOTTOM-WARM,FW,Men:Bottoms:Pants,148.0,,False,1,https://cdn.shopify.com/s/files/1/2185/2813/files/M5246R_01_b1_s1_a2_m214.jpg?v=1763551727,m5246r-waffle-lounge-jogger-black,b:1:Best Seller;BVCategory:Men;ChinaCatalog;Color:Black:Color;ColorGroup:Black;FA26MD2-Carryover;Fabric:Waffle;Filter:DisplaySize:3:Small;Filter:DisplaySize:4:Medium;Filter:DisplaySize:5:Large;Filter:
2026-09-28,M,mens-bestsellers,42,Conquer Reform Crewneck Short Sleeve - Anthracite,SHORTS/SKIRT,SS,Men:Tops:Short Sleeves,78.0,,False,1,https://cdn.shopify.com/s/files/1/2185/2813/files/M1205R_02125_b1_s1_a2_m198.jpg?v=1766555186,m1205r-conquer-reform-crewneck-short-sleeve-anthracite,b:1:Back in Stock;b:1:Best Seller;BISCollection;BuilderDropzoneStyle:CNQR;BVCategory:Men;Color:Anthracite:Color;ColorGroup:Grey;Content:Builder;Fabric:Conquer;Filter:DisplaySize:3:Small;Filter:Display
2026-09-28,M,mens-bestsellers,43,Takeaway Track Full Zip Jacket - Black,OUTERWEAR,FW,Men:Outerwear:Jackets,188.0,,False,1,https://cdn.shopify.com/s/files/1/2185/2813/files/M3334R_01_b2_s1_a1_dSU26_m243.png?v=1778242657,m3334r-takeaway-track-full-zip-jacket-black,b:1:Best Seller;BR:unisex;BVCategory:Men;Color:Black:Color;ColorGroup:Black;Filter:DisplaySize:3:Small;Filter:DisplaySize:4:Medium;Filter:DisplaySize:5:Large;Filter:DisplaySize:6:XL - 2XL;Filter:Size:
2026-09-28,M,mens-bestsellers,44,Suited Trouser - Black,ETC,UNTAGGED,Men:Bottoms:Pants,148.0,,False,1,https://cdn.shopify.com/s/files/1/2185/2813/files/M5016R_01_b2_s1_a1_dFA26_m243.jpg?v=1785280462,m5016r-suited-trouser-black,b:1:Best Seller;BVCategory:Men;ChinaCatalog;Color:Black:Color;ColorGroup:Black;FA26Drops-family;FA26MD1-1-family;Filter:DisplaySize:3:Small;Filter:DisplaySize:4:Medium;Filter:DisplaySize:5:Large;Filte
2026-09-28,M,mens-bestsellers,45,Double Take Short Sleeve - Bone,SHORTS/SKIRT,SS,Men:Tops:Short Sleeves,88.0,,False,1,https://cdn.shopify.com/s/files/1/2185/2813/files/M1224R_03040_b1_s1_a4_dFA26_m245.jpg?v=1789596772,m1224r-double-take-short-sleeve-bone,b:1:Best Seller;BuilderDropzoneStyle:DBLTK;BVCategory:Men;ChinaCatalog;Color:Bone:Color;ColorGroup:Beige;Content:Builder;Fabric:Double Take;Filter:DisplaySize:3:Small;Filter:DisplaySize:4:Medium;Filte
2026-09-28,M,mens-bestsellers,46,Conquer Reform Long Sleeve With Hood - Black,TOP,SEASONLESS,Men:Tops:Long Sleeves,108.0,,False,1,https://cdn.shopify.com/s/files/1/2185/2813/files/M3199R_01_b1_s1_a4_dSP26_m243.jpg?v=1774388049,m3199r-conquer-reform-long-sleeve-with-hood-black,b:1:Best Seller;BuilderDropzoneStyle:CNQR;BVCategory:Men;ChinaCatalog;Color:Black:Color;ColorGroup:Black;Content:Builder;FA24MD3-FAMILY;Fabric:Conquer;Filter:DisplaySize:3:Small;Filter:DisplaySize:4:M
2026-09-28,M,mens-bestsellers,47,Repetition Jogger - Black,BOTTOM-WARM,FW,Men:Bottoms:Pants,128.0,,False,1,https://cdn.shopify.com/s/files/1/2185/2813/files/M5251R_01_b2_s1_a1_dFA26_m243.jpg?v=1786547252,m5251r-repetition-jogger-black,b:1:Best Seller;BVCategory:Men;ChinaCatalog;Color:Black:Color;ColorGroup:Black;Filter:DisplaySize:3:Small;Filter:DisplaySize:4:Medium;Filter:DisplaySize:5:Large;Filter:DisplaySize:6:XL - 2XL;Filter:Si
2026-09-28,M,mens-bestsellers,48,"7"" Double Take Short - Black",SHORTS/SKIRT,SS,Men:Bottoms:Shorts,88.0,,False,1,https://cdn.shopify.com/s/files/1/2185/2813/files/M6143R_01_b2_s1_a2_dFA26_m257.jpg?v=1786547531,m6143r-7-double-take-short-black,b:1:Best Seller;BIScollection;BVCategory:Men;ChinaCatalog;Color:Black:Color;ColorGroup:Black;Fabric:Double Take;Filter:DisplaySize:3:Small;Filter:DisplaySize:4:Medium;Filter:DisplaySize:5:Large;Filter
2026-09-28,M,mens-bestsellers,49,Double Take Short Sleeve - White,SHORTS/SKIRT,SS,Men:Tops:Short Sleeves,88.0,,False,1,https://cdn.shopify.com/s/files/1/2185/2813/files/M1224R_05594_b1_s1_a1_m221.jpg?v=1761941985,m1224r-double-take-short-sleeve-white,b:1:Best Seller;bis-paused;BuilderDropzoneStyle:DBLTK;BVCategory:Men;ChinaCatalog;Color:White:Color;ColorGroup:White;Content:Builder;Fabric:Double Take;Filter:DisplaySize:3:Small;Filter:DisplaySize:4:
2026-09-28,M,mens-bestsellers,50,ALO Vapor Crewneck Short Sleeve - Black,SHORTS/SKIRT,SS,Men:Tops:Short Sleeves,68.0,,False,1,https://cdn.shopify.com/s/files/1/2185/2813/files/M1228R_01_b1_s1_a1_dFA26_m243.jpg?v=1789597443,m1228r-alo-vapor-crewneck-short-sleeve-black,b:1:Best Seller;BuilderDropzoneStyle:VAPR;BVCategory:Men;ChinaCatalog;Color:Black:Color;ColorGroup:Black;Content:Builder;FA25MBridge-family;Fabric:ALO Vapor;Filter:DisplaySize:3:Small;Filter:DisplaySi
2026-10-05,W,bestsellers,1,Accolade 1/4 Zip Pullover - Espresso,FLEECE/KNIT,FW,Women:Outerwear:Coverups:Pullovers,148.0,,False,1,https://cdn.shopify.com/s/files/1/2185/2813/files/U3040RG_04064_b2_s1_a1_dFA26_m277.jpg?v=1787899637,u3040rg-accolade-1-4-zip-pullover-espresso,AccoladeBoostBury;b:1:Best Seller;BVCategory:Women;ChinaCatalog;Color:Espresso:Color;ColorGroup:Brown;FA26-Campaign;FA26D3-family;FA26Drops-family;Filter:DisplaySize:1:XXS - XS;Filter:DisplaySize:3:Sm
2026-10-05,W,bestsellers,2,Suit Up Trouser (Regular) - Espresso,ETC,UNTAGGED,Women:Bottoms:Pants,148.0,,False,1,https://cdn.shopify.com/s/files/1/2185/2813/files/W51432R_04064_b2_s1_a1_dFA26_m224.jpg?v=1786394191,w51432r-suit-up-trouser-regular-espresso,b:1:Best Seller;BuilderDropzoneStyle:SUTRSER;BVCategory:Women;ChinaCatalog;Color:Espresso:Color;ColorGroup:Brown;Content:Builder;Filter:DisplaySize:1:XXS - XS;Filter:DisplaySize:3:Small;Filter:Display
2026-10-05,W,bestsellers,3,Hazy Mock Neck Pullover - Ivory,FLEECE/KNIT,FW,Women:Outerwear:Coverups:Pullovers,138.0,,False,1,https://cdn.shopify.com/s/files/1/2185/2813/files/W3845R_03299_b2_s1_a1_dFA26_m218.jpg?v=1786391989,w3845r-hazy-mock-neck-pullover-ivory,b:1:Best Seller;BVCategory:Women;ChinaCatalog;Color:Ivory:Color;ColorGroup:White;FA24;FA24D5-family;FA24Drops-family;Filter:DisplaySize:1:XXS - XS;Filter:DisplaySize:3:Small;Filter:DisplaySize:4:Mediu
2026-10-05,W,bestsellers,4,ALO Softsculpt 7/8 Define Legging - Black,LEGGING,SEASONLESS,Women:Bottoms:Leggings,134.0,,False,1,https://cdn.shopify.com/s/files/1/2185/2813/files/W54599R_01_b2_s1_a1_dFA26_m287_jpg.png?v=1786031828,w54599r-alo-softsculpt-7-8-define-legging-black,b:1:Best Seller;BuilderDropzoneStyle:DFNLGG;BVCategory:Women;ChinaCatalog;Color:Black:Color;ColorGroup:Black;Content:Builder;delilahlaunch;Fabric:ALO Softsculpt;Filter:DisplaySize:1:XXS - XS;Filter:Di
2026-10-05,W,bestsellers,5,Alosoft Heart Throb Bra - Athletic Heather Grey/White,BRA/TANK,SS,Women:Bras,88.0,,False,1,https://cdn.shopify.com/s/files/1/2185/2813/files/W9811R_03320_b2_s1_a1_dSU26_m191.jpg?v=1777665356,w9811r-alosoft-heart-throb-bra-athletic-heather-grey-white,AA25-PDPselects;b:1:Best Seller;BIScollection;BuilderDropzoneStyle:ALOSOFT;BVCategory:Women;Color:Athletic Grey:Color;ColorGroup:Grey;Content:Builder;Fabric:Alosoft;Filter:DisplaySize:1:XXS - XS;Filte
2026-10-05,W,bestsellers,6,Alosoft High-Waist Heart Throb Legging - Athletic Heather Grey/White,LEGGING,SEASONLESS,Women:Bottoms:Leggings,134.0,,False,1,https://cdn.shopify.com/s/files/1/2185/2813/files/W54172R_06509_b1_s1_a1_2_m191.jpg?v=1761809929,w54172r-alosoft-high-waist-heart-throb-legging-athletic-heather-grey-white,AA25-PDPselects;b:1:Best Seller;BuilderDropzoneStyle:ALOSFTRISE;BVCategory:Women;Color:Athletic Grey:Color;ColorGroup:Grey;Content:Builder;Fabric:Alosoft;Filter:DisplaySize:1:XXS - XS;Filter:DisplaySi
2026-10-05,W,bestsellers,7,Accolade Crew Neck Pullover - Black,FLEECE/KNIT,FW,Women:Outerwear:Coverups:Pullovers,138.0,,False,1,https://cdn.shopify.com/s/files/1/2185/2813/files/U3031RG_01_b2_s1_a3_dFA26_m18.jpg?v=1787251114,u3031rg-accolade-crew-neck-pullover-black,AccoladeBoostBury;b:1:Best Seller;BR:unisex;builderdropzonestyle:FYFACREW;BVCategory:Women;ChinaCatalog;Color:Black:Color;ColorGroup:Black;Content:Builder;Filter:DisplaySize:1:XXS - XS;Filter:DisplayS
2026-10-05,W,bestsellers,8,Accolade Straight Leg Sweatpant - Black,BOTTOM-WARM,FW,Women:Bottoms:Sweatpants,138.0,,False,1,https://cdn.shopify.com/s/files/1/2185/2813/files/U5012RG_01_b2_s1_a1_dFA26_m18.jpg?v=1786394274,u5012rg-accolade-straight-leg-sweatpant-black,AA25-PDPselects;AccoladeBoostBury;b:1:Best Seller;BR:unisex;builderdropzonestyle:FYFASL;builderdropzonestyle:FYFASWPT;BVCategory:Women;ChinaCatalog;Color:Black:Color;ColorGroup:Black;Content:Builder;F
2026-10-05,W,bestsellers,9,Aspire Tank - White/Black,BRA/TANK,SS,Women:Tops:Tanks,68.0,,False,1,https://cdn.shopify.com/s/files/1/2185/2813/files/W2675RG_0001_b2_s1_a2_dFA26_m212_50011a27-c524-4239-bcb1-7d74d88cf2e6.jpg?v=1786593320,w2675rg-aspire-tank-white-black,AA25-PDPselects;aloversary20off;b:1:Best Seller;bis-paused;bluequartz-family;BVCategory:Women;ChinaCatalog;Color:White:Color;ColorGroup:White;Filter:DisplaySize:1:XXS - XS;Filter:DisplaySize:3:Small;F
2026-10-05,W,bestsellers,10,Suit Up Trouser (Regular) - Black,ETC,UNTAGGED,Women:Bottoms:Pants,148.0,,False,1,https://cdn.shopify.com/s/files/1/2185/2813/files/W54187R_01_b2_s1_a1_dFA26_m264.jpg?v=1786394345,w51432r-suit-up-trouser-black,AA25-PDPselects;b:1:Best Seller;BuilderDropzoneStyle:SUTRSER;BVCategory:Women;ChinaCatalog;Color:Black:Color;ColorGroup:Black;Content:Builder;Filter:DisplaySize:1:XXS - XS;Filter:DisplaySize:3:Small;F
2026-10-05,W,bestsellers,11,Muse Crew Neck Pullover - Gravel Heather,FLEECE/KNIT,FW,Women:Outerwear:Coverups:Pullovers,108.0,,False,1,https://cdn.shopify.com/s/files/1/2185/2813/files/W3950R_01428_b2_s1_a1_dFA26_m277.jpg?v=1788796995,w3950r-muse-crew-neck-pullover-gravel-heather,b:1:Back in Stock;b:1:Best Seller;BISCollection;BVCategory:Women;ChinaCatalog;Color:Gravel:Color;ColorGroup:Beige;FA25-Campaign;FA25D6-2-family;FA25Drops-family;FA26D3-Carryover;Filter:DisplaySize:1:X
2026-10-05,W,bestsellers,12,Muse Wide Leg Pant - Gravel Heather,BOTTOM-WARM,UNTAGGED,Women:Bottoms:Pants,118.0,,False,1,https://cdn.shopify.com/s/files/1/2185/2813/files/W54241R_01428_b2_s1_a1_m277.jpg?v=1788797130,w54241r-muse-wide-leg-pant-gravel-heather,b:1:Best Seller;BVCategory:Women;ChinaCatalog;Color:Gravel:Color;ColorGroup:Beige;FA25-Campaign;FA25D6-2-family;FA25Drops-family;FA26D3-Carryover;Filter:DisplaySize:1:XXS - XS;Filter:DisplaySize:3:Sma
2026-10-05,W,bestsellers,13,Suit Up Trouser (Short) - Black,SHORTS/SKIRT,SS,Women:Bottoms:Pants,148.0,,False,1,https://cdn.shopify.com/s/files/1/2185/2813/files/W54428R_01_b1_s1_a1_dSU26_m207_079634e6-40a0-4a87-b84b-fadf9fca4d89.jpg?v=1785172319,w54428r-suit-up-trouser-short-black,b:1:Best Seller;BISCollection;BuilderDropzoneStyle:SUTRSER;BVCategory:Women;ChinaCatalog;Color:Black:Color;ColorGroup:Black;Content:Builder;Filter:DisplaySize:1:XXS - XS;Filter:DisplaySize:3:Small;Fil
2026-10-05,W,bestsellers,14,Suit Up Trouser (Regular) - Navy,ETC,UNTAGGED,Women:Bottoms:Pants,148.0,,False,1,https://cdn.shopify.com/s/files/1/2185/2813/files/W51432R_03842_b2_s1_a1_dFA26_m18.jpg?v=1787588852,w51432r-suit-up-trouser-regular-navy,AA25-PDPselects;b:1:Best Seller;BIScollection;BuilderDropzoneStyle:SUTRSER;BVCategory:Women;ChinaCatalog;Color:Navy:Color;ColorGroup:Blue;Content:Builder;Filter:DisplaySize:1:XXS - XS;Filter:DisplaySi
2026-10-05,W,bestsellers,15,Accolade 1/4 Zip Pullover - Black,FLEECE/KNIT,FW,Women:Outerwear:Coverups:Pullovers,148.0,,False,1,https://cdn.shopify.com/s/files/1/2185/2813/files/U3040RG_01_b2_s1_a1_1_m210.jpg?v=1770144016,u3040rg-accolade-1-4-zip-pullover-black,AA25-PDPselects;AccoladeBoostBury;b:1:Best Seller;BISCollection;BR:unisex;BVCategory:Women;ChinaCatalog;Color:Black:Color;ColorGroup:Black;Filter:DisplaySize:1:XXS - XS;Filter:DisplaySize:3:Small;Filt
2026-10-05,W,bestsellers,16,Suit Up Trouser (Short) - Espresso,SHORTS/SKIRT,SS,Women:Bottoms:Pants,148.0,,False,1,https://cdn.shopify.com/s/files/1/2185/2813/files/W51432R_04064_b1_s1_a6_dFA26m143.jpg?v=1788911873,w54428r-suit-up-trouser-short-espresso,b:1:Best Seller;BVCategory:Women;ChinaCatalog;Color:Espresso:Color;ColorGroup:Brown;FA26D3-family;FA26Drops-family;Filter:DisplaySize:1:XXS - XS;Filter:DisplaySize:3:Small;Filter:DisplaySize:4:Medium;
2026-10-05,W,bestsellers,17,Suit Up Trouser (Regular) - Java Brown,ETC,UNTAGGED,Women:Bottoms:Pants,148.0,,False,1,https://cdn.shopify.com/s/files/1/2185/2813/files/W54187R_08194_b2_s1_a1_dFA26_m18_1dbac212-27d1-4b40-9894-7f4b13d9c0f6.jpg?v=1789062778,w51432r-suit-up-trouser-regular-java-brown,b:1:Best Seller;BVCategory:Women;ChinaCatalog;Color:Java Brown:Color;ColorGroup:Brown;ColorwayType:Limited;FA26D4-family;FA26Drops-family;Filter:DisplaySize:1:XXS - XS;Filter:DisplaySize:3:Small;Filte
2026-10-05,W,bestsellers,18,Suit Up Trouser (Long) - Black,ETC,UNTAGGED,Women:Bottoms:Pants,148.0,,False,1,https://cdn.shopify.com/s/files/1/2185/2813/files/W54187R_01_b2_s1_a1_dSP26_m242_6633269e-29a0-424b-8114-5584580ec498.jpg?v=1771882591,w54187r-suit-up-trouser-long-black,b:1:Best Seller;BuilderDropzoneStyle:SUTRSER;BVCategory:Women;ChinaCatalog;Color:Black:Color;ColorGroup:Black;Content:Builder;Filter:DisplaySize:1:XXS - XS;Filter:DisplaySize:3:Small;Filter:DisplaySiz
2026-10-05,W,bestsellers,19,Match Point Tennis Skirt - Black,SHORTS/SKIRT,SS,Women:Bottoms:Skirts,78.0,,False,1,https://cdn.shopify.com/s/files/1/2185/2813/files/W6240R_01_b2_s1_a2_dSU26_m269.jpg?v=1785182237,w6240r-match-point-tennis-skirt-black,aloversary20off;b:1:Best Seller;BIScollection;blackskirt;BVCategory:Women;ChinaCatalog;Color:Black:Color;ColorGroup:Black;Filter:DisplaySize:1:XXS - XS;Filter:DisplaySize:3:Small;Filter:DisplaySize:4:
2026-10-05,W,bestsellers,20,Suit Up Trouser (Short) - Navy,SHORTS/SKIRT,SS,Women:Bottoms:Pants,148.0,,False,1,https://cdn.shopify.com/s/files/1/2185/2813/files/W54428R_03842_b2_s1_a3_dSU25_m191.jpg?v=1785172235,w54428r-suit-up-trouser-short-navy,b:1:Best Seller;BuilderDropzoneStyle:SUTRSER;BVCategory:Women;ChinaCatalog;Color:Navy:Color;ColorGroup:Blue;Content:Builder;Filter:DisplaySize:1:XXS - XS;Filter:DisplaySize:3:Small;Filter:DisplaySize:
2026-10-05,W,bestsellers,21,Sherpa Edge Bomber - Java Brown,OUTERWEAR,FW,Women:Outerwear:Jackets,228.0,,False,1,https://cdn.shopify.com/s/files/1/2185/2813/files/W4530R_08194_b2_s1_a1_dFA26_m18.jpg?v=1788844565,w4530r-sherpa-edge-bomber-java-brown,b:1:Best Seller;BVCategory:Women;ChinaCatalog;Color:Java Brown:Color;ColorGroup:Brown;ColorwayType:Limited;FA26-Campaign;FA26D4-family;FA26Drops-family;Fabric:Sherpa;Filter:DisplaySize:1:XXS - XS;Filt
2026-10-05,W,bestsellers,22,Match Point Short - Black,SHORTS/SKIRT,SS,Women:Bottoms:Shorts,78.0,,False,1,https://cdn.shopify.com/s/files/1/2185/2813/files/W6334R_01_b2_s1_a1_dFA26_m277.jpg?v=1789434333,w6334r-match-point-short-black,b:1:Best Seller;BIScollection;BVCategory:Women;ChinaCatalog;Color:Black:Color;ColorGroup:Black;FA23;FA23D1-family;Filter:DisplaySize:1:XXS - XS;Filter:DisplaySize:3:Small;Filter:DisplaySize:4:Medium;F
2026-10-05,W,bestsellers,23,Hazy Mock Neck Pullover - Black,FLEECE/KNIT,FW,Women:Outerwear:Coverups:Pullovers,138.0,,False,1,https://cdn.shopify.com/s/files/1/2185/2813/files/W3845R_01_b2_s1_a2_1_m143_2cd99692-0bdd-40ea-bf7a-4a1af9402a12.jpg?v=1762820777,w3845r-hazy-mock-neck-pullover-black,AA25-PDPselects;b:1:Back in Stock;b:1:Best Seller;BIScollection;BVCategory:Women;ChinaCatalog;Color:Black:Color;ColorGroup:Black;Content:Builder;FA24;FA24D5-family;FA24Drops-family;Filter:DisplaySize:
2026-10-05,W,bestsellers,24,Sway Full Zip Hoodie - Java Brown,FLEECE/KNIT,FW,Women:Outerwear:Coverups:Hoodies,128.0,,False,1,https://cdn.shopify.com/s/files/1/2185/2813/files/W3980R_08194_b2_s1_a1_dFA26_m18.jpg?v=1788844497,w3980r-sway-full-zip-hoodie-java-brown,b:1:Best Seller;BVCategory:Women;ChinaCatalog;Color:Java Brown:Color;ColorGroup:Brown;ColorwayType:Limited;Computed:UnderInventoryThreshold:5:for:L;FA26-Campaign;FA26D4-family;FA26Drops-family;Filter:
2026-10-05,W,bestsellers,25,Sherpa Edge Bomber - Black,OUTERWEAR,FW,Women:Outerwear:Jackets,228.0,,False,1,https://cdn.shopify.com/s/files/1/2185/2813/files/W4530R_01_b1_s1_a3_m207_908467b2-397e-4bb1-9637-a81ae76b99bf.jpg?v=1763420065,w4530r-sherpa-edge-bomber-black,b:1:Best Seller;BVCategory:Women;ChinaCatalog;Color:Black:Color;ColorGroup:Black;Content:Builder;FA24;FA24D3-family;FA24Drops-family;FA26-Jisoo;Fabric:Sherpa;Filter:DisplaySize:1:XXS - XS;Filter:Displ
2026-10-05,W,bestsellers,26,Splendor Bra - Black,BRA/TANK,SS,Women:Bras,68.0,,False,1,https://cdn.shopify.com/s/files/1/2185/2813/files/W9351RG_01_b2_s1_a2_dSU26_m241.jpg?v=1785195434,w9351rg-splendor-bra-black,b:1:Best Seller;BISCollection;BuilderDropzoneStyle:AIRBRUSH;BVCategory:Women;ChinaCatalog;Color:Black:Color;ColorGroup:Black;Content:Builder;Fabric:Airbrush;Filter:DisplaySize:1:XXS - XS;Filter:Displa
2026-10-05,W,bestsellers,27,Ribbed Modal Long Sleeve - Espresso,TOP,SEASONLESS,Women:Tops:Long Sleeves,78.0,,False,1,https://cdn.shopify.com/s/files/1/2185/2813/files/W3903R_04064_b1_s1_a1_dFA26_m143.jpg?v=1788798034,w3903r-ribbed-modal-long-sleeve-espresso,b:1:Back in Stock;b:1:Best Seller;BISCollection;BVCategory:Women;ChinaCatalog;Color:Espresso:Color;ColorGroup:Brown;FA25D5-family;FA25Drops-family;FA26D3-Carryover;Fabric:Ribbed;Filter:DisplaySize:1:X
2026-10-05,W,bestsellers,28,Airbrush Heart Throb Bra - Black/White,LEGGING,SS,Women:Bras,88.0,,False,1,https://cdn.shopify.com/s/files/1/2185/2813/files/W9680R_0100_b2_s1_a2_dSU26_m191.jpg?v=1785177524,w9680r-airbrush-heart-throb-bra-black-white,b:1:Best Seller;BIScollection;BuilderDropzoneStyle:AIRBRUSH;BVCategory:Women;ChinaCatalog;Color:Black:Color;ColorGroup:Black;Content:Builder;FA23;FA23D3-family;Filter:DisplaySize:1:XXS - XS;Filter:Dis
2026-10-05,W,bestsellers,29,Accolade 1/4 Zip Pullover - Navy,FLEECE/KNIT,FW,Women:Outerwear:Coverups:Pullovers,148.0,,False,1,https://cdn.shopify.com/s/files/1/2185/2813/files/U3040RG_03842_b2_s1_a1_m224.jpg?v=1787626913,u3040rg-accolade-1-4-zip-pullover-navy,AccoladeBoostBury;b:1:Best Seller;BR:unisex;BVCategory:Women;ChinaCatalog;Color:Navy:Color;ColorGroup:Blue;ColorwayType:Limited;Filter:DisplaySize:1:XXS - XS;Filter:DisplaySize:3:Small;Filter:DisplayS
2026-10-05,W,bestsellers,30,7/8 High-Waist Airlift Legging - Black,LEGGING,SEASONLESS,Women:Bottoms:Leggings,134.0,,False,1,https://cdn.shopify.com/s/files/1/2185/2813/files/W5766R_01_b2_s1_a1_1_m18.jpg?v=1762820993,w5766r-7-8-high-waist-airlift-legging-black,7/8 Length;AA25-PDPselects;aloversary20off;B&W;b:1:Best Seller;Bluemoon-family;bronzed-family;BuilderDropzoneStyle:ARLTRISE;BVCategory:Women;ChinaCatalog;Color:Black:Color;ColorGroup:Black;Content:Bui
2026-10-05,W,bestsellers,31,Ribbed Sea Coast Long Sleeve - Black,TOP,SEASONLESS,Women:Tops:Long Sleeves,74.0,,False,1,https://cdn.shopify.com/s/files/1/2185/2813/files/W3781R_01_b1_s1_a1_dSU26_m54_d2d9f108-efaa-4292-a9db-d84c9bd4e60a.jpg?v=1772063194,w3781r-ribbed-sea-coast-long-sleeve-black,b:1:Back in Stock;b:1:Best Seller;BISCollection;BVCategory:Women;Color:Black:Color;ColorGroup:Black;Fabric:Ribbed;Filter:DisplaySize:1:XXS - XS;Filter:DisplaySize:3:Small;Filter:DisplaySize:4:Medium;F
2026-10-05,W,bestsellers,32,Semi-Sheer Oasis Boxy Long Sleeve - Ivory,TOP,SEASONLESS,Women:Tops:Long Sleeves,78.0,,False,1,https://cdn.shopify.com/s/files/1/2185/2813/files/W31252R_03299_b1_s1_a4_dFA26_m241.jpg?v=1788989489,w31252r-semi-sheer-oasis-boxy-long-sleeve-ivory,b:1:Best Seller;BVCategory:Women;ChinaCatalog;Color:Ivory:Color;ColorGroup:White;FA26D4-family;FA26Drops-family;Filter:DisplaySize:1:XXS - XS;Filter:DisplaySize:3:Small;Filter:DisplaySize:4:Medium;Fil
2026-10-05,W,bestsellers,33,Fan Club Mini Skirt - Java Brown,SHORTS/SKIRT,SS,Women:Bottoms:Skirts,98.0,,False,1,https://cdn.shopify.com/s/files/1/2185/2813/files/W6433R_08194_b2_s1_a1_dFA26_m18.jpg?v=1788845084,w6433r-fan-club-mini-skirt-java-brown,b:1:Best Seller;BVCategory:Women;ChinaCatalog;Color:Java Brown:Color;ColorGroup:Brown;ColorwayType:Limited;FA26-Campaign;FA26D4-family;FA26Drops-family;Filter:DisplaySize:1:XXS - XS;Filter:DisplaySize
2026-10-05,W,bestsellers,34,Sway Full Zip Hoodie - Black,FLEECE/KNIT,FW,Women:Outerwear:Coverups:Hoodies,128.0,,False,1,https://cdn.shopify.com/s/files/1/2185/2813/files/W3980R_01_b2_s1_a1_dSU26_m91.jpg?v=1777665096,w3980r-sway-full-zip-hoodie-black,b:1:Best Seller;BVCategory:Women;ChinaCatalog;Color:Black:Color;ColorGroup:Black;Filter:DisplaySize:1:XXS - XS;Filter:DisplaySize:3:Small;Filter:DisplaySize:4:Medium;Filter:DisplaySize:5:L - XL;Filter
2026-10-05,W,bestsellers,35,Muse Crew Neck Pullover - Ivory,FLEECE/KNIT,FW,Women:Outerwear:Coverups:Pullovers,108.0,,False,1,https://cdn.shopify.com/s/files/1/2185/2813/files/W3950R_03299_b1_s1_a10_dFA26_m143.jpg?v=1790093425,w3950r-muse-crew-neck-pullover-ivory,b:1:Best Seller;BVCategory:Women;ChinaCatalog;Color:Ivory:Color;ColorGroup:White;FA26D4-family;FA26Drops-family;Filter:DisplaySize:1:XXS - XS;Filter:DisplaySize:3:Small;Filter:DisplaySize:4:Medium;Fil
2026-10-05,W,bestsellers,36,Serenity Wide Leg Sweatpant - Black,BOTTOM-WARM,FW,Women:Bottoms:Sweatpants,128.0,,False,1,https://cdn.shopify.com/s/files/1/2185/2813/files/W54162R_01_b1_s1_a1_1_m54.jpg?v=1768002409,w54162r-serenity-wide-leg-sweatpant-black,b:1:Back in Stock;b:1:Best Seller;BISCollection;BVCategory:Women;ChinaCatalog;Color:Black:Color;ColorGroup:Black;Content:Builder;Filter:DisplaySize:1:XXS - XS;Filter:DisplaySize:3:Small;Filter:Display
2026-10-05,W,bestsellers,37,Sway Bootcut Sweatpant - Java Brown,BOTTOM-WARM,FW,Women:Bottoms:Sweatpants,128.0,,False,1,https://cdn.shopify.com/s/files/1/2185/2813/files/W51304R_08194_b2_s1_a2_dFA26_m18.jpg?v=1790633739,w51304r-sway-bootcut-sweatpant-java-brown,b:1:Best Seller;BVCategory:Women;ChinaCatalog;Color:Java Brown:Color;ColorGroup:Brown;ColorwayType:Limited;FA26-Campaign;FA26D4-family;FA26Drops-family;Filter:DisplaySize:1:XXS - XS;Filter:DisplaySize
2026-10-05,W,bestsellers,38,Aspire Tank - Black/White,BRA/TANK,SS,Women:Tops:Tanks,68.0,,False,1,https://cdn.shopify.com/s/files/1/2185/2813/files/W2675RG_06401_b2_s1_a3_m143.jpg?v=1785179036,w2675rg-aspire-tank-black-white,aloversary20off;b:1:Best Seller;bluequartz-family;BuilderDropzoneStyle:ASPRLGBX;BVCategory:Women;ChinaCatalog;Color:Black:Color;ColorGroup:Black;Content:Builder;Filter:DisplaySize:1:XXS - XS;Filter:Di
2026-10-05,W,bestsellers,39,Suit Up Trouser (Long) - Navy,ETC,UNTAGGED,Women:Bottoms:Pants,148.0,,False,1,https://cdn.shopify.com/s/files/1/2185/2813/files/W54187R_03842_b2_s1_a3_m18.jpg?v=1785173060,w54187r-suit-up-trouser-long-navy,b:1:Best Seller;BISCollection;BuilderDropzoneStyle:SUTRSER;BVCategory:Women;ChinaCatalog;Color:Navy:Color;ColorGroup:Blue;Content:Builder;Filter:DisplaySize:1:XXS - XS;Filter:DisplaySize:3:Small;Filte
2026-10-05,W,bestsellers,40,Sway Bootcut Sweatpant - Black,BOTTOM-WARM,FW,Women:Bottoms:Sweatpants,128.0,,False,1,https://cdn.shopify.com/s/files/1/2185/2813/files/W51304R_01_b2_s1_a1_dSP26_m54_404535b2-b316-4cc9-aaca-8d0bca785181.jpg?v=1787009237,w51304r-sway-bootcut-sweatpant-black,b:1:Best Seller;BVCategory:Women;ChinaCatalog;Color:Black:Color;ColorGroup:Black;FA23;FA23D1-family;Filter:DisplaySize:1:XXS - XS;Filter:DisplaySize:3:Small;Filter:DisplaySize:4:Medium;Filter:DisplayS
2026-10-05,W,bestsellers,41,Airlift High-Waist 7/8 Line Up Legging - Java Brown,LEGGING,SEASONLESS,Women:Bottoms:Leggings,144.0,,False,1,https://cdn.shopify.com/s/files/1/2185/2813/files/W51154R_08194_b2_s1_a2_dFA26_m18.jpg?v=1790610162,w51154r-airlift-high-waist-7-8-line-up-legging-java-brown,b:1:Best Seller;BuilderDropzoneStyle:ARLTRISE;BVCategory:Women;ChinaCatalog;Color:Java Brown:Color;ColorGroup:Brown;ColorwayType:Limited;Content:Builder;FA26-Campaign;FA26D4-family;FA26Drops-family;Fa
2026-10-05,W,bestsellers,42,Muse Wide Leg Pant - Ivory,BOTTOM-WARM,UNTAGGED,Women:Bottoms:Pants,118.0,,False,1,https://cdn.shopify.com/s/files/1/2185/2813/files/W54241R_03299_b2_s1_a1_dFA26_m18.jpg?v=1788844813,w54241r-muse-wide-leg-pant-ivory,b:1:Best Seller;BVCategory:Women;ChinaCatalog;Color:Ivory:Color;ColorGroup:White;FA26-Campaign;FA26D4-family;FA26Drops-family;Filter:DisplaySize:1:XXS - XS;Filter:DisplaySize:3:Small;Filter:DisplaySiz
2026-10-05,W,bestsellers,43,Airbrush High-Waist Heart Throb Legging - Black/White,LEGGING,SEASONLESS,Women:Bottoms:Leggings,134.0,,False,1,https://cdn.shopify.com/s/files/1/2185/2813/files/W51298R_0100_b2_s1_a1_dSP26_m210.jpg?v=1770668689,w51298r-airbrush-high-waist-heart-throb-legging-black-white,b:1:Best Seller;BIScollection;BuilderDropzoneStyle:ABRSHRISE;BVCategory:Women;ChinaCatalog;Color:Black:Color;ColorGroup:Black;Content:Builder;FA23;FA23D3-family;Filter:DisplaySize:1:XXS - XS;Filter:Di
2026-10-05,W,bestsellers,44,Ribbed Modal Long Sleeve - Black,TOP,SEASONLESS,Women:Tops:Long Sleeves,78.0,,False,1,https://cdn.shopify.com/s/files/1/2185/2813/files/W3903R_01_b1_s1_a1_1_m54.jpg?v=1736900415,w3903r-ribbed-modal-long-sleeve-black,b:1:Best Seller;BVCategory:Women;ChinaCatalog;Color:Black:Color;ColorGroup:Black;Filter:DisplaySize:1:XXS - XS;Filter:DisplaySize:3:Small;Filter:DisplaySize:4:Medium;Filter:DisplaySize:5:L - XL;Filter
2026-10-05,W,bestsellers,45,Sway Full Zip Hoodie - Navy,FLEECE/KNIT,FW,Women:Outerwear:Coverups:Hoodies,128.0,,False,1,https://cdn.shopify.com/s/files/1/2185/2813/files/W3980R_03842_b2_s1_a1_dSU26_m143.png?v=1778757257,w3980r-sway-full-zip-hoodie-navy,b:1:Best Seller;BVCategory:Women;ChinaCatalog;Color:Navy:Color;ColorGroup:Blue;Filter:DisplaySize:1:XXS - XS;Filter:DisplaySize:3:Small;Filter:DisplaySize:4:Medium;Filter:DisplaySize:5:L - XL;Filter:S
2026-10-05,W,bestsellers,46,Semi Sheer Mock Neck Oasis Tank - Ivory,BRA/TANK,SS,Women:Tops:Tanks,64.0,,False,1,https://cdn.shopify.com/s/files/1/2185/2813/files/W1518R_03299_b2_s1_a1_dFA26_m18.jpg?v=1788844128,w1518r-semi-sheer-mock-neck-oasis-tank-ivory,b:1:Best Seller;BVCategory:Women;ChinaCatalog;Color:Ivory:Color;ColorGroup:White;FA26-Campaign;FA26D4-family;FA26Drops-family;Filter:DisplaySize:1:XXS - XS;Filter:DisplaySize:3:Small;Filter:DisplaySiz
2026-10-05,W,bestsellers,47,Airbrush Better Together Bra - Black/White,LEGGING,SS,Women:Bras,88.0,,False,1,https://cdn.shopify.com/s/files/1/2185/2813/files/W9918R_0100_b2_s1_a2_dFA26_m285.png?v=1785797782,w9918r-airbrush-better-together-bra-black-white,b:1:Best Seller;bellalaunch;BISCollection;BuilderDropzoneStyle:AIRBRUSH;BVCategory:Women;ChinaCatalog;Color:Black:Color;ColorGroup:Black;Content:Builder;Fabric:Airbrush;Filter:DisplaySize:1:XXS - XS;F
2026-10-05,W,bestsellers,48,Pinstripe Daylight Button Down Long Sleeve - Navy/Ivory,TOP,SEASONLESS,Women:Tops:Long Sleeves,138.0,,False,1,https://cdn.shopify.com/s/files/1/2185/2813/files/W3893R_05617_b1_s1_a1_dSU26_m191.jpg?v=1778659162,w3893r-pinstripe-daylight-button-down-long-sleeve-navy-ivory,b:1:Best Seller;BVCategory:Women;ChinaCatalog;Color:Navy:Color;ColorGroup:Blue;ColorwayType:Limited;Filter:DisplaySize:1:XXS - XS;Filter:DisplaySize:3:Small;Filter:DisplaySize:4:Medium;Filter:DisplayS
2026-10-05,W,bestsellers,49,Suit Up Trouser (Long) - Espresso,ETC,UNTAGGED,Women:Bottoms:Pants,148.0,,False,1,https://cdn.shopify.com/s/files/1/2185/2813/files/W54187R_04064_b1_s1_a1_dFA26m143_68278f2b-9818-4b3b-a618-3d2512e8baf8.jpg?v=1788911775,w54187r-suit-up-trouser-long-espresso,b:1:Back in Stock;b:1:Best Seller;BISCollection;BuilderDropzoneStyle:SUTRSER;BVCategory:Women;ChinaCatalog;Color:Espresso:Color;ColorGroup:Brown;Content:Builder;Filter:DisplaySize:1:XXS - XS;Filter:Di
2026-10-05,W,bestsellers,50,ALO Softsculpt 7/8 Define Legging - Navy,LEGGING,SEASONLESS,Women:Bottoms:Leggings,134.0,,False,1,https://cdn.shopify.com/s/files/1/2185/2813/files/W54599R_03842_b2_s1_a2_dSU26_m191_c4ae6dba-c5db-4241-a60d-7ed6abac6378.jpg?v=1786147908,w54599r-alo-softsculpt-7-8-define-legging-navy,b:1:Best Seller;BuilderDropzoneStyle:DFNLGG;BVCategory:Women;ChinaCatalog;Color:Navy:Color;ColorGroup:Blue;Content:Builder;delilahlaunch;Fabric:ALO Softsculpt;Filter:DisplaySize:1:XXS - XS;Filter:Disp
2026-10-05,M,mens-bestsellers,1,Double Take Long Sleeve 1/4 Zip - Bone,TOP,SEASONLESS,Men:Tops:Long Sleeves,128.0,,False,1,https://cdn.shopify.com/s/files/1/2185/2813/files/M3290R_03040_b2_s1_a1_dFA26_m257.jpg?v=1786550165,m3290r-double-take-long-sleeve-1-4-zip-bone,b:1:Best Seller;BuilderDropzoneStyle:DBLTK;BVCategory:Men;Color:Bone:Color;ColorGroup:Beige;Content:Builder;FA25-Campaign;FA25Drops-family;FA25MD2-family;FA26MD3-Carryover;Fabric:Double Take;Filter:Di
2026-10-05,M,mens-bestsellers,2,"7"" Double Take Short - Bone",SHORTS/SKIRT,SS,Men:Bottoms:Shorts,88.0,,False,1,https://cdn.shopify.com/s/files/1/2185/2813/files/M6143R_03040_b2_s1_a1_dFA26_m257.jpg?v=1786550116,m6143r-7-double-take-short-bone,b:1:Best Seller;BVCategory:Men;ChinaCatalog;Color:Bone:Color;ColorGroup:Beige;Fabric:Double Take;Filter:DisplaySize:3:Small;Filter:DisplaySize:4:Medium;Filter:DisplaySize:5:Large;Filter:DisplaySize:6:
2026-10-05,M,mens-bestsellers,3,Conquer Max Mock Neck Full Zip - Black,FLEECE/KNIT,FW,Men:Outerwear:Coverups:Pullovers,138.0,,False,1,https://cdn.shopify.com/s/files/1/2185/2813/files/M3262R_01_b2_s1_a1_dWT25_m214.jpg?v=1776888259,m3262r-conquer-max-mock-neck-full-zip-black,b:1:Best Seller;BuilderDropzoneStyle:CNQR;BVCategory:Men;ChinaCatalog;Color:Black:Color;ColorGroup:Black;Content:Builder;Fabric:Conquer;Filter:DisplaySize:3:Small;Filter:DisplaySize:4:Medium;Filter:Di
2026-10-05,M,mens-bestsellers,4,Co-Op Pant (Regular) - Black,ETC,UNTAGGED,Men:Bottoms:Pants,138.0,,False,1,https://cdn.shopify.com/s/files/1/2185/2813/files/M5144R_01_b1_s1_a2_m243.jpg?v=1775153771,m5144r-co-op-pant-regular-black,b:1:Best Seller;BVCategory:Men;ChinaCatalog;Color:Black:Color;ColorGroup:Black;FA25Drops-family;FA25MBridge-family;Filter:DisplaySize:3:Small;Filter:DisplaySize:4:Medium;Filter:DisplaySize:5:Large;Fil
2026-10-05,M,mens-bestsellers,5,Waffle Lounge Hoodie - Athletic Heather Grey,FLEECE/KNIT,FW,Men:Outerwear:Coverups:Hoodies,148.0,,False,1,https://cdn.shopify.com/s/files/1/2185/2813/files/M3311R_06501_b1_s1_a4_dFA26_m243.jpg?v=1787227226,m3311r-waffle-lounge-hoodie-athletic-heather-grey,b:1:Best Seller;BVCategory:Men;ChinaCatalog;Color:Athletic Heather Grey:Color;ColorGroup:Grey;FA26Drops-family;FA26MD2-family;Fabric:Waffle;Filter:DisplaySize:3:Small;Filter:DisplaySize:4:Medium;Filte
2026-10-05,M,mens-bestsellers,6,Waffle Lounge Jogger - Athletic Heather Grey,BOTTOM-WARM,FW,Men:Bottoms:Pants,148.0,,False,1,https://cdn.shopify.com/s/files/1/2185/2813/files/M5246R_06501_b1_s1_a3_dFA26_m243.jpg?v=1787227578,m5246r-waffle-lounge-jogger-athletic-heather-grey,b:1:Best Seller;BVCategory:Men;ChinaCatalog;Color:Athletic Heather Grey:Color;ColorGroup:Grey;FA26Drops-family;FA26MD2-family;Fabric:Waffle;Filter:DisplaySize:3:Small;Filter:DisplaySize:4:Medium;Filte
2026-10-05,M,mens-bestsellers,7,Conquer Reform Crewneck Short Sleeve - Black,SHORTS/SKIRT,SS,Men:Tops:Short Sleeves,78.0,,False,1,https://cdn.shopify.com/s/files/1/2185/2813/files/M1205R_01_b1_s1_a4_dFA26_m245.jpg?v=1789592446,m1205r-conquer-reform-crewneck-short-sleeve-black,b:1:Best Seller;BuilderDropzoneStyle:CNQR;BVCategory:Men;ChinaCatalog;Color:Black:Color;ColorGroup:Black;Content:Builder;FA24MD3-FAMILY;Fabric:Conquer;Filter:DisplaySize:3:Small;Filter:DisplaySize:4:M
2026-10-05,M,mens-bestsellers,8,"7"" Repetition Short - Black",SHORTS/SKIRT,SS,Men:Bottoms:Shorts,78.0,,False,1,https://cdn.shopify.com/s/files/1/2185/2813/files/M6154R_01_b1_s1_a4_dFA26_m245.jpg?v=1789600379,m6154r-7-repetition-short-black,b:1:Best Seller;BVCategory:Men;ChinaCatalog;Color:Black:Color;ColorGroup:Black;FA24;FA24Drops-family;Filter:DisplaySize:3:Small;Filter:DisplaySize:4:Medium;Filter:DisplaySize:5:Large;Filter:DisplaySiz
2026-10-05,M,mens-bestsellers,9,Double Take Hoodie - Navy,FLEECE/KNIT,FW,Men:Outerwear:Coverups:Hoodies,128.0,,False,1,https://cdn.shopify.com/s/files/1/2185/2813/files/M3245R_03842_b2_s1_a1_dFA26_m257.jpg?v=1788515465,m3245r-double-take-hoodie-navy,b:1:Best Seller;BuilderDropzoneStyle:DBLTK;BVCategory:Men;ChinaCatalog;Color:Navy:Color;ColorGroup:Blue;Content:Builder;FA26-Campaign;FA26Drops-family;FA26MD2-family;Filter:DisplaySize:3:Small;Filter:
2026-10-05,M,mens-bestsellers,10,Co-Op Pant (Regular) - Espresso,ETC,UNTAGGED,Men:Bottoms:Pants,138.0,,False,1,https://cdn.shopify.com/s/files/1/2185/2813/files/M5144R_04064_b1_s1_a4_dSU26_m214.jpg?v=1782901509,m5144r-co-op-pant-regular-espresso,b:1:Best Seller;BVCategory:Men;ChinaCatalog;Color:Espresso:Color;ColorGroup:Brown;Filter:DisplaySize:3:Small;Filter:DisplaySize:4:Medium;Filter:DisplaySize:5:Large;Filter:DisplaySize:6:XL - 2XL;Filter
2026-10-05,M,mens-bestsellers,11,Elemental Full-Zip Jacket - Black,OUTERWEAR,FW,Men:Outerwear:Jackets,198.0,,False,1,https://cdn.shopify.com/s/files/1/2185/2813/files/M4185R_01_b2_s1_a1_dFA26_m252_61e6eb58-bd85-4c0e-8b78-55b6ed999967.jpg?v=1788363628,m4185r-elemental-full-zip-jacket-black,b:1:Best Seller;BVCategory:Men;ChinaCatalog;Color:Black:Color;ColorGroup:Black;FA26-JOEBLAUNCH;Filter:DisplaySize:3:Small;Filter:DisplaySize:4:Medium;Filter:DisplaySize:5:Large;Filter:DisplaySize:6:XL
2026-10-05,M,mens-bestsellers,12,Suited Trouser - Black,ETC,UNTAGGED,Men:Bottoms:Pants,148.0,,False,1,https://cdn.shopify.com/s/files/1/2185/2813/files/M5016R_01_b2_s1_a1_dFA26_m243.jpg?v=1785280462,m5016r-suited-trouser-black,b:1:Best Seller;BVCategory:Men;ChinaCatalog;Color:Black:Color;ColorGroup:Black;FA26Drops-family;FA26MD1-1-family;Filter:DisplaySize:3:Small;Filter:DisplaySize:4:Medium;Filter:DisplaySize:5:Large;Filte
2026-10-05,M,mens-bestsellers,13,Conquer 1/4 Zip Reform Long Sleeve - Navy,TOP,SEASONLESS,Men:Tops:Long Sleeves,108.0,,False,1,https://cdn.shopify.com/s/files/1/2185/2813/files/M3193R_03842_b1_s1_a1_m263.jpg?v=1762563261,m3193r-conquer-1-4-zip-reform-long-sleeve-navy,b:1:Best Seller;BuilderDropzoneStyle:CNQR;BVCategory:Men;ChinaCatalog;Color:Navy:Color;ColorGroup:Blue;Content:Builder;FA24MD1-family;Fabric:Conquer;Filter:DisplaySize:3:Small;Filter:DisplaySize:4:Med
2026-10-05,M,mens-bestsellers,14,Conquer Max Performance Jogger - Navy,BOTTOM-WARM,FW,Men:Bottoms:Pants,128.0,,False,1,https://cdn.shopify.com/s/files/1/2185/2813/files/M5226R_03842_b2_s1_a1_m214.jpg?v=1761532990,m5226r-conquer-max-performance-jogger-navy,b:1:Best Seller;BVCategory:Men;ChinaCatalog;Color:Navy:Color;ColorGroup:Blue;FA25-Campaign;FA25Drops-family;FA25MBridge-family;Fabric:Conquer;Filter:DisplaySize:3:Small;Filter:DisplaySize:4:Medium;Fil
2026-10-05,M,mens-bestsellers,15,Light Weight Takeaway Track Pullover - Black,FLEECE/KNIT,FW,Men:Outerwear:Coverups:Pullovers,148.0,,False,1,https://cdn.shopify.com/s/files/1/2185/2813/files/M3259R_01_b2_s1_a1_dSU26_m275.png?v=1778520221,m3259r-light-weight-takeaway-track-pullover-black,b:1:Best Seller;BISCollection;BVCategory:Men;Color:Black:Color;ColorGroup:Black;EcomVideo-Dale;Filter:DisplaySize:3:Small;Filter:DisplaySize:4:Medium;Filter:DisplaySize:5:Large;Filter:DisplaySize:6:XL
2026-10-05,M,mens-bestsellers,16,"5"" Circuit Short - Black",SHORTS/SKIRT,SS,Men:Bottoms:Shorts,68.0,,False,1,https://cdn.shopify.com/s/files/1/2185/2813/files/M6158R_01_b2_s1_a1_1_m276.png?v=1778632075,m6158r-5-circuit-short-black,b:1:Best Seller;BVCategory:Men;ChinaCatalog;Color:Black:Color;ColorGroup:Black;FA25Drops-family;FA25MBridge-family;Filter:DisplaySize:3:Small;Filter:DisplaySize:4:Medium;Filter:DisplaySize:5:Large;Fil
2026-10-05,M,mens-bestsellers,17,ALO Vapor Crewneck Short Sleeve - Anthracite,SHORTS/SKIRT,SS,Men:Tops:Short Sleeves,68.0,,False,1,https://cdn.shopify.com/s/files/1/2185/2813/files/M1228R_02125_b2_s1_a1_m208.jpg?v=1766553426,m1228r-alo-vapor-crewneck-short-sleeve-anthracite,b:1:Best Seller;BuilderDropzoneStyle:VAPR;BVCategory:Men;ChinaCatalog;Color:Anthracite:Color;ColorGroup:Grey;Content:Builder;FA26MD4-Carryover;Fabric:ALO Vapor;Filter:DisplaySize:3:Small;Filter:Displa
2026-10-05,M,mens-bestsellers,18,"7"" Repetition Short - Anthracite",SHORTS/SKIRT,SS,Men:Bottoms:Shorts,78.0,,False,1,https://cdn.shopify.com/s/files/1/2185/2813/files/M6154R_02125_b2_s1_a1_m208.jpg?v=1767749600,m6154r-7-repetition-short-anthracite,b:1:Best Seller;BVCategory:Men;ChinaCatalog;Color:Anthracite:Color;ColorGroup:Grey;FA24;FA24Drops-family;FA26MD4-Carryover;Filter:DisplaySize:3:Small;Filter:DisplaySize:4:Medium;Filter:DisplaySize:5:L
2026-10-05,M,mens-bestsellers,19,Conquer Reform Crewneck Short Sleeve - White,SHORTS/SKIRT,SS,Men:Tops:Short Sleeves,78.0,,False,1,https://cdn.shopify.com/s/files/1/2185/2813/files/M1205R_00_b2_s1_a1_dFA26_m257.jpg?v=1786551475,m1205r-conquer-reform-crewneck-short-sleeve-white,b:1:Best Seller;BuilderDropzoneStyle:CNQR;BVCategory:Men;ChinaCatalog;Color:White:Color;ColorGroup:White;Content:Builder;FA24MD3-FAMILY;Fabric:Conquer;Filter:DisplaySize:3:Small;Filter:DisplaySize:4:M
2026-10-05,M,mens-bestsellers,20,"5"" Repetition Short - Navy",SHORTS/SKIRT,SS,Men:Bottoms:Shorts,78.0,,False,1,https://cdn.shopify.com/s/files/1/2185/2813/files/M6155R_03842_b2_s1_a1_dFA26_m257.jpg?v=1786550055,m6155r-5-repetition-short-navy,b:1:Best Seller;BVCategory:Men;ChinaCatalog;Color:Navy:Color;ColorGroup:Blue;Filter:DisplaySize:3:Small;Filter:DisplaySize:4:Medium;Filter:DisplaySize:5:Large;Filter:DisplaySize:6:XL - 2XL;Filter:Size
2026-10-05,M,mens-bestsellers,21,Takeaway Track Full Zip Jacket - Navy,OUTERWEAR,FW,Men:Outerwear:Jackets,188.0,,False,1,https://cdn.shopify.com/s/files/1/2185/2813/files/M3334R_03842_b2_s1_a1_dFA26_m257.jpg?v=1788518766,m3334r-takeaway-track-full-zip-jacket-navy,b:1:Best Seller;BVCategory:Men;Color:Navy:Color;ColorGroup:Blue;FA26-Campaign;FA26Drops-family;FA26MD2-family;Filter:DisplaySize:3:Small;Filter:DisplaySize:4:Medium;Filter:DisplaySize:5:Large;Filter:D
2026-10-05,M,mens-bestsellers,22,Axis Cargo Trouser - Navy,ETC,UNTAGGED,Men:Bottoms:Pants,188.0,,False,1,https://cdn.shopify.com/s/files/1/2185/2813/files/M5013R_03842_b1_s1_a4_dFA26_m214.jpg?v=1787227568,m5013r-axis-cargo-trouser-navy,b:1:Best Seller;BVCategory:Men;Color:Navy:Color;ColorGroup:Blue;FA26Drops-family;FA26MD2-family;Filter:DisplaySize:3:Small;Filter:DisplaySize:4:Medium;Filter:DisplaySize:5:Large;Filter:DisplaySize:6:X
2026-10-05,M,mens-bestsellers,23,Co-Op Pant (Regular) - Navy,ETC,UNTAGGED,Men:Bottoms:Pants,138.0,,False,1,https://cdn.shopify.com/s/files/1/2185/2813/files/M5144R_03842_b1_s1_a2_m253.jpg?v=1754696433,m5144r-co-op-pant-regular-navy,b:1:Best Seller;BVCategory:Men;ChinaCatalog;Color:Navy:Color;ColorGroup:Blue;FA25Drops-family;FA25MBridge-family;Filter:DisplaySize:3:Small;Filter:DisplaySize:4:Medium;Filter:DisplaySize:5:Large;Filte
2026-10-05,M,mens-bestsellers,24,Conquer Max Mock Neck Full Zip - Navy,FLEECE/KNIT,FW,Men:Outerwear:Coverups:Pullovers,138.0,,False,1,https://cdn.shopify.com/s/files/1/2185/2813/files/M3262R_03842_b1_s1_a001_1_m221.jpg?v=1742097611,m3262r-conquer-max-mock-neck-full-zip-navy,b:1:Best Seller;BuilderDropzoneStyle:CNQR;BVCategory:Men;ChinaCatalog;Color:Navy:Color;ColorGroup:Blue;ColorwayType:Limited;Content:Builder;Fabric:Conquer;Filter:DisplaySize:3:Small;Filter:DisplaySize
2026-10-05,M,mens-bestsellers,25,Double Take Straight Leg Pant - Black,ETC,UNTAGGED,Men:Bottoms:Pants,128.0,,False,1,https://cdn.shopify.com/s/files/1/2185/2813/files/M5259R_01_b1_s1_a1_dSP26_m243.jpg?v=1769503610,m5259r-double-take-straight-leg-pant-black,b:1:Best Seller;BVCategory:Men;ChinaCatalog;Color:Black:Color;ColorGroup:Black;Fabric:Double Take;Filter:DisplaySize:3:Small;Filter:DisplaySize:4:Medium;Filter:DisplaySize:5:Large;Filter:DisplaySize:6
2026-10-05,M,mens-bestsellers,26,Conquer 1/4 Zip Reform Long Sleeve - Black,TOP,SEASONLESS,Men:Tops:Long Sleeves,108.0,,False,1,https://cdn.shopify.com/s/files/1/2185/2813/files/M3193R_01_b1_s1_a1_dSP26_m243.jpg?v=1774387522,m3193r-conquer-1-4-zip-reform-long-sleeve-black,b:1:Best Seller;BuilderDropzoneStyle:CNQR;BVCategory:Men;ChinaCatalog;Color:Black:Color;ColorGroup:Black;Content:Builder;FA24MD3-FAMILY;Fabric:Conquer;Filter:DisplaySize:3:Small;Filter:DisplaySize:4:M
2026-10-05,M,mens-bestsellers,27,Repetition Pant - Black,ETC,UNTAGGED,Men:Bottoms:Pants,128.0,,False,1,https://cdn.shopify.com/s/files/1/2185/2813/files/M5230R_01_b2_s1_a1_dSU26_m257.jpg?v=1777660630,m5230r-repetition-pant-black,b:1:Back in Stock;b:1:Best Seller;BISCollection;BVCategory:Men;ChinaCatalog;Color:Black:Color;ColorGroup:Black;Filter:DisplaySize:3:Small;Filter:DisplaySize:4:Medium;Filter:DisplaySize:5:Large;Filter:
2026-10-05,M,mens-bestsellers,28,Double Take Hoodie - Black,FLEECE/KNIT,FW,Men:Outerwear:Coverups:Hoodies,128.0,,False,1,https://cdn.shopify.com/s/files/1/2185/2813/files/M3245R_01_b1_s1_a2_dSP26_m214.jpg?v=1774388969,m3245r-double-take-hoodie-black,b:1:Best Seller;BVCategory:Men;ChinaCatalog;Color:Black:Color;ColorGroup:Black;Fabric:Double Take;Filter:DisplaySize:3:Small;Filter:DisplaySize:4:Medium;Filter:DisplaySize:5:Large;Filter:DisplaySize:6
2026-10-05,M,mens-bestsellers,29,Double Take Straight Leg Pant - Bone,ETC,UNTAGGED,Men:Bottoms:Pants,128.0,,False,1,https://cdn.shopify.com/s/files/1/2185/2813/files/M5259R_03040_b1_s1_a3_dSP26_m257.jpg?v=1769561345,m5259r-double-take-straight-leg-pant-bone,b:1:Best Seller;BVCategory:Men;ChinaCatalog;Color:Bone:Color;ColorGroup:Beige;ColorwayType:Limited;Fabric:Double Take;Filter:DisplaySize:3:Small;Filter:DisplaySize:4:Medium;Filter:DisplaySize:5:Large;
2026-10-05,M,mens-bestsellers,30,Double Take Short Sleeve - Black,SHORTS/SKIRT,SS,Men:Tops:Short Sleeves,88.0,,False,1,https://cdn.shopify.com/s/files/1/2185/2813/files/M1224R_01_b2_s1_a2_dFA26_m257.jpg?v=1786551040,m1224r-double-take-short-sleeve-black,b:1:Best Seller;BuilderDropzoneStyle:DBLTK;BVCategory:Men;ChinaCatalog;Color:Black:Color;ColorGroup:Black;Content:Builder;Fabric:Double Take;Filter:DisplaySize:3:Small;Filter:DisplaySize:4:Medium;Filt
2026-10-05,M,mens-bestsellers,31,Conquer Reform Crewneck Short Sleeve - Anthracite,SHORTS/SKIRT,SS,Men:Tops:Short Sleeves,78.0,,False,1,https://cdn.shopify.com/s/files/1/2185/2813/files/M1205R_02125_b1_s1_a2_m198.jpg?v=1766555186,m1205r-conquer-reform-crewneck-short-sleeve-anthracite,b:1:Back in Stock;b:1:Best Seller;BISCollection;BuilderDropzoneStyle:CNQR;BVCategory:Men;Color:Anthracite:Color;ColorGroup:Grey;Content:Builder;Fabric:Conquer;Filter:DisplaySize:3:Small;Filter:Display
2026-10-05,M,mens-bestsellers,32,Alpha Shell Jacket - Navy,OUTERWEAR,FW,Men:Outerwear:Jackets,348.0,,False,1,https://cdn.shopify.com/s/files/1/2185/2813/files/M4200R_03842_b1_s1_a3_m221.jpg?v=1754502770,m4200r-alpha-shell-jacket-navy,b:1:Best Seller;BVCategory:Men;ChinaCatalog;Color:Navy:Color;ColorGroup:Blue;FA25Drops-family;FA25MBridge-family;Filter:DisplaySize:3:Small;Filter:DisplaySize:4:Medium;Filter:DisplaySize:5:Large;Filte
2026-10-05,M,mens-bestsellers,33,ALO Runner (Unisex) - Black/Black,ETC,UNTAGGED,Accessories:Shoes:Sneakers,195.0,,False,1,https://cdn.shopify.com/s/files/1/2185/2813/files/A0590U_01010_b1_s1_a1_80874896-a70c-482f-acfd-cfa3bf64210c.jpg?v=1785189409,a0590u-alo-runner-black-black,b:1:Best Seller;BuilderDropzoneStyle:WHITEARUNNER;BVCategory:Footwear;ChinaCatalog;Color:Black:Color;ColorGroup:Black;Content:Builder;FA24-AloRunner;Maintenance:ColorwayProduct;master-accessories-all;
2026-10-05,M,mens-bestsellers,34,Conquer Reform Crewneck Short Sleeve - Navy,SHORTS/SKIRT,SS,Men:Tops:Short Sleeves,78.0,,False,1,https://cdn.shopify.com/s/files/1/2185/2813/files/M1205R_03842_b2_s1_a1_1_m214.jpg?v=1761533071,m1205r-conquer-reform-crewneck-short-sleeve-navy,b:1:Best Seller;BuilderDropzoneStyle:CNQR;BVCategory:Men;ChinaCatalog;Color:Navy:Color;ColorGroup:Blue;Content:Builder;FA24MD1-family;Fabric:Conquer;Filter:DisplaySize:3:Small;Filter:DisplaySize:4:Med
2026-10-05,M,mens-bestsellers,35,Co-Op Pant (Long) - Navy,ETC,UNTAGGED,Men:Bottoms:Pants,138.0,,False,1,https://cdn.shopify.com/s/files/1/2185/2813/files/M5084R_03842_b1_s1_a1_1_m236.jpg?v=1746737309,m5190r-co-op-pant-long-navy,b:1:Back in Stock;b:1:Best Seller;BISCollection;BVCategory:Men;ChinaCatalog;Color:Navy:Color;ColorGroup:Blue;ColorwayType:Limited;Filter:DisplaySize:3:Small;Filter:DisplaySize:4:Medium;Filter:DisplayS
2026-10-05,M,mens-bestsellers,36,Conquer Max Performance Jogger - Black,BOTTOM-WARM,FW,Men:Bottoms:Pants,128.0,,False,1,https://cdn.shopify.com/s/files/1/2185/2813/files/M5226R_01_b2_s1_a1_dSU26_m275.png?v=1778517370,m5226r-conquer-max-performance-jogger-black,b:1:Best Seller;BVCategory:Men;ChinaCatalog;Color:Black:Color;ColorGroup:Black;Fabric:Conquer;Filter:DisplaySize:3:Small;Filter:DisplaySize:4:Medium;Filter:DisplaySize:5:Large;Filter:DisplaySize:6:XL 
2026-10-05,M,mens-bestsellers,37,Waffle Lounge Hoodie - Black,FLEECE/KNIT,FW,Men:Outerwear:Coverups:Hoodies,148.0,,False,1,https://cdn.shopify.com/s/files/1/2185/2813/files/M3311R_01_b1_s1_a1_m214.jpg?v=1763551316,m3311r-waffle-lounge-hoodie-black,b:1:Best Seller;BVCategory:Men;ChinaCatalog;Color:Black:Color;ColorGroup:Black;Fabric:Waffle;Filter:DisplaySize:3:Small;Filter:DisplaySize:4:Medium;Filter:DisplaySize:5:Large;Filter:DisplaySize:6:XL -
2026-10-05,M,mens-bestsellers,38,Conquer Max Mock Neck Full Zip - Anthracite,FLEECE/KNIT,FW,Men:Outerwear:Coverups:Pullovers,138.0,,False,1,https://cdn.shopify.com/s/files/1/2185/2813/files/M3262R_02125_b2_s1_a1_m243.jpg?v=1766553595,m3262r-conquer-max-mock-neck-full-zip-anthracite,b:1:Best Seller;BuilderDropzoneStyle:CNQR;BVCategory:Men;Color:Anthracite:Color;ColorGroup:Grey;Content:Builder;Fabric:Conquer;Filter:DisplaySize:3:Small;Filter:DisplaySize:4:Medium;Filter:DisplaySize
2026-10-05,M,mens-bestsellers,39,Double Take Short Sleeve - Navy,SHORTS/SKIRT,SS,Men:Tops:Short Sleeves,88.0,,False,1,https://cdn.shopify.com/s/files/1/2185/2813/files/M1224R_03842_b1_s1_a2_dFA26_m214.jpg?v=1787227126,m1224r-double-take-short-sleeve-navy,b:1:Best Seller;BuilderDropzoneStyle:DBLTK;BVCategory:Men;ChinaCatalog;Color:Navy:Color;ColorGroup:Blue;Content:Builder;FA26Drops-family;FA26MD2-family;Fabric:Double Take;Filter:DisplaySize:3:Small;Fi
2026-10-05,M,mens-bestsellers,40,Repetition Pant - Anthracite,ETC,UNTAGGED,Men:Bottoms:Pants,128.0,,False,1,https://cdn.shopify.com/s/files/1/2185/2813/files/M5230R_02125_b1_s1_a2_m198.jpg?v=1767028180,m5230r-repetition-pant-anthracite,b:1:Best Seller;BVCategory:Men;ChinaCatalog;Color:Anthracite:Color;ColorGroup:Grey;FA26MD4-Carryover;Filter:DisplaySize:3:Small;Filter:DisplaySize:4:Medium;Filter:DisplaySize:5:Large;Filter:DisplaySiz
2026-10-05,M,mens-bestsellers,41,Conquer Reform Long Sleeve With Hood - Black,TOP,SEASONLESS,Men:Tops:Long Sleeves,108.0,,False,1,https://cdn.shopify.com/s/files/1/2185/2813/files/M3199R_01_b1_s1_a4_dSP26_m243.jpg?v=1774388049,m3199r-conquer-reform-long-sleeve-with-hood-black,b:1:Best Seller;BuilderDropzoneStyle:CNQR;BVCategory:Men;ChinaCatalog;Color:Black:Color;ColorGroup:Black;Content:Builder;FA24MD3-FAMILY;Fabric:Conquer;Filter:DisplaySize:3:Small;Filter:DisplaySize:4:M
2026-10-05,M,mens-bestsellers,42,Double Take Short Sleeve - Bone,SHORTS/SKIRT,SS,Men:Tops:Short Sleeves,88.0,,False,1,https://cdn.shopify.com/s/files/1/2185/2813/files/M1224R_03040_b1_s1_a4_dFA26_m245.jpg?v=1789596772,m1224r-double-take-short-sleeve-bone,b:1:Best Seller;BuilderDropzoneStyle:DBLTK;BVCategory:Men;ChinaCatalog;Color:Bone:Color;ColorGroup:Beige;Content:Builder;Fabric:Double Take;Filter:DisplaySize:3:Small;Filter:DisplaySize:4:Medium;Filte
2026-10-05,M,mens-bestsellers,43,Takeaway Track Full Zip Jacket - Black,OUTERWEAR,FW,Men:Outerwear:Jackets,188.0,,False,1,https://cdn.shopify.com/s/files/1/2185/2813/files/M3334R_01_b2_s1_a1_dSU26_m243.png?v=1778242657,m3334r-takeaway-track-full-zip-jacket-black,b:1:Best Seller;BR:unisex;BVCategory:Men;Color:Black:Color;ColorGroup:Black;Filter:DisplaySize:3:Small;Filter:DisplaySize:4:Medium;Filter:DisplaySize:5:Large;Filter:DisplaySize:6:XL - 2XL;Filter:Size:
2026-10-05,M,mens-bestsellers,44,"7"" Repetition Short - Navy",SHORTS/SKIRT,SS,Men:Bottoms:Shorts,78.0,,False,1,https://cdn.shopify.com/s/files/1/2185/2813/files/M6095R_03842_b2_s1_a1_dFA26_m252_636cfd26-0929-4a9a-af5c-391f85495aa9.jpg?v=1788363628,m6154r-7-repetition-short-navy,b:1:Best Seller;BVCategory:Men;ChinaCatalog;Color:Navy:Color;ColorGroup:Blue;FA24;FA24Drops-family;FA26-JOEBLAUNCH;Filter:DisplaySize:3:Small;Filter:DisplaySize:4:Medium;Filter:DisplaySize:5:Large;Fil
2026-10-05,M,mens-bestsellers,45,Waffle Lounge Jogger - Black,BOTTOM-WARM,FW,Men:Bottoms:Pants,148.0,,False,1,https://cdn.shopify.com/s/files/1/2185/2813/files/M5246R_01_b1_s1_a2_m214.jpg?v=1763551727,m5246r-waffle-lounge-jogger-black,b:1:Best Seller;BVCategory:Men;ChinaCatalog;Color:Black:Color;ColorGroup:Black;FA26MD2-Carryover;Fabric:Waffle;Filter:DisplaySize:3:Small;Filter:DisplaySize:4:Medium;Filter:DisplaySize:5:Large;Filter:
2026-10-05,M,mens-bestsellers,46,Unisex Half-Crew Throwback Sock - White/Black,ACC,SEASONLESS,Accessories:Socks,34.0,,False,1,https://cdn.shopify.com/s/files/1/2185/2813/products/A0480U_0001_b1_a1.jpg?v=1669748933,a0480u-unisex-half-crew-throwback-sock-white-black,b:1:Best Seller;BVCategory:Socks;ChinaCatalog;Color:White:Color;ColorGroup:White;Filter:Size:L;Filter:Size:M;Filter:Size:S;Maintenance:ColorwayProduct;master-accessories-all;master-accessories-men;mas
2026-10-05,M,mens-bestsellers,47,Double Take Short Sleeve - White,SHORTS/SKIRT,SS,Men:Tops:Short Sleeves,88.0,,False,1,https://cdn.shopify.com/s/files/1/2185/2813/files/M1224R_05594_b1_s1_a1_m221.jpg?v=1761941985,m1224r-double-take-short-sleeve-white,b:1:Best Seller;bis-paused;BuilderDropzoneStyle:DBLTK;BVCategory:Men;ChinaCatalog;Color:White:Color;ColorGroup:White;Content:Builder;Fabric:Double Take;Filter:DisplaySize:3:Small;Filter:DisplaySize:4:
2026-10-05,M,mens-bestsellers,48,Double Take Hoodie - Espresso,FLEECE/KNIT,FW,Men:Outerwear:Coverups:Hoodies,128.0,,False,1,https://cdn.shopify.com/s/files/1/2185/2813/files/M3245R_04064_b2_s1_a1_1_m214.jpg?v=1761533672,m3245r-double-take-hoodie-espresso,b:1:Best Seller;BVCategory:Men;ChinaCatalog;Color:Espresso:Color;ColorGroup:Brown;FA26MD3-Carryover;Fabric:Double Take;Filter:DisplaySize:3:Small;Filter:DisplaySize:4:Medium;Filter:DisplaySize:5:Large
2026-10-05,M,mens-bestsellers,49,ALO Vapor Crewneck Short Sleeve - Black,SHORTS/SKIRT,SS,Men:Tops:Short Sleeves,68.0,,False,1,https://cdn.shopify.com/s/files/1/2185/2813/files/M1228R_01_b1_s1_a1_dFA26_m243.jpg?v=1789597443,m1228r-alo-vapor-crewneck-short-sleeve-black,b:1:Best Seller;BuilderDropzoneStyle:VAPR;BVCategory:Men;ChinaCatalog;Color:Black:Color;ColorGroup:Black;Content:Builder;FA25MBridge-family;Fabric:ALO Vapor;Filter:DisplaySize:3:Small;Filter:DisplaySi
2026-10-05,M,mens-bestsellers,50,Conquer Max Mock Neck Full Zip - Gravel,FLEECE/KNIT,FW,Men:Outerwear:Coverups:Pullovers,138.0,,False,1,https://cdn.shopify.com/s/files/1/2185/2813/files/M3262R_05438_b1_s1_a1_dSP26_m257.jpg?v=1770160181,m3262r-conquer-max-mock-neck-full-zip-gravel,b:1:Best Seller;BuilderDropzoneStyle:CNQR;BVCategory:Men;ChinaCatalog;Color:Gravel:Color;ColorGroup:Beige;Content:Builder;FA26MD3-Carryover;Fabric:Conquer;Filter:DisplaySize:3:Small;Filter:DisplaySize
